{"url": "https://kaken.nii.ac.jp/ja/grant/KAKENHI-PROJECT-16KK0009", "kaken_id": "16KK0009", "project_name": "Approximate\u30cd\u30c3\u30c8\u30ef\u30fc\u30af\u3068\u4e26\u5217\u30a2\u30eb\u30b4\u30ea\u30ba\u30e0\u306e\u5354\u8abf\uff08\u56fd\u969b\u5171\u540c\u7814\u7a76\u5f37\u5316\uff09", "grant_category": "\u56fd\u969b\u5171\u540c\u7814\u7a76\u52a0\u901f\u57fa\u91d1\uff08\u56fd\u969b\u5171\u540c\u7814\u7a76\u5f37\u5316\uff09", "fields": ["\u7dcf\u5408\u7cfb", "\u60c5\u5831\u5b66", "\u8a08\u7b97\u57fa\u76e4", "\u60c5\u5831\u30cd\u30c3\u30c8\u30ef\u30fc\u30af"], "keywords": ["\u30d5\u30a9\u30c8\u30cb\u30c3\u30af\u30cd\u30c3\u30c8\u30ef\u30fc\u30af", "\u76f8\u4e92\u7d50\u5408\u7db2", "\u8a08\u7b97\u6a5f\u30b7\u30b9\u30c6\u30e0", "\u30cf\u30a4\u30d1\u30d5\u30a9\u30fc\u30de\u30f3\u30b9\u30fb\u30b3\u30f3\u30d4\u30e5\u30fc\u30c6\u30a3\u30f3\u30b0", "Approximate Computing"], "budget": 8060000, "principal_investigator": {"affiliation": "\u56fd\u7acb\u60c5\u5831\u5b66\u7814\u7a76\u6240", "name": "\u9bc9\u6e15 \u9053\u7d18", "researcher_id": "40413926"}}