{"url": "https://kaken.nii.ac.jp/ja/grant/KAKENHI-PROJECT-16KK0002", "kaken_id": "16KK0002", "project_name": "\u30d3\u30b8\u30e5\u30a2\u30eb\u30de\u30c3\u30c1\u30f3\u30b0\u30a2\u30eb\u30b4\u30ea\u30ba\u30e0\u306e\u91cd\u70b9\u7684\u958b\u767a\uff08\u56fd\u969b\u5171\u540c\u7814\u7a76\u5f37\u5316\uff09", "grant_category": "\u56fd\u969b\u5171\u540c\u7814\u7a76\u52a0\u901f\u57fa\u91d1\uff08\u56fd\u969b\u5171\u540c\u7814\u7a76\u5f37\u5316\uff09", "fields": ["\u7dcf\u5408\u7cfb", "\u60c5\u5831\u5b66", "\u4eba\u9593\u60c5\u5831\u5b66", "\u77e5\u899a\u60c5\u5831\u51e6\u7406"], "keywords": ["\u30b3\u30f3\u30d4\u30e5\u30fc\u30bf\u30d3\u30b8\u30e7\u30f3"], "budget": 14040000, "principal_investigator": {"affiliation": "\u6771\u4eac\u5de5\u696d\u5927\u5b66", "name": "\u9ce5\u5c45 \u79cb\u5f66", "researcher_id": "20585179"}}