{"url": "https://kaken.nii.ac.jp/ja/grant/KAKENHI-PROJECT-17H07234", "kaken_id": "17H07234", "project_name": "\u300c\u8ab0\u304c\u8a71\u3057\u3066\u3044\u308b\u304b?\u300d\u3092\u8a8d\u8b58\u3059\u308b\u305f\u3081\u306e\u8133\u5185\u6a5f\u69cb\uff1a\u30d2\u30c8\u304a\u3088\u3073\u30cb\u30db\u30f3\u30b6\u30eb\u3092\u7528\u3044\u305f\u7814\u7a76", "grant_category": "\u7814\u7a76\u6d3b\u52d5\u30b9\u30bf\u30fc\u30c8\u652f\u63f4", "fields": ["\u7dcf\u5408\u7cfb", "\u60c5\u5831\u5b66", "\u4eba\u9593\u60c5\u5831\u5b66", "\u77e5\u899a\u60c5\u5831\u51e6\u7406"], "keywords": [], "budget": 2730000, "principal_investigator": {"affiliation": "\u540c\u5fd7\u793e\u5927\u5b66", "name": "\u53e4\u5c71 \u8cb4\u6587", "researcher_id": "20802268"}}