{"url": "https://kaken.nii.ac.jp/ja/grant/KAKENHI-PROJECT-17H01758", "kaken_id": "17H01758", "project_name": "\u8a8d\u77e5\u8ab2\u984c\u8a13\u7df4\u52b9\u679c\u306e\u6c4e\u5316\u3068\u81ea\u52d5\u8eca\u904b\u8ee2\u80fd\u529b\u5411\u4e0a\u306e\u8133\u6d3b\u52d5\u30c7\u30fc\u30bf\u306b\u3082\u3068\u3065\u304f\u4e88\u6e2c", "grant_category": "\u57fa\u76e4\u7814\u7a76(B)", "fields": ["\u7dcf\u5408\u7cfb", "\u60c5\u5831\u5b66", "\u4eba\u9593\u60c5\u5831\u5b66", "\u8a8d\u77e5\u79d1\u5b66"], "keywords": ["\u6c4e\u5316", "\u8996\u7a7a\u9593\u51e6\u7406", "\u975e\u4fb5\u8972\u8133\u6a5f\u80fd\u8a08\u6e2c", "\u8a13\u7df4"], "budget": 16770000, "principal_investigator": {"affiliation": "\u56fd\u7acb\u7814\u7a76\u958b\u767a\u6cd5\u4eba\u7523\u696d\u6280\u8853\u7dcf\u5408\u7814\u7a76\u6240", "name": "\u5ca9\u6728 \u76f4", "researcher_id": "70356525"}}