{"url": "https://kaken.nii.ac.jp/ja/grant/KAKENHI-PROJECT-17H01714", "kaken_id": "17H01714", "project_name": "\u6d88\u5316\u7ba1\u5185\u8996\u93e1\u753b\u50cf\u89e3\u6790\u306b\u3088\u308b\u5ba2\u89b3\u7684\u6307\u6a19\u306e\u69cb\u7bc9\u3068\u6c4e\u7528\u8a3a\u65ad\u652f\u63f4\u30b7\u30b9\u30c6\u30e0\u306e\u958b\u767a", "grant_category": "\u57fa\u76e4\u7814\u7a76(B)", "fields": ["\u7dcf\u5408\u7cfb", "\u60c5\u5831\u5b66", "\u8a08\u7b97\u57fa\u76e4", "\u8a08\u7b97\u6a5f\u30b7\u30b9\u30c6\u30e0"], "keywords": ["\u96c6\u7a4d\u56de\u8def", "\u30cf\u30fc\u30c9\u30fb\u30bd\u30d5\u30c8\u5354\u8abf\u8a2d\u8a08", "\u533b\u7528\u5fdc\u7528\u306e\u305f\u3081\u306e\u753b\u50cf\u8a3a\u65ad\u30b7\u30b9\u30c6\u30e0", "\u8a08\u7b97\u6a5f\u30b7\u30b9\u30c6\u30e0", "\u753b\u50cf\u8a8d\u8b58"], "budget": 18980000, "principal_investigator": {"affiliation": "\u5e83\u5cf6\u5927\u5b66", "name": "\u5c0f\u51fa \u54f2\u58eb", "researcher_id": "30243596"}}