{"url": "https://kaken.nii.ac.jp/ja/grant/KAKENHI-PROJECT-17H04681", "kaken_id": "17H04681", "project_name": "\u751f\u614b\u7cfb\u30e2\u30c7\u30eb\u306b\u57fa\u3065\u304f\u30aa\u30f3\u30e9\u30a4\u30f3\u793e\u4f1a\u6d3b\u52d5\u5206\u6790\u6280\u8853\u306e\u958b\u767a", "grant_category": "\u82e5\u624b\u7814\u7a76(A)", "fields": ["\u7dcf\u5408\u7cfb", "\u60c5\u5831\u5b66", "\u8a08\u7b97\u57fa\u76e4", "\u30de\u30eb\u30c1\u30e1\u30c7\u30a3\u30a2\u30fb\u30c7\u30fc\u30bf\u30d9\u30fc\u30b9"], "keywords": ["\u30c7\u30fc\u30bf\u30de\u30a4\u30cb\u30f3\u30b0", "\u5c06\u6765\u4e88\u6e2c", "\u6642\u7cfb\u5217\u30c7\u30fc\u30bf", "\u30d3\u30c3\u30b0\u30c7\u30fc\u30bf\u89e3\u6790", "Web"], "budget": 15080000, "principal_investigator": {"affiliation": "\u718a\u672c\u5927\u5b66", "name": "\u677e\u539f \u9756\u5b50", "researcher_id": "00721739"}}