{"url": "https://kaken.nii.ac.jp/ja/grant/KAKENHI-PROJECT-17H01693", "kaken_id": "17H01693", "project_name": "\u30d3\u30c3\u30b0\u30af\u30a8\u30ea\u30fc\u00d7\u30d3\u30c3\u30b0\u30c7\u30fc\u30bf\u691c\u7d22\u5b9f\u73fe\u306e\u305f\u3081\u306e\uff33\uff2d\uff21\uff24\u6280\u8853\u306e\u65b0\u5c55\u958b", "grant_category": "\u57fa\u76e4\u7814\u7a76(B)", "fields": ["\u7dcf\u5408\u7cfb", "\u60c5\u5831\u5b66", "\u60c5\u5831\u5b66\u57fa\u790e", "\u60c5\u5831\u5b66\u57fa\u790e\u7406\u8ad6"], "keywords": ["\u691c\u7d22\u6280\u8853", "\u30d3\u30c3\u30b0\u30af\u30a8\u30ea\u30fc", "\u30d3\u30c3\u30b0\u30c7\u30fc\u30bf", "\uff33\uff2d\uff21\uff24", "\u30a2\u30eb\u30b4\u30ea\u30ba\u30e0"], "budget": 11570000, "principal_investigator": {"affiliation": "\u6771\u4eac\u5927\u5b66", "name": "\u6e0b\u8c37 \u54f2\u6717", "researcher_id": "60396893"}}