{"url": "https://kaken.nii.ac.jp/ja/grant/KAKENHI-PROJECT-17H01754", "kaken_id": "17H01754", "project_name": "\u76ae\u8cea\u306b\u304a\u3051\u308b\u5f62\u72b6\u8868\u73fe\u306e\u5f62\u6210 \uff0d \u56f3\u5730\u5206\u96e2\u3068\u7269\u4f53\u306e\u4e2d\u9593\u8868\u73fe", "grant_category": "\u57fa\u76e4\u7814\u7a76(B)", "fields": ["\u7dcf\u5408\u7cfb", "\u60c5\u5831\u5b66", "\u4eba\u9593\u60c5\u5831\u5b66", "\u8a8d\u77e5\u79d1\u5b66"], "keywords": ["\u795e\u7d4c\u79d1\u5b66", "\u5b9f\u9a13\u7cfb\u5fc3\u7406\u5b66", "\u60c5\u5831\u5de5\u5b66", "\u8a8d\u77e5\u79d1\u5b66"], "budget": 17680000, "principal_investigator": {"affiliation": "\u7b51\u6ce2\u5927\u5b66", "name": "\u9152\u4e95 \u5b8f", "researcher_id": "80281666"}}