{"url": "https://kaken.nii.ac.jp/ja/grant/KAKENHI-PROJECT-17H07243", "kaken_id": "17H07243", "project_name": "\u8d85\u89e3\u50cf\u4f4d\u76f8\u30a2\u30f3\u30e9\u30c3\u30d7\u6cd5\u306e\u9ad8\u7cbe\u5ea6\u5316\u304a\u3088\u3073\u9ad8\u901f\u5316\u306b\u95a2\u3059\u308b\u7814\u7a76", "grant_category": "\u7814\u7a76\u6d3b\u52d5\u30b9\u30bf\u30fc\u30c8\u652f\u63f4", "fields": ["\u7dcf\u5408\u7cfb", "\u60c5\u5831\u5b66", "\u4eba\u9593\u60c5\u5831\u5b66", "\u30bd\u30d5\u30c8\u30b3\u30f3\u30d4\u30e5\u30fc\u30c6\u30a3\u30f3\u30b0"], "keywords": [], "budget": 2990000, "principal_investigator": {"affiliation": "\u7acb\u547d\u9928\u5927\u5b66", "name": "\u5317\u539f \u5927\u5730", "researcher_id": "20802094"}}