{"url": "https://kaken.nii.ac.jp/ja/grant/KAKENHI-PROJECT-17H00752", "kaken_id": "17H00752", "project_name": "\u30d1\u30fc\u30bd\u30ca\u30eb\u30d5\u30a1\u30d6\u30ea\u30b1\u30fc\u30b7\u30e7\u30f3\u6642\u4ee3\u306e\u305f\u3081\u306e\u5bfe\u8a71\u7684\u5b9f\u4e16\u754c\u5f62\u72b6\u51e6\u7406\u6280\u8853", "grant_category": "\u57fa\u76e4\u7814\u7a76(A)", "fields": ["\u7dcf\u5408\u7cfb", "\u60c5\u5831\u5b66", "\u4eba\u9593\u60c5\u5831\u5b66", "\u30d2\u30e5\u30fc\u30de\u30f3\u30a4\u30f3\u30bf\u30d5\u30a7\u30fc\u30b9\u30fb\u30a4\u30f3\u30bf\u30e9\u30af\u30b7\u30e7\u30f3"], "keywords": ["\u30b3\u30f3\u30d4\u30e5\u30fc\u30bf\u30b0\u30e9\u30d5\u30a3\u30af\u30b9", "\u30d5\u30a1\u30d6\u30ea\u30b1\u30fc\u30b7\u30e7\u30f3"], "budget": 45240000, "principal_investigator": {"affiliation": "\u6771\u4eac\u5927\u5b66", "name": "\u4e94\u5341\u5d50 \u5065\u592b", "researcher_id": "80345123"}}