{"url": "https://kaken.nii.ac.jp/ja/grant/KAKENHI-PROJECT-17H01728", "kaken_id": "17H01728", "project_name": "\u975e\u5e38\u6642\u306b\u304a\u3051\u308b\u97f3\u58f0\u901a\u8a71\u53ce\u5bb9\u52b9\u7387\u5411\u4e0a\u3092\u5b9f\u73fe\u3059\u308b\u65b0\u3057\u3044\u901a\u4fe1\u53d7\u4ed8\u5236\u5fa1\u65b9\u5f0f", "grant_category": "\u57fa\u76e4\u7814\u7a76(B)", "fields": ["\u7dcf\u5408\u7cfb", "\u60c5\u5831\u5b66", "\u8a08\u7b97\u57fa\u76e4", "\u60c5\u5831\u30cd\u30c3\u30c8\u30ef\u30fc\u30af"], "keywords": ["\u30c8\u30e9\u30d2\u30c3\u30af\u30a8\u30f3\u30b8\u30cb\u30a2\u30ea\u30f3\u30b0"], "budget": 18590000, "principal_investigator": {"affiliation": "\u6771\u4eac\u5de5\u696d\u5927\u5b66", "name": "\u5c71\u5ca1 \u514b\u5f0f", "researcher_id": "90262279"}}