{"url": "https://kaken.nii.ac.jp/ja/grant/KAKENHI-PROJECT-17H01729", "kaken_id": "17H01729", "project_name": "\u30ec\u30b8\u30ea\u30a8\u30f3\u30c8\u306a\u81ea\u5df1\u7d44\u7e54\u5316\u30fb\u81ea\u5df1\u4fee\u5fa9\u30cd\u30c3\u30c8\u30ef\u30fc\u30af\u306e\u8a2d\u8a08\u30fb\u62e1\u5f35\u3068\u8cc7\u6e90\u914d\u5206", "grant_category": "\u57fa\u76e4\u7814\u7a76(B)", "fields": ["\u7dcf\u5408\u7cfb", "\u60c5\u5831\u5b66", "\u8a08\u7b97\u57fa\u76e4", "\u60c5\u5831\u30cd\u30c3\u30c8\u30ef\u30fc\u30af"], "keywords": ["\u81ea\u5df1\u4fee\u5fa9", "\u81ea\u5df1\u7d44\u7e54\u5316", "\u30cd\u30c3\u30c8\u30ef\u30fc\u30af\u79d1\u5b66", "\u5206\u6563\u51e6\u7406", "\u8cc7\u6e90\u914d\u5206"], "budget": 9360000, "principal_investigator": {"affiliation": "\u5317\u9678\u5148\u7aef\u79d1\u5b66\u6280\u8853\u5927\u5b66\u9662\u5927\u5b66", "name": "\u6797 \u5e78\u96c4", "researcher_id": "70293397"}}