{"url": "https://kaken.nii.ac.jp/ja/grant/KAKENHI-PROJECT-17H01698", "kaken_id": "17H01698", "project_name": "\u5c40\u6240\u63a2\u7d22\u578b\u8a08\u7b97\u306e\u30d1\u30e9\u30e1\u30fc\u30bf\u5316\u8a08\u7b97\u91cf\u7406\u8ad6", "grant_category": "\u57fa\u76e4\u7814\u7a76(B)", "fields": ["\u7dcf\u5408\u7cfb", "\u60c5\u5831\u5b66", "\u60c5\u5831\u5b66\u57fa\u790e", "\u60c5\u5831\u5b66\u57fa\u790e\u7406\u8ad6"], "keywords": ["\u30e1\u30bf\u6226\u7565", "\u5c40\u6240\u63a2\u7d22\u6cd5", "\u7d44\u5408\u305b\u6700\u9069\u5316", "\u30d1\u30e9\u30e1\u30fc\u30bf\u5316\u8a08\u7b97\u91cf", "\u30a2\u30eb\u30b4\u30ea\u30ba\u30e0"], "budget": 9620000, "principal_investigator": {"affiliation": "\u540d\u53e4\u5c4b\u5927\u5b66", "name": "\u5c0f\u91ce \u5ee3\u9686", "researcher_id": "00346826"}}