{"url": "https://kaken.nii.ac.jp/ja/grant/KAKENHI-PROJECT-17H01830", "kaken_id": "17H01830", "project_name": "\u30ca\u30b2\u30c3\u30c8\u306b\u57fa\u3065\u304f\u30bf\u30b9\u30af\u6307\u5411\u5bfe\u8a71\u306e\u81ea\u52d5\u8a55\u4fa1\u306b\u95a2\u3059\u308b\u7814\u7a76", "grant_category": "\u57fa\u76e4\u7814\u7a76(B)", "fields": ["\u7dcf\u5408\u7cfb", "\u60c5\u5831\u5b66", "\u60c5\u5831\u5b66\u30d5\u30ed\u30f3\u30c6\u30a3\u30a2", "\u56f3\u66f8\u9928\u60c5\u5831\u5b66\u30fb\u4eba\u6587\u793e\u4f1a\u60c5\u5831\u5b66"], "keywords": ["\u4eba\u5de5\u77e5\u80fd"], "budget": 14690000, "principal_investigator": {"affiliation": "\u65e9\u7a32\u7530\u5927\u5b66", "name": "\u9152\u4e95 \u54f2\u4e5f", "researcher_id": "80723519"}}