{"url": "https://kaken.nii.ac.jp/ja/grant/KAKENHI-PROJECT-17H00732", "kaken_id": "17H00732", "project_name": "\u3057\u306a\u3084\u304b\u306a\u30b7\u30b9\u30c6\u30e0\u3092\u5b9f\u73fe\u3059\u308b\u30de\u30eb\u30c1\u30d3\u30e5\u30fc\u5b9f\u884c\u6642\u30e2\u30c7\u30eb\u30d5\u30ec\u30fc\u30e0\u30ef\u30fc\u30af", "grant_category": "\u57fa\u76e4\u7814\u7a76(A)", "fields": ["\u7dcf\u5408\u7cfb", "\u60c5\u5831\u5b66", "\u8a08\u7b97\u57fa\u76e4", "\u30bd\u30d5\u30c8\u30a6\u30a7\u30a2"], "keywords": ["\u5b9f\u884c\u6642\u30e2\u30c7\u30eb", "\u81ea\u5df1\u9069\u5fdc\u30bd\u30d5\u30c8\u30a6\u30a7\u30a2"], "budget": 43940000, "principal_investigator": {"affiliation": "\u56fd\u7acb\u60c5\u5831\u5b66\u7814\u7a76\u6240", "name": "\u672c\u4f4d\u7530 \u771f\u4e00", "researcher_id": "70332153"}}