{"url": "https://kaken.nii.ac.jp/ja/grant/KAKENHI-PROJECT-17H01725", "kaken_id": "17H01725", "project_name": "\u30bd\u30d5\u30c8\u30a6\u30a7\u30a2\u54c1\u8cea\u306b\u60aa\u5f71\u97ff\u3092\u4e0e\u3048\u3046\u308b\u30b3\u30fc\u30c9\u30af\u30ed\u30fc\u30f3\u306e\u53d6\u5f97", "grant_category": "\u57fa\u76e4\u7814\u7a76(B)", "fields": ["\u7dcf\u5408\u7cfb", "\u60c5\u5831\u5b66", "\u8a08\u7b97\u57fa\u76e4", "\u30bd\u30d5\u30c8\u30a6\u30a7\u30a2"], "keywords": ["\u30bd\u30fc\u30b9\u30b3\u30fc\u30c9\u89e3\u6790", "\u30ea\u30dd\u30b8\u30c8\u30ea\u30de\u30a4\u30cb\u30f3\u30b0", "\u30b3\u30fc\u30c9\u30af\u30ed\u30fc\u30f3"], "budget": 7150000, "principal_investigator": {"affiliation": "\u5927\u962a\u5927\u5b66", "name": "\u80a5\u5f8c \u82b3\u6a39", "researcher_id": "70452414"}}