{"url": "https://kaken.nii.ac.jp/ja/grant/KAKENHI-PROJECT-17H01724", "kaken_id": "17H01724", "project_name": "\u30af\u30e9\u30b9\u7406\u8ad6\u306b\u57fa\u3065\u304f\u81ea\u5df1\u62e1\u5f35\u53ef\u80fd\u306a\u30bd\u30d5\u30c8\u30a6\u30a7\u30a2\u691c\u8a3c\u4f53\u7cfb\u306e\u6df1\u5316", "grant_category": "\u57fa\u76e4\u7814\u7a76(B)", "fields": ["\u7dcf\u5408\u7cfb", "\u60c5\u5831\u5b66", "\u8a08\u7b97\u57fa\u76e4", "\u30bd\u30d5\u30c8\u30a6\u30a7\u30a2"], "keywords": ["\u578b\u7406\u8ad6", "\u8a3c\u660e\u652f\u63f4\u7cfb", "\u4ed5\u69d8\u8a18\u8ff0\u30fb\u691c\u8a3c", "\u30bd\u30d5\u30c8\u30a6\u30a7\u30a2\u306e\u5b89\u5168\u6027"], "budget": 18200000, "principal_investigator": {"affiliation": "\u4eac\u90fd\u5927\u5b66", "name": "\u4f50\u85e4 \u96c5\u5f66", "researcher_id": "20027387"}}