{"url": "https://kaken.nii.ac.jp/ja/grant/KAKENHI-PROJECT-17H00742", "kaken_id": "17H00742", "project_name": "\u8996\u899a\u4e16\u754c\u5b89\u5b9a\u5316\u306e\u795e\u7d4c\u6a5f\u69cb\u2015\u6954\u524d\u90e8\u4eee\u8aac\u306e\u691c\u8a3c", "grant_category": "\u57fa\u76e4\u7814\u7a76(A)", "fields": ["\u7dcf\u5408\u7cfb", "\u60c5\u5831\u5b66", "\u4eba\u9593\u60c5\u5831\u5b66", "\u8a8d\u77e5\u79d1\u5b66"], "keywords": ["\u5916\u90e8\u5ea7\u6a19\u7cfb", "\u8996\u899a\u5b89\u5b9a\u6027", "\u6954\u524d\u90e8"], "budget": 44850000, "principal_investigator": {"affiliation": "\u5927\u962a\u5927\u5b66", "name": "\u5317\u6fa4 \u8302", "researcher_id": "00251231"}}