{"url": "https://kaken.nii.ac.jp/ja/grant/KAKENHI-PROJECT-17H06673", "kaken_id": "17H06673", "project_name": "\u5bfe\u4eba\u540c\u671f\u904b\u52d5\u6642\u306b\u304a\u3051\u308b\u81ea\u5df1\u5883\u754c\u306e\u62e1\u5f35\u306b\u95a2\u3059\u308b\u7814\u7a76", "grant_category": "\u7814\u7a76\u6d3b\u52d5\u30b9\u30bf\u30fc\u30c8\u652f\u63f4", "fields": ["\u7dcf\u5408\u7cfb", "\u60c5\u5831\u5b66", "\u4eba\u9593\u60c5\u5831\u5b66", "\u611f\u6027\u60c5\u5831\u5b66"], "keywords": [], "budget": 2600000, "principal_investigator": {"affiliation": "\u6771\u4eac\u5de5\u696d\u5927\u5b66", "name": "\u30ab\u30af \u5de7", "researcher_id": "80802701"}}