{"url": "https://kaken.nii.ac.jp/ja/grant/KAKENHI-PROJECT-17H00753", "kaken_id": "17H00753", "project_name": "\u30af\u30ed\u30b9\u30e2\u30fc\u30c0\u30eb\u904e\u7a0b\u306b\u3088\u308b\u884c\u52d5\u5909\u5bb9\u306e\u7814\u7a76", "grant_category": "\u57fa\u76e4\u7814\u7a76(A)", "fields": ["\u7dcf\u5408\u7cfb", "\u60c5\u5831\u5b66", "\u4eba\u9593\u60c5\u5831\u5b66", "\u30d2\u30e5\u30fc\u30de\u30f3\u30a4\u30f3\u30bf\u30d5\u30a7\u30fc\u30b9\u30fb\u30a4\u30f3\u30bf\u30e9\u30af\u30b7\u30e7\u30f3"], "keywords": ["\u884c\u52d5\u5909\u5bb9", "\u30af\u30ed\u30b9\u30e2\u30fc\u30c0\u30eb", "\u62e1\u5f35\u73fe\u5b9f"], "budget": 44720000, "principal_investigator": {"affiliation": "\u65e9\u7a32\u7530\u5927\u5b66", "name": "\u6e21\u908a \u514b\u5df3", "researcher_id": "20373409"}}