{"url": "https://kaken.nii.ac.jp/ja/grant/KAKENHI-PROJECT-17H01837", "kaken_id": "17H01837", "project_name": "\u81ea\u52d5\u53ce\u96c6\u3057\u305f\u5927\u91cf\u306e\u30b7\u30e9\u30d0\u30b9\u60c5\u5831\u3092\u7528\u3044\u305f\u30ab\u30ea\u30ad\u30e5\u30e9\u30e0\u306e\u5b9a\u91cf\u7684\u5206\u6790\u3068\u305d\u306e\u5fdc\u7528", "grant_category": "\u57fa\u76e4\u7814\u7a76(B)", "fields": ["\u7dcf\u5408\u7cfb", "\u60c5\u5831\u5b66", "\u60c5\u5831\u5b66\u30d5\u30ed\u30f3\u30c6\u30a3\u30a2", "\u5b66\u7fd2\u652f\u63f4\u30b7\u30b9\u30c6\u30e0"], "keywords": ["\u30af\u30ed\u30fc\u30e9", "\u30ab\u30ea\u30ad\u30e5\u30e9\u30e0", "\u30b7\u30e9\u30d0\u30b9"], "budget": 10270000, "principal_investigator": {"affiliation": "\u6771\u4eac\u5927\u5b66", "name": "\u95a2\u8c37 \u8cb4\u4e4b", "researcher_id": "70323508"}}