{"url": "https://kaken.nii.ac.jp/ja/grant/KAKENHI-PROJECT-17H01745", "kaken_id": "17H01745", "project_name": "\u81ea\u52d5\u98df\u4e8b\u8a3a\u65ad\u5b9f\u73fe\u306e\u305f\u3081\u306e\u6df1\u5c64\u5b66\u7fd2\u3068Web\u77e5\u8b58\u3092\u7528\u3044\u305f\u98df\u4e8b\u5199\u771f\u30ab\u30ed\u30ea\u30fc\u91cf\u63a8\u5b9a", "grant_category": "\u57fa\u76e4\u7814\u7a76(B)", "fields": ["\u7dcf\u5408\u7cfb", "\u60c5\u5831\u5b66", "\u8a08\u7b97\u57fa\u76e4", "\u30de\u30eb\u30c1\u30e1\u30c7\u30a3\u30a2\u30fb\u30c7\u30fc\u30bf\u30d9\u30fc\u30b9"], "keywords": ["\u6df1\u5c64\u5b66\u7fd2", "\u30ab\u30ed\u30ea\u30fc\u91cf\u63a8\u5b9a", "\u98df\u4e8b\u753b\u50cf\u8a8d\u8b58"], "budget": 18850000, "principal_investigator": {"affiliation": "\u96fb\u6c17\u901a\u4fe1\u5927\u5b66", "name": "\u67f3\u4e95 \u5553\u53f8", "researcher_id": "20301179"}}