{"url": "https://kaken.nii.ac.jp/ja/grant/KAKENHI-PROJECT-17H01704", "kaken_id": "17H01704", "project_name": "\u30c7\u30fc\u30bf\u99c6\u52d5\u578b\u30b7\u30df\u30e5\u30ec\u30fc\u30bf\u306b\u57fa\u3065\u304f\u81ea\u7136\u707d\u5bb3\u30ea\u30b9\u30af\u89e3\u6790\u6280\u8853\u306e\u958b\u767a", "grant_category": "\u57fa\u76e4\u7814\u7a76(B)", "fields": ["\u7dcf\u5408\u7cfb", "\u60c5\u5831\u5b66", "\u60c5\u5831\u5b66\u57fa\u790e", "\u7d71\u8a08\u79d1\u5b66"], "keywords": ["\u6642\u7a7a\u9593\u7d71\u8a08", "\u5730\u9707\u52d5", "\u81ea\u7136\u707d\u5bb3", "\u53f0\u98a8", "\u30ea\u30b9\u30af\u89e3\u6790"], "budget": 11440000, "principal_investigator": {"affiliation": "\u7d71\u8a08\u6570\u7406\u7814\u7a76\u6240", "name": "\u4e2d\u91ce \u614e\u4e5f", "researcher_id": "40378576"}}