{"url": "https://kaken.nii.ac.jp/ja/grant/KAKENHI-PROJECT-17H01791", "kaken_id": "17H01791", "project_name": "\u30b9\u30c8\u30ea\u30fc\u30e0\u30c7\u30fc\u30bf\u3092\u77e5\u8b58\u5316\u3059\u308b\u5727\u7e2e\u60c5\u5831\u51e6\u7406\u57fa\u76e4\u306e\u958b\u767a", "grant_category": "\u57fa\u76e4\u7814\u7a76(B)", "fields": ["\u7dcf\u5408\u7cfb", "\u60c5\u5831\u5b66", "\u4eba\u9593\u60c5\u5831\u5b66", "\u77e5\u80fd\u60c5\u5831\u5b66"], "keywords": ["\u77e5\u80fd\u60c5\u5831\u51e6\u7406", "\u30b9\u30c8\u30ea\u30fc\u30e0\u30c7\u30fc\u30bf\u5727\u7e2e", "\u77e5\u8b58\u767a\u898b"], "budget": 17420000, "principal_investigator": {"affiliation": "\u4e5d\u5dde\u5de5\u696d\u5927\u5b66", "name": "\u5742\u672c \u6bd4\u5442\u5fd7", "researcher_id": "50315123"}}