{"url": "https://kaken.nii.ac.jp/ja/grant/KAKENHI-PROJECT-17H01705", "kaken_id": "17H01705", "project_name": "\u5730\u7403\u6e29\u6696\u5316\u5bfe\u7b56\u306e\u305f\u3081\u306e\u5730\u8868\u9762\u6e29\u5ea6\u306e\u6642\u7a7a\u9593\u89e3\u6790\u306e\u9ad8\u5ea6\u5316", "grant_category": "\u57fa\u76e4\u7814\u7a76(B)", "fields": ["\u7dcf\u5408\u7cfb", "\u60c5\u5831\u5b66", "\u60c5\u5831\u5b66\u57fa\u790e", "\u7d71\u8a08\u79d1\u5b66"], "keywords": ["\u6642\u7a7a\u9593\u89e3\u6790", "\u7a7a\u9593\u30fb\u74b0\u5883\u7d71\u8a08"], "budget": 15990000, "principal_investigator": {"affiliation": "\u7d71\u8a08\u6570\u7406\u7814\u7a76\u6240", "name": "\u677e\u4e95 \u77e5\u5b50", "researcher_id": "10370090"}}