{"url": "https://kaken.nii.ac.jp/ja/grant/KAKENHI-PROJECT-17H01769", "kaken_id": "17H01769", "project_name": "\u975e\u4fb5\u8972\u30fb\u65b0\u578b\u4eba\u5de5\u5185\u8033\u306e\u958b\u767a", "grant_category": "\u57fa\u76e4\u7814\u7a76(B)", "fields": ["\u7dcf\u5408\u7cfb", "\u60c5\u5831\u5b66", "\u4eba\u9593\u60c5\u5831\u5b66", "\u77e5\u899a\u60c5\u5831\u51e6\u7406"], "keywords": ["\u88dc\u8074\u5668", "\u4eba\u5de5\u5185\u8033", "\u8fd1\u8d64\u5916\u30ec\u30fc\u30b6\u30fc"], "budget": 17160000, "principal_investigator": {"affiliation": "\u540c\u5fd7\u793e\u5927\u5b66", "name": "\u5c0f\u6797 \u8015\u592a", "researcher_id": "40512736"}}