{"url": "https://kaken.nii.ac.jp/ja/grant/KAKENHI-PROJECT-17H04687", "kaken_id": "17H04687", "project_name": "\u52a3\u60aa\u74b0\u5883\u306b\u9811\u5065\u306a\u58f0\u306e\u30c7\u30b8\u30bf\u30eb\u30af\u30ed\u30fc\u30f3\u6280\u8853\u306e\u78ba\u7acb\u3068\u305d\u306e\u5fdc\u7528", "grant_category": "\u82e5\u624b\u7814\u7a76(A)", "fields": ["\u7dcf\u5408\u7cfb", "\u60c5\u5831\u5b66", "\u4eba\u9593\u60c5\u5831\u5b66", "\u77e5\u899a\u60c5\u5831\u51e6\u7406"], "keywords": ["\u97f3\u58f0\u5408\u6210", "\u8a71\u8005\u9069\u5fdc", "\u30c7\u30b8\u30bf\u30eb\u30af\u30ed\u30fc\u30f3", "\u30c7\u30a3\u30fc\u30d7\u30e9\u30fc\u30cb\u30f3\u30b0"], "budget": 21710000, "principal_investigator": {"affiliation": "\u56fd\u7acb\u60c5\u5831\u5b66\u7814\u7a76\u6240", "name": "\u5c71\u5cb8 \u9806\u4e00", "researcher_id": "70709352"}}