{"url": "https://kaken.nii.ac.jp/ja/grant/KAKENHI-PROJECT-17H00738", "kaken_id": "17H00738", "project_name": "\u30b3\u30f3\u30d4\u30e5\u30c6\u30fc\u30b7\u30e7\u30ca\u30eb\u30fb\u30aa\u30d7\u30b5\u30eb\u30e2\u30ed\u30b8\u30fc\uff1aAR\u3092\u7528\u3044\u305f\u8996\u899a\u969c\u5bb3\u8005\u306e\u8996\u529b\u306e\u9069\u5fdc\u7684\u5897\u5f37", "grant_category": "\u57fa\u76e4\u7814\u7a76(A)", "fields": ["\u7dcf\u5408\u7cfb", "\u60c5\u5831\u5b66", "\u8a08\u7b97\u57fa\u76e4", "\u9ad8\u6027\u80fd\u8a08\u7b97"], "keywords": ["\u9069\u5fdc\u7684\u8996\u529b\u5897\u5f37", "\u62e1\u5f35\u73fe\u5b9f\u6280\u8853"], "budget": 44850000, "principal_investigator": {"affiliation": "\u5c71\u68a8\u5927\u5b66", "name": "\u8305 \u6681\u967d", "researcher_id": "20283195"}}