{"url": "https://kaken.nii.ac.jp/ja/grant/KAKENHI-PROJECT-17H01718", "kaken_id": "17H01718", "project_name": "\u9ad8\u7cbe\u5ea6\u306a\u30a2\u30af\u30bb\u30b9\u30d1\u30bf\u30fc\u30f3\u4e88\u6e2c\u306b\u57fa\u3065\u304f\u7701\u96fb\u529b\u5927\u5bb9\u91cf\u30b9\u30c8\u30ec\u30fc\u30b8\u30b7\u30b9\u30c6\u30e0\u306b\u95a2\u3059\u308b\u7814\u7a76", "grant_category": "\u57fa\u76e4\u7814\u7a76(B)", "fields": ["\u7dcf\u5408\u7cfb", "\u60c5\u5831\u5b66", "\u8a08\u7b97\u57fa\u76e4", "\u30bd\u30d5\u30c8\u30a6\u30a7\u30a2"], "keywords": ["\u30b9\u30c8\u30ec\u30fc\u30b8\u30b7\u30b9\u30c6\u30e0", "\u6a5f\u68b0\u5b66\u7fd2", "\u30a2\u30af\u30bb\u30b9\u30d1\u30bf\u30fc\u30f3\u4e88\u6e2c", "\u30c7\u30fc\u30bf\u30bb\u30f3\u30bf\u30fc", "\u7701\u96fb\u529b"], "budget": 18980000, "principal_investigator": {"affiliation": "\u7b51\u6ce2\u5927\u5b66", "name": "\u52a0\u85e4 \u548c\u5f66", "researcher_id": "90224493"}}