{"url": "https://kaken.nii.ac.jp/ja/grant/KAKENHI-PROJECT-17H01786", "kaken_id": "17H01786", "project_name": "\u30cb\u30e5\u30fc\u30e9\u30eb\u30e2\u30c7\u30eb\u3068\u96e2\u6563\u6700\u9069\u5316\u6280\u8853\u3092\u7528\u3044\u305f\u9ad8\u54c1\u8cea\u306a\u8981\u7d04\u4f5c\u6210", "grant_category": "\u57fa\u76e4\u7814\u7a76(B)", "fields": ["\u7dcf\u5408\u7cfb", "\u60c5\u5831\u5b66", "\u4eba\u9593\u60c5\u5831\u5b66", "\u77e5\u80fd\u60c5\u5831\u5b66"], "keywords": ["\u6df1\u5c64\u5b66\u7fd2", "\u96e2\u6563\u6700\u9069\u5316", "\u81ea\u7136\u8a00\u8a9e\u51e6\u7406", "\u30c6\u30ad\u30b9\u30c8\u8981\u7d04"], "budget": 17550000, "principal_investigator": {"affiliation": "\u6771\u4eac\u5de5\u696d\u5927\u5b66", "name": "\u5965\u6751 \u5b66", "researcher_id": "60214079"}}