{"url": "https://kaken.nii.ac.jp/ja/grant/KAKENHI-PROJECT-17H04690", "kaken_id": "17H04690", "project_name": "\u7d4c\u76ae\u96fb\u6c17\u523a\u6fc0\u306b\u3088\u308b\u982d\u90e8\u672b\u68a2\u795e\u7d4c\u7cfb\u3078\u306e\u523a\u6fc0\u3092\u5229\u7528\u3057\u305f\u591a\u611f\u899a\u63d0\u793a\u30a4\u30f3\u30bf\u30d5\u30a7\u30fc\u30b9", "grant_category": "\u82e5\u624b\u7814\u7a76(A)", "fields": ["\u7dcf\u5408\u7cfb", "\u60c5\u5831\u5b66", "\u4eba\u9593\u60c5\u5831\u5b66", "\u30d2\u30e5\u30fc\u30de\u30f3\u30a4\u30f3\u30bf\u30d5\u30a7\u30fc\u30b9\u30fb\u30a4\u30f3\u30bf\u30e9\u30af\u30b7\u30e7\u30f3"], "keywords": ["\u611f\u899a\u63d0\u793a\u30c7\u30a3\u30b9\u30d7\u30ec\u30a4", "\u795e\u7d4c\u523a\u6fc0", "\u60c5\u52d5", "\u7d4c\u76ae\u96fb\u6c17\u523a\u6fc0"], "budget": 17290000, "principal_investigator": {"affiliation": "\u660e\u6cbb\u5927\u5b66", "name": "\u9752\u5c71 \u4e00\u771f", "researcher_id": "60783686"}}