{"url": "https://kaken.nii.ac.jp/ja/grant/KAKENHI-PROJECT-17H00728", "kaken_id": "17H00728", "project_name": "\u7d50\u5408\u30c7\u30fc\u30bf\u540c\u5316\u30b7\u30b9\u30c6\u30e0\u958b\u767a\u306e\u65b9\u6cd5\u3068\u5fdc\u7528", "grant_category": "\u57fa\u76e4\u7814\u7a76(A)", "fields": ["\u7dcf\u5408\u7cfb", "\u60c5\u5831\u5b66", "\u60c5\u5831\u5b66\u57fa\u790e", "\u7d71\u8a08\u79d1\u5b66"], "keywords": ["\u7d50\u5408\u30e2\u30c7\u30eb", "\u30c7\u30fc\u30bf\u540c\u5316", "\u30b8\u30aa\u30b9\u30da\u30fc\u30b9", "\u5927\u6c17\u6d77\u6d0b"], "budget": 40040000, "principal_investigator": {"affiliation": "\u7d71\u8a08\u6570\u7406\u7814\u7a76\u6240", "name": "\u4e0a\u91ce \u7384\u592a", "researcher_id": "40370093"}}