{"url": "https://kaken.nii.ac.jp/ja/grant/KAKENHI-PROJECT-17H01796", "kaken_id": "17H01796", "project_name": "\u30a6\u30a7\u30c3\u30c8\uff27\uff21\u578b\u9ad8\u5ea6\u4e26\u5217\u9032\u5316\u8a08\u7b97\u306b\u3088\u308b\u4eba\u5de5\u907a\u4f1d\u5b50\u56de\u8def\u304a\u3088\u3073\u5fae\u751f\u7269\u30cd\u30c3\u30c8\u30ef\u30fc\u30af\u306e\u8a2d\u8a08", "grant_category": "\u57fa\u76e4\u7814\u7a76(B)", "fields": ["\u7dcf\u5408\u7cfb", "\u60c5\u5831\u5b66", "\u4eba\u9593\u60c5\u5831\u5b66", "\u30bd\u30d5\u30c8\u30b3\u30f3\u30d4\u30e5\u30fc\u30c6\u30a3\u30f3\u30b0"], "keywords": ["\u4eba\u5de5\u907a\u4f1d\u5b50\u56de\u8def", "\u30a6\u30a7\u30c3\u30c8GA", "\u5fae\u751f\u7269\u751f\u614b\u7cfb", "\u81ea\u7136\u8a08\u7b97", "\u9ad8\u5ea6\u4e26\u5217\u9032\u5316\u8a08\u7b97"], "budget": 17810000, "principal_investigator": {"affiliation": "\u6771\u4eac\u5de5\u696d\u5927\u5b66", "name": "\u5c71\u6751 \u96c5\u5e78", "researcher_id": "00220442"}}