{"url": "https://kaken.nii.ac.jp/ja/grant/KAKENHI-PROJECT-17H01768", "kaken_id": "17H01768", "project_name": "\u683d\u57f9\u6642\u8fb2\u696d\u60c5\u5831\u306e\u878d\u5408\u306e\u305f\u3081\u306e\u690d\u7269\u30e2\u30c7\u30eb\u69cb\u7bc9", "grant_category": "\u57fa\u76e4\u7814\u7a76(B)", "fields": ["\u7dcf\u5408\u7cfb", "\u60c5\u5831\u5b66", "\u4eba\u9593\u60c5\u5831\u5b66", "\u77e5\u899a\u60c5\u5831\u51e6\u7406"], "keywords": ["\u30bb\u30f3\u30b5\u878d\u5408", "\u8fb2\u696d\u60c5\u5831\u5b66", "\u30e6\u30fc\u30b6\u30a4\u30f3\u30bf\u30d5\u30a7\u30fc\u30b9"], "budget": 17550000, "principal_investigator": {"affiliation": "\u9577\u5d0e\u770c\u7acb\u5927\u5b66", "name": "\u6709\u7530 \u5927\u4f5c", "researcher_id": "70304756"}}