{"url": "https://kaken.nii.ac.jp/ja/grant/KAKENHI-PROJECT-17H01733", "kaken_id": "17H01733", "project_name": "\u9ad8\u6027\u80fd\u3068\u4f4e\u6d88\u8cbb\u96fb\u529b\u3092\u4e21\u7acb\u3059\u308b\u60c5\u5831\u6307\u5411\u30cd\u30c3\u30c8\u30ef\u30fc\u30ad\u30f3\u30b0\u7528\u30eb\u30fc\u30bf\u30a2\u30fc\u30ad\u30c6\u30af\u30c1\u30e3", "grant_category": "\u57fa\u76e4\u7814\u7a76(B)", "fields": ["\u7dcf\u5408\u7cfb", "\u60c5\u5831\u5b66", "\u8a08\u7b97\u57fa\u76e4", "\u60c5\u5831\u30cd\u30c3\u30c8\u30ef\u30fc\u30af"], "keywords": ["\u9ad8\u901f\u30d1\u30b1\u30c3\u30c8\u8ee2\u9001", "\u7701\u96fb\u529b", "\u60c5\u5831\u30bb\u30f3\u30c8\u30ea\u30c3\u30af\u30cd\u30c3\u30c8\u30ef\u30fc\u30ad\u30f3\u30b0", "\u30eb\u30fc\u30bf\u30a2\u30fc\u30ad\u30c6\u30af\u30c1\u30e3"], "budget": 18460000, "principal_investigator": {"affiliation": "\u5927\u962a\u5927\u5b66", "name": "\u9577\u8c37\u5ddd \u4ea8", "researcher_id": "70576264"}}