{"url": "https://kaken.nii.ac.jp/ja/grant/KAKENHI-PROJECT-17H06865", "kaken_id": "17H06865", "project_name": "\u6642\u9593\u7684\u306a\u5149\u306e\u5fdc\u7b54\u306b\u57fa\u3065\u304f\u753b\u50cf\u306e\u9bae\u660e\u5316\u3068\u6e2c\u8ddd\u306e\u540c\u6642\u5b9f\u73fe", "grant_category": "\u7814\u7a76\u6d3b\u52d5\u30b9\u30bf\u30fc\u30c8\u652f\u63f4", "fields": ["\u7dcf\u5408\u7cfb", "\u60c5\u5831\u5b66", "\u4eba\u9593\u60c5\u5831\u5b66", "\u77e5\u899a\u60c5\u5831\u51e6\u7406"], "keywords": [], "budget": 2990000, "principal_investigator": {"affiliation": "\u5948\u826f\u5148\u7aef\u79d1\u5b66\u6280\u8853\u5927\u5b66\u9662\u5927\u5b66", "name": "\u7530\u4e2d \u8ce2\u4e00\u90ce", "researcher_id": "60803244"}}