{"url": "https://kaken.nii.ac.jp/ja/grant/KAKENHI-PROJECT-17H04678", "kaken_id": "17H04678", "project_name": "\u5354\u8abf\u578bITS\u306b\u304a\u3051\u308b\u8eca\u3005\u9593\u901a\u4fe1\u3092\u652f\u63f4\u3059\u308b\u305f\u3081\u306e\u8def\u5074\u62e0\u70b9\u30b7\u30b9\u30c6\u30e0\u306e\u69cb\u7bc9", "grant_category": "\u82e5\u624b\u7814\u7a76(A)", "fields": ["\u7dcf\u5408\u7cfb", "\u60c5\u5831\u5b66", "\u8a08\u7b97\u57fa\u76e4", "\u60c5\u5831\u30cd\u30c3\u30c8\u30ef\u30fc\u30af"], "keywords": ["\u30cd\u30c3\u30c8\u30ef\u30fc\u30af", "\u30a4\u30f3\u30bf\u30fc\u30cd\u30c3\u30c8", "ITS", "\u6a19\u6e96\u6280\u8853", "\u5354\u8abf\u578bITS"], "budget": 13000000, "principal_investigator": {"affiliation": "\u6771\u4eac\u5927\u5b66", "name": "\u585a\u7530 \u5b66", "researcher_id": "90724352"}}