{"url": "https://kaken.nii.ac.jp/ja/grant/KAKENHI-PROJECT-17H06100", "kaken_id": "17H06100", "project_name": "\u6a5f\u68b0\u53ef\u8aad\u6642\u4ee3\u306b\u304a\u3051\u308b\u6587\u5b57\u79d1\u5b66\u306e\u5275\u6210\u3068\u5fdc\u7528\u5c55\u958b", "grant_category": "\u57fa\u76e4\u7814\u7a76(S)", "fields": ["\u7dcf\u5408\u7cfb", "\u60c5\u5831\u5b66", "\u8a08\u7b97\u57fa\u76e4", "\u30de\u30eb\u30c1\u30e1\u30c7\u30a3\u30a2\u30fb\u30c7\u30fc\u30bf\u30d9\u30fc\u30b9"], "keywords": ["\u6587\u5b57\u79d1\u5b66", "\u6587\u5b57\u5de5\u5b66", "\u6587\u5b57\u8a8d\u8b58", "\u6a5f\u68b0\u5b66\u7fd2", "\u30d5\u30a9\u30f3\u30c8"], "budget": 150800000, "principal_investigator": {"affiliation": "\u4e5d\u5dde\u5927\u5b66", "name": "\u5185\u7530 \u8aa0\u4e00", "researcher_id": "70315125"}}