{"url": "https://kaken.nii.ac.jp/ja/grant/KAKENHI-PROJECT-17H01817", "kaken_id": "17H01817", "project_name": "\u547c\u6c17\u30ac\u30b9\u30bb\u30f3\u30b7\u30f3\u30b0\u306b\u3088\u308b\u75c5\u72b6\u8a3a\u65ad\u3068\u4e88\u6e2c\u30a2\u30eb\u30b4\u30ea\u30ba\u30e0\u958b\u767a", "grant_category": "\u57fa\u76e4\u7814\u7a76(B)", "fields": ["\u7dcf\u5408\u7cfb", "\u60c5\u5831\u5b66", "\u60c5\u5831\u5b66\u30d5\u30ed\u30f3\u30c6\u30a3\u30a2", "\u751f\u547d\u30fb\u5065\u5eb7\u30fb\u533b\u7642\u60c5\u5831\u5b66"], "keywords": ["\u6a5f\u68b0\u5b66\u7fd2", "\u975e\u4fb5\u8972\u8a3a\u65ad", "\u547c\u6c17", "\u304c\u3093"], "budget": 16510000, "principal_investigator": {"affiliation": "\u5948\u826f\u5148\u7aef\u79d1\u5b66\u6280\u8853\u5927\u5b66\u9662\u5927\u5b66", "name": "\u4f5c\u6751 \u8aed\u4e00", "researcher_id": "50324968"}}