{"url": "https://kaken.nii.ac.jp/ja/grant/KAKENHI-PROJECT-17H00744", "kaken_id": "17H00744", "project_name": "\u5f62\u72b6\u30fb\u7167\u660e\u30fb\u53cd\u5c04\u7387\u3092\u542b\u3081\u305f\u74b0\u5883\u5168\u4f53\u306e\u9ad8\u7cbe\u7d30\uff13\u6b21\u5143\u5fa9\u5143", "grant_category": "\u57fa\u76e4\u7814\u7a76(A)", "fields": ["\u7dcf\u5408\u7cfb", "\u60c5\u5831\u5b66", "\u4eba\u9593\u60c5\u5831\u5b66", "\u77e5\u899a\u60c5\u5831\u51e6\u7406"], "keywords": ["\u30b3\u30f3\u30d4\u30e5\u30fc\u30bf\u30d3\u30b8\u30e7\u30f3"], "budget": 44330000, "principal_investigator": {"affiliation": "\u6771\u4eac\u5de5\u696d\u5927\u5b66", "name": "\u5965\u5bcc \u6b63\u654f", "researcher_id": "00262303"}}