{"url": "https://kaken.nii.ac.jp/ja/grant/KAKENHI-PROJECT-17H07156", "kaken_id": "17H07156", "project_name": "\u30e2\u30c7\u30eb\u4e88\u6e2c\u5236\u5fa1\u306b\u57fa\u3065\u304f\u5148\u5236\u578b\u306e\u4eee\u60f3\u30e2\u30d0\u30a4\u30eb\u30cd\u30c3\u30c8\u30ef\u30fc\u30af\u306e\u8cc7\u6e90\u6700\u9069\u5316\u306e\u7814\u7a76", "grant_category": "\u7814\u7a76\u6d3b\u52d5\u30b9\u30bf\u30fc\u30c8\u652f\u63f4", "fields": ["\u7dcf\u5408\u7cfb", "\u60c5\u5831\u5b66", "\u8a08\u7b97\u57fa\u76e4", "\u60c5\u5831\u30cd\u30c3\u30c8\u30ef\u30fc\u30af"], "keywords": [], "budget": 2990000, "principal_investigator": {"affiliation": "\u6771\u4eac\u90fd\u5e02\u5927\u5b66", "name": "\u5869\u672c \u516c\u5e73", "researcher_id": "00535750"}}