{"url": "https://kaken.nii.ac.jp/ja/grant/KAKENHI-PROJECT-17H01840", "kaken_id": "17H01840", "project_name": "\u30de\u30eb\u30c1\u30e2\u30fc\u30c0\u30eb\u8b70\u8ad6\u30de\u30c3\u30d7\u306e\u958b\u767a\u3068\u8b70\u8ad6\u5185\u5bb9\u7406\u89e3\u306b\u57fa\u3065\u304f\u8a55\u4fa1\u652f\u63f4", "grant_category": "\u57fa\u76e4\u7814\u7a76(B)", "fields": ["\u7dcf\u5408\u7cfb", "\u60c5\u5831\u5b66", "\u60c5\u5831\u5b66\u30d5\u30ed\u30f3\u30c6\u30a3\u30a2", "\u5b66\u7fd2\u652f\u63f4\u30b7\u30b9\u30c6\u30e0"], "keywords": ["\u30de\u30eb\u30c1\u30e2\u30fc\u30c0\u30eb", "\u8a00\u8a9e\u51e6\u7406", "\u753b\u50cf\u51e6\u7406"], "budget": 15600000, "principal_investigator": {"affiliation": "\u4e5d\u5dde\u5de5\u696d\u5927\u5b66", "name": "\u5d8b\u7530 \u548c\u5b5d", "researcher_id": "50346863"}}