{"url": "https://kaken.nii.ac.jp/ja/grant/KAKENHI-PROJECT-17H01715", "kaken_id": "17H01715", "project_name": "\uff29\uff23\u30c1\u30c3\u30d7\u306e\u5165\u51fa\u529b\u4fe1\u53f7\u7dda\u306e\u5f1b\u5f35\u767a\u632f\u56de\u8def\u3092\u7528\u3044\u305f\u7834\u65ad\u4e88\u5146\u691c\u51fa\u6cd5\u306b\u95a2\u3059\u308b\u7814\u7a76", "grant_category": "\u57fa\u76e4\u7814\u7a76(B)", "fields": ["\u7dcf\u5408\u7cfb", "\u60c5\u5831\u5b66", "\u8a08\u7b97\u57fa\u76e4", "\u8a08\u7b97\u6a5f\u30b7\u30b9\u30c6\u30e0"], "keywords": ["\u96fb\u5b50\u30c7\u30d0\u30a4\u30b9\u30fb\u6a5f\u5668", "\u8a08\u7b97\u6a5f\u30b7\u30b9\u30c6\u30e0", "\u30c7\u30a3\u30da\u30f3\u30c0\u30d6\u30eb\u30fb\u30b3\u30f3\u30d4\u30e5\u30fc\u30c6\u30a3\u30f3\u30b0"], "budget": 16900000, "principal_investigator": {"affiliation": "\u5fb3\u5cf6\u5927\u5b66", "name": "\u6a4b\u722a \u6b63\u6a39", "researcher_id": "40164777"}}