{"url": "https://kaken.nii.ac.jp/ja/grant/KAKENHI-PROJECT-17H01787", "kaken_id": "17H01787", "project_name": "\u30b2\u30fc\u30e0\u7406\u8ad6\u7684\u8cc7\u6e90\u914d\u5206\u30e1\u30ab\u30cb\u30ba\u30e0\u306e\u5b9a\u91cf\u7684\u8a55\u4fa1\u57fa\u76e4\u306e\u69cb\u7bc9", "grant_category": "\u57fa\u76e4\u7814\u7a76(B)", "fields": ["\u7dcf\u5408\u7cfb", "\u60c5\u5831\u5b66", "\u4eba\u9593\u60c5\u5831\u5b66", "\u77e5\u80fd\u60c5\u5831\u5b66"], "keywords": ["\u8a08\u91cf\u7d4c\u6e08\u5b66", "\u30e1\u30ab\u30cb\u30ba\u30e0\u8a2d\u8a08", "\u6700\u9069\u5316", "\u30b2\u30fc\u30e0\u7406\u8ad6", "\u30a2\u30eb\u30b4\u30ea\u30ba\u30e0"], "budget": 17290000, "principal_investigator": {"affiliation": "\u96fb\u6c17\u901a\u4fe1\u5927\u5b66", "name": "\u5ca9\u5d0e \u6566", "researcher_id": "30380679"}}