{"url": "https://kaken.nii.ac.jp/ja/grant/KAKENHI-PROJECT-17H00759", "kaken_id": "17H00759", "project_name": "\u30de\u30eb\u30c1\u30a8\u30fc\u30b8\u30a7\u30f3\u30c8\u30b7\u30b9\u30c6\u30e0\u306b\u3088\u308b\u7570\u6587\u5316\u30b3\u30e9\u30dc\u30ec\u30fc\u30b7\u30e7\u30f3\u306e\u652f\u63f4", "grant_category": "\u57fa\u76e4\u7814\u7a76(A)", "fields": ["\u7dcf\u5408\u7cfb", "\u60c5\u5831\u5b66", "\u4eba\u9593\u60c5\u5831\u5b66", "\u77e5\u80fd\u60c5\u5831\u5b66"], "keywords": ["\u7570\u6587\u5316\u30b3\u30e9\u30dc\u30ec\u30fc\u30b7\u30e7\u30f3", "\u30de\u30eb\u30c1\u30a8\u30fc\u30b8\u30a7\u30f3\u30c8\u30b7\u30b9\u30c6\u30e0"], "budget": 45370000, "principal_investigator": {"affiliation": "\u4eac\u90fd\u5927\u5b66", "name": "\u77f3\u7530 \u4ea8", "researcher_id": "20252489"}}