{"url": "https://kaken.nii.ac.jp/ja/grant/KAKENHI-PROJECT-17H06822", "kaken_id": "17H06822", "project_name": "\u30de\u30eb\u30c1\u30ea\u30bd\u30fc\u30b9\u9069\u5fdc\u306b\u3088\u308b\u30ed\u30fc\u30ea\u30bd\u30fc\u30b9\u30cb\u30e5\u30fc\u30e9\u30eb\u6a5f\u68b0\u7ffb\u8a33\u306e\u9ad8\u5ea6\u5316", "grant_category": "\u7814\u7a76\u6d3b\u52d5\u30b9\u30bf\u30fc\u30c8\u652f\u63f4", "fields": ["\u7dcf\u5408\u7cfb", "\u60c5\u5831\u5b66", "\u4eba\u9593\u60c5\u5831\u5b66", "\u77e5\u80fd\u60c5\u5831\u5b66"], "keywords": [], "budget": 2990000, "principal_investigator": {"affiliation": "\u5927\u962a\u5927\u5b66", "name": "\u30c1\u30e7 \u30b7\u30f3\u30ad", "researcher_id": "70784891"}}