{"url": "https://kaken.nii.ac.jp/ja/grant/KAKENHI-PROJECT-17H01759", "kaken_id": "17H01759", "project_name": "\u75be\u75c5\u30fb\u4ee3\u8b1d\u7531\u6765\u306e\u4f4e\u6fc3\u5ea6\u306a\u751f\u4f53\u81ed\u6210\u5206\uff08\u76ae\u819a\u30ac\u30b9\uff09\u3092\u9ad8\u611f\u5ea6\u8a08\u6e2c\u3059\u308b\u751f\u5316\u5b66\u5f0f\u30ac\u30b9\u30bb\u30f3\u30b5", "grant_category": "\u57fa\u76e4\u7814\u7a76(B)", "fields": ["\u7dcf\u5408\u7cfb", "\u60c5\u5831\u5b66", "\u4eba\u9593\u60c5\u5831\u5b66", "\u77e5\u899a\u60c5\u5831\u51e6\u7406"], "keywords": ["\u85ac\u7269\u4ee3\u8b1d\u9175\u7d20", "\u75be\u75c5\u30fb\u4ee3\u8b1d", "\u751f\u5316\u5b66\u5f0f\u30ac\u30b9\u30bb \u30f3\u30b5", "\u751f\u4f53\u81ed\u6210\u5206", "\u5149\u8a08\u6e2c"], "budget": 17680000, "principal_investigator": {"affiliation": "\u6771\u4eac\u533b\u79d1\u6b6f\u79d1\u5927\u5b66", "name": "\u4e09\u6797 \u6d69\u4e8c", "researcher_id": "40307236"}}