{"url": "https://kaken.nii.ac.jp/ja/grant/KAKENHI-PROJECT-17H01723", "kaken_id": "17H01723", "project_name": "\u73fe\u4ee3\u7684\u306a\u30d7\u30ed\u30b0\u30e9\u30df\u30f3\u30b0\u8a00\u8a9e\u306e\u305f\u3081\u306e\u6f38\u9032\u7684\u578b\u30b7\u30b9\u30c6\u30e0\u306e\u7406\u8ad6", "grant_category": "\u57fa\u76e4\u7814\u7a76(B)", "fields": ["\u7dcf\u5408\u7cfb", "\u60c5\u5831\u5b66", "\u8a08\u7b97\u57fa\u76e4", "\u30bd\u30d5\u30c8\u30a6\u30a7\u30a2"], "keywords": ["\u30d7\u30ed\u30b0\u30e9\u30df\u30f3\u30b0\u8a00\u8a9e", "\u8a08\u7b97\u52b9\u679c", "\u6f38\u9032\u7684\u578b\u4ed8\u3051", "\u578b\u30b7\u30b9\u30c6\u30e0"], "budget": 18720000, "principal_investigator": {"affiliation": "\u4eac\u90fd\u5927\u5b66", "name": "\u4e94\u5341\u5d50 \u6df3", "researcher_id": "40323456"}}