{"url": "https://kaken.nii.ac.jp/ja/grant/KAKENHI-PROJECT-17H01744", "kaken_id": "17H01744", "project_name": "\u6b21\u4e16\u4ee3\u9ad8\u7cbe\u5ea6\u691c\u7d22\u3092\u5b9f\u73fe\u3059\u308b\u30b9\u30fc\u30d1\u30fc\u30de\u30eb\u30c1\u30e2\u30fc\u30c0\u30eb\u4eba\u9593\u60c5\u5831\u89e3\u6790\u57fa\u76e4", "grant_category": "\u57fa\u76e4\u7814\u7a76(B)", "fields": ["\u7dcf\u5408\u7cfb", "\u60c5\u5831\u5b66", "\u8a08\u7b97\u57fa\u76e4", "\u30de\u30eb\u30c1\u30e1\u30c7\u30a3\u30a2\u30fb\u30c7\u30fc\u30bf\u30d9\u30fc\u30b9"], "keywords": ["\u6a5f\u68b0\u5b66\u7fd2", "\u753b\u50cf", "\u4eba\u5de5\u77e5\u80fd"], "budget": 18460000, "principal_investigator": {"affiliation": "\u5317\u6d77\u9053\u5927\u5b66", "name": "\u9577\u8c37\u5c71 \u7f8e\u7d00", "researcher_id": "00218463"}}