{"url": "https://kaken.nii.ac.jp/ja/grant/KAKENHI-PROJECT-17H00763", "kaken_id": "17H00763", "project_name": "\u72b6\u614b\u9077\u79fb\u5217\u304b\u3089\u306e\u95a2\u4fc2\u30c0\u30a4\u30ca\u30df\u30af\u30b9\u5b66\u7fd2", "grant_category": "\u57fa\u76e4\u7814\u7a76(A)", "fields": ["\u7dcf\u5408\u7cfb", "\u60c5\u5831\u5b66", "\u4eba\u9593\u60c5\u5831\u5b66", "\u77e5\u80fd\u60c5\u5831\u5b66"], "keywords": ["\u5236\u7d04\u6700\u9069\u5316", "\u72b6\u614b\u9077\u79fb", "\u77e5\u8b58\u8868\u73fe", "\u63a2\u7d22\u30fb\u8ad6\u7406\u30fb\u63a8\u8ad6\u30a2\u30eb\u30b4\u30ea\u30ba\u30e0", "\u95a2\u4fc2\u5b66\u7fd2"], "budget": 43160000, "principal_investigator": {"affiliation": "\u56fd\u7acb\u60c5\u5831\u5b66\u7814\u7a76\u6240", "name": "\u4e95\u4e0a \u514b\u5df3", "researcher_id": "10252321"}}