{"url": "https://kaken.nii.ac.jp/ja/grant/KAKENHI-PROJECT-17H01748", "kaken_id": "17H01748", "project_name": "\u6975\u7aef\u6c17\u8c61\u4e88\u6e2c\u3092\u62d3\u304f\u30d3\u30c3\u30b0\u30c7\u30fc\u30bf\u6a5f\u68b0\u5b66\u7fd2\u57fa\u76e4\u306e\u7814\u7a76", "grant_category": "\u57fa\u76e4\u7814\u7a76(B)", "fields": ["\u7dcf\u5408\u7cfb", "\u60c5\u5831\u5b66", "\u8a08\u7b97\u57fa\u76e4", "\u9ad8\u6027\u80fd\u8a08\u7b97"], "keywords": ["\u6a5f\u68b0\u5b66\u7fd2", "\u4e26\u5217\u51e6\u7406", "\u6c17\u8c61\u5b66"], "budget": 18590000, "principal_investigator": {"affiliation": "\u7b51\u6ce2\u5927\u5b66", "name": "\u5efa\u90e8 \u4fee\u898b", "researcher_id": "70357432"}}