{"url": "https://kaken.nii.ac.jp/ja/grant/KAKENHI-PROJECT-17H00729", "kaken_id": "17H00729", "project_name": "\u5197\u9577\u30ac\u30ed\u30a2\u4f53\u7b97\u8853\u306b\u57fa\u3065\u304f\u30bb\u30ad\u30e5\u30ea\u30c6\u30a3\u30cf\u30fc\u30c9\u30a6\u30a7\u30a2\u306e\u9ad8\u6c34\u6e96\u8a2d\u8a08\u6280\u8853\u306e\u7814\u7a76\u958b\u767a", "grant_category": "\u57fa\u76e4\u7814\u7a76(A)", "fields": ["\u7dcf\u5408\u7cfb", "\u60c5\u5831\u5b66", "\u8a08\u7b97\u57fa\u76e4", "\u8a08\u7b97\u6a5f\u30b7\u30b9\u30c6\u30e0"], "keywords": ["\u8a08\u7b97\u6a5f\u30b7\u30b9\u30c6\u30e0"], "budget": 42510000, "principal_investigator": {"affiliation": "\u6771\u5317\u5927\u5b66", "name": "\u672c\u9593 \u5c1a\u6587", "researcher_id": "00343062"}}