{"url": "https://kaken.nii.ac.jp/ja/grant/KAKENHI-PROJECT-17H01765", "kaken_id": "17H01765", "project_name": "\u8eab\u4f53\u52d5\u4f5c\u306e\u5236\u5fa1\u7406\u8ad6\u7684\u306a\u5206\u6790\u306b\u57fa\u3065\u3044\u305f\u65e5\u5e38\u751f\u6d3b\u6642\u306e\u6ce8\u610f\u72b6\u614b\u8a08\u6e2c", "grant_category": "\u57fa\u76e4\u7814\u7a76(B)", "fields": ["\u7dcf\u5408\u7cfb", "\u60c5\u5831\u5b66", "\u4eba\u9593\u60c5\u5831\u5b66", "\u77e5\u899a\u60c5\u5831\u51e6\u7406"], "keywords": ["\u4eba\u9593\u884c\u52d5\u8a08\u6e2c", "\u6ce8\u610f\u5206\u914d", "\u77e5\u80fd\u30ed\u30dc\u30c6\u30a3\u30af\u30b9", "\u77e5\u899a\u60c5\u5831\u51e6\u7406"], "budget": 13650000, "principal_investigator": {"affiliation": "\u4eac\u90fd\u5927\u5b66", "name": "\u8fd1\u85e4 \u4e00\u6643", "researcher_id": "30467609"}}