{"url": "https://kaken.nii.ac.jp/ja/grant/KAKENHI-PROJECT-17H00748", "kaken_id": "17H00748", "project_name": "\u591a\u5143\u30b3\u30f3\u30d4\u30e5\u30c6\u30fc\u30b7\u30e7\u30ca\u30eb\u5149\u8a08\u6e2c\u306e\u958b\u767a", "grant_category": "\u57fa\u76e4\u7814\u7a76(A)", "fields": ["\u7dcf\u5408\u7cfb", "\u60c5\u5831\u5b66", "\u4eba\u9593\u60c5\u5831\u5b66", "\u77e5\u899a\u60c5\u5831\u51e6\u7406"], "keywords": ["\u533b\u7642\u8a08\u6e2c", "\u30b3\u30f3\u30d4\u30e5\u30c6\u30fc\u30b7\u30e7\u30ca\u30eb\u30d5\u30a9\u30c8\u30b0\u30e9\u30d5\u30a3", "\u5149\u30bb\u30f3\u30b7\u30f3\u30b0"], "budget": 45240000, "principal_investigator": {"affiliation": "\u5927\u962a\u5927\u5b66", "name": "\u9577\u539f \u4e00", "researcher_id": "80362648"}}