{"url": "https://kaken.nii.ac.jp/ja/grant/KAKENHI-PROJECT-17H01801", "kaken_id": "17H01801", "project_name": "\u884c\u52d5\u30fb\u751f\u4f53\u30fb\u74b0\u5883\u60c5\u5831\u306e\u5e38\u6642\u30bb\u30f3\u30b7\u30f3\u30b0\u306b\u57fa\u3065\u304f\u610f\u56f3\u5bdf\u77e5\u3068\u30d9\u30b9\u30c8\u30bf\u30a4\u30e0\u884c\u52d5\u652f\u63f4", "grant_category": "\u57fa\u76e4\u7814\u7a76(B)", "fields": ["\u7dcf\u5408\u7cfb", "\u60c5\u5831\u5b66", "\u4eba\u9593\u60c5\u5831\u5b66", "\u77e5\u80fd\u30ed\u30dc\u30c6\u30a3\u30af\u30b9"], "keywords": ["\u77e5\u80fd\u6a5f\u68b0", "\u77e5\u80fd\u30ed\u30dc\u30c6\u30a3\u30c3\u30af\u30b9"], "budget": 17030000, "principal_investigator": {"affiliation": "\u5927\u962a\u5927\u5b66", "name": "\u524d \u6cf0\u5fd7", "researcher_id": "50304027"}}