{"url": "https://kaken.nii.ac.jp/ja/grant/KAKENHI-PROJECT-17H04706", "kaken_id": "17H04706", "project_name": "\u4f4e\u8cc7\u6e90\u8a00\u8a9e\u306e\u305f\u3081\u306e\u8a00\u8a9e\u8cc7\u6e90\u4f5c\u6210\u30b5\u30fc\u30d3\u30b9\u30cd\u30c3\u30c8\u30ef\u30fc\u30af\u306e\u69cb\u7bc9", "grant_category": "\u82e5\u624b\u7814\u7a76(A)", "fields": ["\u7dcf\u5408\u7cfb", "\u60c5\u5831\u5b66", "\u60c5\u5831\u5b66\u30d5\u30ed\u30f3\u30c6\u30a3\u30a2", "\u30a6\u30a7\u30d6\u60c5\u5831\u5b66\u30fb\u30b5\u30fc\u30d3\u30b9\u60c5\u5831\u5b66"], "keywords": ["Web\u30b5\u30fc\u30d3\u30b9", "\u4f4e\u8cc7\u6e90\u8a00\u8a9e", "\u30b5\u30fc\u30d3\u30b9\u30b3\u30f3\u30d4\u30e5\u30fc\u30c6\u30a3\u30f3\u30b0", "\u8a00\u8a9e\u8cc7\u6e90"], "budget": 24570000, "principal_investigator": {"affiliation": "\u4eac\u90fd\u5927\u5b66", "name": "\u6751\u4e0a \u967d\u5e73", "researcher_id": "00435786"}}