{"url": "https://kaken.nii.ac.jp/ja/grant/KAKENHI-PROJECT-17H01708", "kaken_id": "17H01708", "project_name": "\u4e0d\u63ee\u767a\u30e1\u30e2\u30ea\u30b3\u30f3\u30d4\u30e5\u30fc\u30c6\u30a3\u30f3\u30b0", "grant_category": "\u57fa\u76e4\u7814\u7a76(B)", "fields": ["\u7dcf\u5408\u7cfb", "\u60c5\u5831\u5b66", "\u8a08\u7b97\u57fa\u76e4", "\u8a08\u7b97\u6a5f\u30b7\u30b9\u30c6\u30e0"], "keywords": ["\u8a08\u7b97\u6a5f\u30b7\u30b9\u30c6\u30e0"], "budget": 18720000, "principal_investigator": {"affiliation": "\u6771\u4eac\u5927\u5b66", "name": "\u4e2d\u6751 \u5b8f", "researcher_id": "20212102"}}