{"url": "https://kaken.nii.ac.jp/ja/grant/KAKENHI-PROJECT-17H00745", "kaken_id": "17H00745", "project_name": "\u30af\u30e9\u30a6\u30c9\u4e0a\u306e\u81a8\u5927\u306a\u753b\u50cf\u5c65\u6b74\u60c5\u5831\u3092\u591a\u69d8\u306a\u6642\u7a7a\u9593\u30b9\u30b1\u30fc\u30eb\u3067\u6d3b\u7528\u3059\u308b\u8d85\u4f4e\u54c1\u8cea\u753b\u50cf\u306e\u8a8d\u8b58", "grant_category": "\u57fa\u76e4\u7814\u7a76(A)", "fields": ["\u7dcf\u5408\u7cfb", "\u60c5\u5831\u5b66", "\u4eba\u9593\u60c5\u5831\u5b66", "\u77e5\u899a\u60c5\u5831\u51e6\u7406"], "keywords": ["\u6a5f\u68b0\u5b66\u7fd2", "\u8eca\u8f09\u30ab\u30e1\u30e9", "\u753b\u50cf\u8a8d\u8b58"], "budget": 44330000, "principal_investigator": {"affiliation": "\u540d\u53e4\u5c4b\u5927\u5b66", "name": "\u6751\u702c \u6d0b", "researcher_id": "90362293"}}