{"url": "https://kaken.nii.ac.jp/ja/grant/KAKENHI-PROJECT-17H01831", "kaken_id": "17H01831", "project_name": "\u52d5\u753b\u306b\u5bfe\u3059\u308b\u6df1\u3044\u610f\u5473\u7684\u6ce8\u91c8\u306e\u4ed8\u4e0e", "grant_category": "\u57fa\u76e4\u7814\u7a76(B)", "fields": ["\u7dcf\u5408\u7cfb", "\u60c5\u5831\u5b66", "\u60c5\u5831\u5b66\u30d5\u30ed\u30f3\u30c6\u30a3\u30a2", "\u56f3\u66f8\u9928\u60c5\u5831\u5b66\u30fb\u4eba\u6587\u793e\u4f1a\u60c5\u5831\u5b66"], "keywords": ["\u610f\u5473\u7684\u6ce8\u91c8", "\u52d5\u753b", "\u52d5\u8a5e\u610f\u5473\u8ad6", "\u60c5\u5831\u8cc7\u6e90\u306e\u69cb\u7bc9\u30fb\u7ba1\u7406", "\u30aa\u30f3\u30c8\u30ed\u30b8\u30fc"], "budget": 16250000, "principal_investigator": {"affiliation": "\u65e9\u7a32\u7530\u5927\u5b66", "name": "\u6797 \u826f\u5f66", "researcher_id": "80379156"}}