{"url": "https://kaken.nii.ac.jp/ja/grant/KAKENHI-PROJECT-17H01709", "kaken_id": "17H01709", "project_name": "\u81ea\u52d5\u72b6\u614b\u30d0\u30c3\u30af\u30a2\u30c3\u30d7\u6a5f\u69cb\u3092\u5229\u7528\u3057\u305f\u9ad8\u6027\u80fd\u30fb\u9ad8\u4fe1\u983c\u30b7\u30b9\u30c6\u30e0\u8a2d\u8a08\u6280\u8853", "grant_category": "\u57fa\u76e4\u7814\u7a76(B)", "fields": ["\u7dcf\u5408\u7cfb", "\u60c5\u5831\u5b66", "\u8a08\u7b97\u57fa\u76e4", "\u8a08\u7b97\u6a5f\u30b7\u30b9\u30c6\u30e0"], "keywords": ["\u4f4e\u6d88\u8cbb\u96fb\u529b", "\u30cf\u30a4\u30d1\u30d5\u30a9\u30fc\u30de\u30f3\u30b9\u30fb\u30b3\u30f3\u30d4\u30e5\u30fc\u30c6\u30a3\u30f3\u30b0", "\u81ea\u52d5\u30d0\u30c3\u30af\u30a2\u30c3\u30d7", "\u30d1\u30ef\u30fc\u30b2\u30fc\u30c6\u30a3\u30f3\u30b0", "\u4e0d\u63ee\u767a\u6027\u30e1\u30e2\u30ea"], "budget": 14040000, "principal_investigator": {"affiliation": "\u6771\u4eac\u5927\u5b66", "name": "\u85e4\u7530 \u660c\u5b8f", "researcher_id": "70323524"}}