{"url": "https://kaken.nii.ac.jp/ja/grant/KAKENHI-PROJECT-17H01762", "kaken_id": "17H01762", "project_name": "\u5b9f\u4e16\u754c\u30c7\u30fc\u30bf\u306b\u57fa\u3065\u304f\u5c4b\u5185\u30b3\u30f3\u30c6\u30ad\u30b9\u30c8\u63a8\u5b9a\u6280\u8853\u306e\u9ad8\u5ea6\u5316", "grant_category": "\u57fa\u76e4\u7814\u7a76(B)", "fields": ["\u7dcf\u5408\u7cfb", "\u60c5\u5831\u5b66", "\u4eba\u9593\u60c5\u5831\u5b66", "\u77e5\u899a\u60c5\u5831\u51e6\u7406"], "keywords": ["\u5c4b\u5185\u4f4d\u7f6e\u63a8\u5b9a", "\u30b3\u30f3\u30c6\u30ad\u30b9\u30c8\u63a8\u5b9a", "\u884c\u52d5\u8a8d\u8b58"], "budget": 17680000, "principal_investigator": {"affiliation": "\u540d\u53e4\u5c4b\u5927\u5b66", "name": "\u6cb3\u53e3 \u4fe1\u592b", "researcher_id": "10273286"}}