{"url": "https://kaken.nii.ac.jp/ja/grant/KAKENHI-PROJECT-17H01753", "kaken_id": "17H01753", "project_name": "\u591a\u6b21\u5143\u8133\u6a5f\u80fd\u30c0\u30a4\u30ca\u30df\u30af\u30b9\u306e\u500b\u4eba\u9593\u540c\u8abf\u3068\u4e3b\u89b3\u7684\u7d4c\u9a13\u306e\u500b\u4eba\u9593\u540c\u8abf\u3068\u306e\u5bfe\u5fdc", "grant_category": "\u57fa\u76e4\u7814\u7a76(B)", "fields": ["\u7dcf\u5408\u7cfb", "\u60c5\u5831\u5b66", "\u4eba\u9593\u60c5\u5831\u5b66", "\u8a8d\u77e5\u79d1\u5b66"], "keywords": ["\u610f\u8b58", "\u8133\u8a8d\u77e5\u79d1\u5b66", "\u30cf\u30a4\u30d1\u30fc\u30b9\u30ad\u30e3\u30cb\u30f3\u30b0", "\u30c0\u30a4\u30ca\u30df\u30af\u30b9"], "budget": 13390000, "principal_investigator": {"affiliation": "\u6771\u4eac\u5de5\u696d\u5927\u5b66", "name": "\u91ce\u6fa4 \u5b5d\u4e4b", "researcher_id": "60370110"}}