{"url": "https://kaken.nii.ac.jp/ja/grant/KAKENHI-PROJECT-17H04696", "kaken_id": "17H04696", "project_name": "\u9650\u5b9a\u5408\u7406\u6027\u3092\u5099\u3048\u305f\u6df1\u5c64\u5f37\u5316\u5b66\u7fd2\u7406\u8ad6\u306e\u5c55\u958b", "grant_category": "\u82e5\u624b\u7814\u7a76(A)", "fields": ["\u7dcf\u5408\u7cfb", "\u60c5\u5831\u5b66", "\u4eba\u9593\u60c5\u5831\u5b66", "\u30bd\u30d5\u30c8\u30b3\u30f3\u30d4\u30e5\u30fc\u30c6\u30a3\u30f3\u30b0"], "keywords": ["\u6e80\u8db3\u5316", "\u9650\u5b9a\u5408\u7406\u6027", "\u56e0\u679c\u63a8\u8ad6", "\u6a5f\u68b0\u5b66\u7fd2", "\u610f\u5fd7\u6c7a\u5b9a"], "budget": 23660000, "principal_investigator": {"affiliation": "\u6771\u4eac\u96fb\u6a5f\u5927\u5b66", "name": "\u9ad8\u6a4b \u9054\u4e8c", "researcher_id": "00514514"}}