{"url": "https://kaken.nii.ac.jp/ja/grant/KAKENHI-PROJECT-17H00769", "kaken_id": "17H00769", "project_name": "\u5206\u5b50\u30ed\u30dc\u30c6\u30a3\u30af\u30b9\u306b\u3088\u308b\u7cd6\u5c3f\u75c5\u30e2\u30c7\u30eb\u30de\u30a6\u30b9\u8840\u7cd6\u5024\u5236\u5fa1\u6cd5\u306e\u7814\u7a76", "grant_category": "\u57fa\u76e4\u7814\u7a76(A)", "fields": ["\u7dcf\u5408\u7cfb", "\u60c5\u5831\u5b66", "\u60c5\u5831\u5b66\u30d5\u30ed\u30f3\u30c6\u30a3\u30a2", "\u751f\u547d\u30fb\u5065\u5eb7\u30fb\u533b\u7642\u60c5\u5831\u5b66"], "keywords": ["DNA\u30b3\u30f3\u30d4\u30e5\u30fc\u30bf", "\u5206\u5b50\u30ed\u30dc\u30c6\u30a3\u30af\u30b9", "\u7cd6\u5c3f\u75c5"], "budget": 45240000, "principal_investigator": {"affiliation": "\u6771\u4eac\u5de5\u696d\u5927\u5b66", "name": "\u5c0f\u9577\u8c37 \u660e\u5f66", "researcher_id": "00301200"}}