{"url": "https://kaken.nii.ac.jp/ja/grant/KAKENHI-PROJECT-17H01820", "kaken_id": "17H01820", "project_name": "\u30ec\u30fc\u30b6\u30fc\u8a98\u8d77\u7d30\u80de\u5185\u5206\u5b50\u79e9\u5e8f\u5316\u306b\u3088\u308b\u795e\u7d4c\u6d3b\u52d5\u30c0\u30a4\u30ca\u30df\u30af\u30b9\u306e\u5236\u5fa1", "grant_category": "\u57fa\u76e4\u7814\u7a76(B)", "fields": ["\u7dcf\u5408\u7cfb", "\u60c5\u5831\u5b66", "\u60c5\u5831\u5b66\u30d5\u30ed\u30f3\u30c6\u30a3\u30a2", "\u751f\u547d\u30fb\u5065\u5eb7\u30fb\u533b\u7642\u60c5\u5831\u5b66"], "keywords": ["\u5149\u30d4\u30f3\u30bb\u30c3\u30c8", "\u30ca\u30ce\u30d0\u30a4\u30aa", "\u795e\u7d4c\u79d1\u5b66", "\u795e\u7d4c\u7d30\u80de", "\u7d30\u80de\u30fb\u7d44\u7e54"], "budget": 16250000, "principal_investigator": {"affiliation": "\u56fd\u7acb\u7814\u7a76\u958b\u767a\u6cd5\u4eba\u7523\u696d\u6280\u8853\u7dcf\u5408\u7814\u7a76\u6240", "name": "\u7d30\u5ddd \u5343\u7d75", "researcher_id": "60435766"}}