{"url": "https://kaken.nii.ac.jp/ja/grant/KAKENHI-PROJECT-17H01719", "kaken_id": "17H01719", "project_name": "IoT\u30d7\u30ed\u30c8\u30b3\u30eb\u306e\u30c6\u30b9\u30c8\u3068\u30e2\u30c7\u30eb\u691c\u67fb", "grant_category": "\u57fa\u76e4\u7814\u7a76(B)", "fields": ["\u7dcf\u5408\u7cfb", "\u60c5\u5831\u5b66", "\u8a08\u7b97\u57fa\u76e4", "\u30bd\u30d5\u30c8\u30a6\u30a7\u30a2"], "keywords": ["\u30bd\u30d5\u30c8\u30a6\u30a7\u30a2\u30e2\u30c7\u30eb\u691c\u67fb", "\u4ed5\u69d8\u8a18\u8ff0\u30fb\u691c\u8a3c"], "budget": 18460000, "principal_investigator": {"affiliation": "\u6771\u4eac\u5927\u5b66", "name": "\u8429\u8c37 \u660c\u5df1", "researcher_id": "30156252"}}