{"url": "https://kaken.nii.ac.jp/ja/grant/KAKENHI-PROJECT-17H06101", "kaken_id": "17H06101", "project_name": "\u6b21\u4e16\u4ee3\u97f3\u58f0\u7ffb\u8a33\u306e\u7814\u7a76", "grant_category": "\u57fa\u76e4\u7814\u7a76(S)", "fields": ["\u7dcf\u5408\u7cfb", "\u60c5\u5831\u5b66", "\u4eba\u9593\u60c5\u5831\u5b66", "\u77e5\u899a\u60c5\u5831\u51e6\u7406"], "keywords": ["\u97f3\u58f0\u7ffb\u8a33"], "budget": 204230000, "principal_investigator": {"affiliation": "\u5948\u826f\u5148\u7aef\u79d1\u5b66\u6280\u8853\u5927\u5b66\u9662\u5927\u5b66", "name": "\u4e2d\u6751 \u54f2", "researcher_id": "30263429"}}