{"url": "https://kaken.nii.ac.jp/ja/grant/KAKENHI-PROJECT-17H01742", "kaken_id": "17H01742", "project_name": "\u30ea\u30a2\u30eb\u30bf\u30a4\u30e0\u7fa4\u96c6\u6d41\u52d5\u5236\u5fa1\u306b\u95a2\u3059\u308b\u57fa\u76e4\u6280\u8853\u306e\u7814\u7a76\u958b\u767a", "grant_category": "\u57fa\u76e4\u7814\u7a76(B)", "fields": ["\u7dcf\u5408\u7cfb", "\u60c5\u5831\u5b66", "\u8a08\u7b97\u57fa\u76e4", "\u60c5\u5831\u30cd\u30c3\u30c8\u30ef\u30fc\u30af"], "keywords": ["\u52a3\u901a\u4fe1\u74b0\u5883", "\u30cd\u30c3\u30c8\u30ef\u30fc\u30af", "\u30e6\u30d3\u30ad\u30bf\u30b9\u30b3\u30f3\u30d4\u30e5\u30fc\u30c6\u30a3\u30f3\u30b0"], "budget": 18590000, "principal_investigator": {"affiliation": "\u95a2\u897f\u5b66\u9662\u5927\u5b66", "name": "\u5df3\u6ce2 \u5f18\u4f73", "researcher_id": "40351738"}}