{"url": "https://kaken.nii.ac.jp/ja/grant/KAKENHI-PROJECT-17H01755", "kaken_id": "17H01755", "project_name": "\u81ea\u7136\u5149\u666f\u4e0b\u306b\u304a\u3051\u308b\u8996\u7dda\u79fb\u52d5\u3068\u8996\u899a\u7684\u7269\u4f53\u8a8d\u8b58\u30c0\u30a4\u30ca\u30df\u30af\u30b9\u306e\u7d71\u5408\u7684\u7814\u7a76", "grant_category": "\u57fa\u76e4\u7814\u7a76(B)", "fields": ["\u7dcf\u5408\u7cfb", "\u60c5\u5831\u5b66", "\u4eba\u9593\u60c5\u5831\u5b66", "\u8a8d\u77e5\u79d1\u5b66"], "keywords": ["\u773c\u7403\u904b\u52d5", "\u8133", "\u7269\u4f53\u8a8d\u8b58", "\u81ea\u7136\u753b\u50cf", "\u6642\u9593"], "budget": 17030000, "principal_investigator": {"affiliation": "\u96fb\u6c17\u901a\u4fe1\u5927\u5b66", "name": "\u5bae\u8107 \u967d\u4e00", "researcher_id": "80373372"}}