{"url": "https://kaken.nii.ac.jp/ja/grant/KAKENHI-PROJECT-17H01807", "kaken_id": "17H01807", "project_name": "\u30d2\u30c8\u306e\u5831\u544a\u306b\u3088\u3089\u306a\u3044\u4e3b\u89b3\u7684\u77e5\u899a\u306e\u540c\u5b9a", "grant_category": "\u57fa\u76e4\u7814\u7a76(B)", "fields": ["\u7dcf\u5408\u7cfb", "\u60c5\u5831\u5b66", "\u4eba\u9593\u60c5\u5831\u5b66", "\u611f\u6027\u60c5\u5831\u5b66"], "keywords": ["\u4e3b\u89b3\u7684\u77e5\u899a", "\u77b3\u5b54", "\u8133\u6ce2", "\u8a8d\u77e5\u79d1\u5b66", "\u5b9f\u9a13\u7cfb\u5fc3\u7406\u5b66"], "budget": 16380000, "principal_investigator": {"affiliation": "\u8c4a\u6a4b\u6280\u8853\u79d1\u5b66\u5927\u5b66", "name": "\u5357 \u54f2\u4eba", "researcher_id": "70415842"}}