{"url": "https://kaken.nii.ac.jp/ja/grant/KAKENHI-PROJECT-17H01712", "kaken_id": "17H01712", "project_name": "IoT\u793e\u4f1a\u306e\u5b9f\u73fe\u3092\u76ee\u6307\u3057\u305f\u6b21\u4e16\u4ee3\u30b3\u30f3\u30d4\u30e5\u30fc\u30c6\u30a3\u30f3\u30b0\u57fa\u76e4\u306e\u7814\u7a76", "grant_category": "\u57fa\u76e4\u7814\u7a76(B)", "fields": ["\u7dcf\u5408\u7cfb", "\u60c5\u5831\u5b66", "\u8a08\u7b97\u57fa\u76e4", "\u8a08\u7b97\u6a5f\u30b7\u30b9\u30c6\u30e0"], "keywords": ["\u4f4e\u6d88\u8cbb\u96fb\u529b", "\u30b7\u30b9\u30c6\u30e0\u30aa\u30f3\u30c1\u30c3\u30d7", "\u8a08\u7b97\u6a5f\u30b7\u30b9\u30c6\u30e0", "\u74b0\u5883\u767a\u96fb", "\u30a8\u30cd\u30eb\u30ae\u30fc\u52b9\u7387\u5316"], "budget": 18850000, "principal_investigator": {"affiliation": "\u4eac\u90fd\u5927\u5b66", "name": "\u77f3\u539f \u4ea8", "researcher_id": "30323471"}}