{"url": "https://kaken.nii.ac.jp/ja/grant/KAKENHI-PROJECT-17H01778", "kaken_id": "17H01778", "project_name": "\u30bd\u30d5\u30c8\u306a\u4f53\u6027\u611f\u899a\u5448\u793a\u30c7\u30d0\u30a4\u30b9\u306b\u3088\u308b\u5bc4\u308a\u6dfb\u3044\u4fc3\u3059\u52d5\u4f5c\u30fb\u884c\u52d5\u652f\u63f4", "grant_category": "\u57fa\u76e4\u7814\u7a76(B)", "fields": ["\u7dcf\u5408\u7cfb", "\u60c5\u5831\u5b66", "\u4eba\u9593\u60c5\u5831\u5b66", "\u30d2\u30e5\u30fc\u30de\u30f3\u30a4\u30f3\u30bf\u30d5\u30a7\u30fc\u30b9\u30fb\u30a4\u30f3\u30bf\u30e9\u30af\u30b7\u30e7\u30f3"], "keywords": ["\u7b4b\u96fb\u4f4d\u8a08\u6e2c", "\u30d2\u30e5\u30fc\u30de\u30f3\u30a4\u30f3\u30bf\u30d5\u30a7\u30fc\u30b9", "\u4f53\u6027\u611f\u899a\u5448\u793a", "\u52d5\u4f5c\u652f\u63f4", "\u52d5\u4f5c\u4e88\u6e2c"], "budget": 17810000, "principal_investigator": {"affiliation": "\u4eac\u90fd\u5927\u5b66", "name": "\u4e2d\u6751 \u88d5\u4e00", "researcher_id": "40227947"}}