{"url": "https://kaken.nii.ac.jp/ja/grant/KAKENHI-PROJECT-17H01694", "kaken_id": "17H01694", "project_name": "\u9ad8\u968e\u91cf\u5b50\u6f14\u7b97\u306e\u89e3\u6790\u306b\u3088\u308b\u91cf\u5b50\u60c5\u5831\u51e6\u7406\u306e\u7814\u7a76", "grant_category": "\u57fa\u76e4\u7814\u7a76(B)", "fields": ["\u7dcf\u5408\u7cfb", "\u60c5\u5831\u5b66", "\u60c5\u5831\u5b66\u57fa\u790e", "\u60c5\u5831\u5b66\u57fa\u790e\u7406\u8ad6"], "keywords": ["\u91cf\u5b50\u60c5\u5831\u7406\u8ad6", "\u91cf\u5b50\u30a2\u30eb\u30b4\u30ea\u30ba\u30e0", "\u91cf\u5b50\u30b3\u30f3\u30d4\u30e5\u30fc\u30bf"], "budget": 15990000, "principal_investigator": {"affiliation": "\u6771\u4eac\u5927\u5b66", "name": "\u6751\u5c3e \u7f8e\u7dd2", "researcher_id": "30322671"}}