{"url": "https://kaken.nii.ac.jp/ja/grant/KAKENHI-PROJECT-17H00758", "kaken_id": "17H00758", "project_name": "\u30d3\u30c3\u30b0\u30c7\u30fc\u30bf\u99c6\u52d5\u578b\u79d1\u5b66\u306e\u305f\u3081\u306e\u4eee\u8aac\u751f\u6210\u30fb\u691c\u8a3c\u6cd5\u958b\u767a\u3068\u6750\u6599\uff0c\u751f\u7269\uff0c\u533b\u7642\u5206\u91ce\u3067\u306e\u5b9f\u8a3c", "grant_category": "\u57fa\u76e4\u7814\u7a76(A)", "fields": ["\u7dcf\u5408\u7cfb", "\u60c5\u5831\u5b66", "\u4eba\u9593\u60c5\u5831\u5b66", "\u77e5\u80fd\u60c5\u5831\u5b66"], "keywords": ["\u6a5f\u68b0\u5b66\u7fd2", "\u7d71\u8a08\u79d1\u5b66", "\u30d3\u30c3\u30b0\u30c7\u30fc\u30bf"], "budget": 42510000, "principal_investigator": {"affiliation": "\u540d\u53e4\u5c4b\u5de5\u696d\u5927\u5b66", "name": "\u7af9\u5185 \u4e00\u90ce", "researcher_id": "40335146"}}