{"url": "https://kaken.nii.ac.jp/ja/grant/KAKENHI-PROJECT-17H01775", "kaken_id": "17H01775", "project_name": "\u8a08\u6e2c\u306b\u57fa\u3065\u304f\u624b\u30e2\u30c7\u30eb\u306e\u69cb\u7bc9\u3068\u64cd\u4f5c\u30b7\u30df\u30e5\u30ec\u30fc\u30b7\u30e7\u30f3\u306e\u7cbe\u7dfb\u5316", "grant_category": "\u57fa\u76e4\u7814\u7a76(B)", "fields": ["\u7dcf\u5408\u7cfb", "\u60c5\u5831\u5b66", "\u4eba\u9593\u60c5\u5831\u5b66", "\u30d2\u30e5\u30fc\u30de\u30f3\u30a4\u30f3\u30bf\u30d5\u30a7\u30fc\u30b9\u30fb\u30a4\u30f3\u30bf\u30e9\u30af\u30b7\u30e7\u30f3"], "keywords": ["\u30a4\u30f3\u30bf\u30e9\u30af\u30b7\u30e7\u30f3", "\u30d0\u30fc\u30c1\u30e3\u30eb\u30ea\u30a2\u30ea\u30c6\u30a3", "\u30d2\u30e5\u30fc\u30de\u30f3\u30a4\u30f3\u30bf\u30d5\u30a7\u30fc\u30b9", "\u628a\u6301\u64cd\u4f5c", "VR\u624b\u30e2\u30c7\u30eb"], "budget": 16510000, "principal_investigator": {"affiliation": "\u96fb\u6c17\u901a\u4fe1\u5927\u5b66", "name": "\u5e83\u7530 \u5149\u4e00", "researcher_id": "80273332"}}