{"url": "https://kaken.nii.ac.jp/ja/grant/KAKENHI-PROJECT-17H04697", "kaken_id": "17H04697", "project_name": "\u4e8c\u6b21\u5143\u89e6\u611f\u30c7\u30a3\u30b9\u30d7\u30ec\u30a4\u306e\u958b\u767a\u3068\u305d\u308c\u3092\u7528\u3044\u305f\u7d20\u6750\u6052\u5e38\u6027\u306e\u539f\u7406\u63a2\u6c42", "grant_category": "\u82e5\u624b\u7814\u7a76(A)", "fields": ["\u7dcf\u5408\u7cfb", "\u60c5\u5831\u5b66", "\u4eba\u9593\u60c5\u5831\u5b66", "\u77e5\u80fd\u30ed\u30dc\u30c6\u30a3\u30af\u30b9"], "keywords": ["\u89e6\u611f\u30c7\u30a3\u30b9\u30d7\u30ec\u30a4", "\u30c6\u30af\u30b9\u30c1\u30e3", "\u30cf\u30d7\u30c6\u30a3\u30af\u30b9", "\u89e6\u611f"], "budget": 9230000, "principal_investigator": {"affiliation": "\u540d\u53e4\u5c4b\u5927\u5b66", "name": "\u5ca1\u672c \u6b63\u543e", "researcher_id": "10579064"}}