{"url": "https://kaken.nii.ac.jp/ja/grant/KAKENHI-PROJECT-17H07116", "kaken_id": "17H07116", "project_name": "\u30de\u30eb\u30b3\u30d5\u9023\u9396\u89e3\u6790\u306b\u57fa\u3065\u304f\u975e\u6b63\u5247\u30fb\u52d5\u7684\u30cd\u30c3\u30c8\u30ef\u30fc\u30af\u4e0a\u8ca0\u8377\u5206\u6563\u30a2\u30eb\u30b4\u30ea\u30ba\u30e0\u306e\u7406\u8ad6\u4fdd\u8a3c", "grant_category": "\u7814\u7a76\u6d3b\u52d5\u30b9\u30bf\u30fc\u30c8\u652f\u63f4", "fields": ["\u7dcf\u5408\u7cfb", "\u60c5\u5831\u5b66", "\u60c5\u5831\u5b66\u57fa\u790e", "\u60c5\u5831\u5b66\u57fa\u790e\u7406\u8ad6"], "keywords": [], "budget": 2730000, "principal_investigator": {"affiliation": "\u4e2d\u592e\u5927\u5b66", "name": "\u767d\u9aea \u4e08\u6674", "researcher_id": "50803996"}}