{"url": "https://kaken.nii.ac.jp/ja/grant/KAKENHI-PROJECT-17H00762", "kaken_id": "17H00762", "project_name": "\u6a5f\u68b0\u5b66\u7fd2\u8a08\u7b97\u57fa\u76e4\u306e\u69cb\u7bc9\u3068\u8907\u6570\u9818\u57df\u306b\u304a\u3051\u308b\u753b\u671f\u7684\u6210\u679c\u306e\u5275\u51fa", "grant_category": "\u57fa\u76e4\u7814\u7a76(A)", "fields": ["\u7dcf\u5408\u7cfb", "\u60c5\u5831\u5b66", "\u4eba\u9593\u60c5\u5831\u5b66", "\u77e5\u80fd\u60c5\u5831\u5b66"], "keywords": ["\u6a5f\u68b0\u5b66\u7fd2", "\u30a2\u30eb\u30b4\u30ea\u30ba\u30e0", "\u4eba\u5de5\u77e5\u80fd"], "budget": 40820000, "principal_investigator": {"affiliation": "\u5175\u5eab\u770c\u7acb\u5927\u5b66", "name": "\u7533 \u5409\u6d69", "researcher_id": "60523587"}}