{"url": "https://kaken.nii.ac.jp/ja/grant/KAKENHI-PROJECT-17H06571", "kaken_id": "17H06571", "project_name": "\u4ee3\u8868\u7684\u306a\u8010\u91cf\u5b50\u6697\u53f7\u306b\u5bfe\u3059\u308b\u683c\u5b50\u7406\u8ad6\u306b\u57fa\u3065\u304f\u5b89\u5168\u6027\u89e3\u6790", "grant_category": "\u7814\u7a76\u6d3b\u52d5\u30b9\u30bf\u30fc\u30c8\u652f\u63f4", "fields": ["\u7dcf\u5408\u7cfb", "\u60c5\u5831\u5b66", "\u8a08\u7b97\u57fa\u76e4", "\u60c5\u5831\u30bb\u30ad\u30e5\u30ea\u30c6\u30a3"], "keywords": [], "budget": 2860000, "principal_investigator": {"affiliation": "\u6771\u4eac\u5927\u5b66", "name": "\u9ad8\u5b89 \u6566", "researcher_id": "00808082"}}