{"url": "https://kaken.nii.ac.jp/ja/grant/KAKENHI-PROJECT-17H01734", "kaken_id": "17H01734", "project_name": "\u30d5\u30e9\u30af\u30bf\u30eb\u7279\u6027\u3092\u6709\u3059\u308b\u4eee\u60f3\u30cd\u30c3\u30c8\u30ef\u30fc\u30af\u69cb\u6210\u306b\u57fa\u3065\u304fIoT\u60c5\u5831\u6d41\u901a\u57fa\u76e4\u69cb\u7bc9\u624b\u6cd5", "grant_category": "\u57fa\u76e4\u7814\u7a76(B)", "fields": ["\u7dcf\u5408\u7cfb", "\u60c5\u5831\u5b66", "\u8a08\u7b97\u57fa\u76e4", "\u60c5\u5831\u30cd\u30c3\u30c8\u30ef\u30fc\u30af"], "keywords": ["\u30cd\u30c3\u30c8\u30ef\u30fc\u30af\u30c8\u30dd\u30ed\u30b8\u30fc", "\u4eee\u60f3\u30cd\u30c3\u30c8\u30ef\u30fc\u30af", "Internet of things", "\u30d5\u30e9\u30af\u30bf\u30eb", "\u60c5\u5831\u30cd\u30c3\u30c8\u30ef\u30fc\u30af"], "budget": 17420000, "principal_investigator": {"affiliation": "\u5927\u962a\u5927\u5b66", "name": "\u8352\u5ddd \u4f38\u4e00", "researcher_id": "20324741"}}