{"url": "https://kaken.nii.ac.jp/ja/grant/KAKENHI-PROJECT-17H01846", "kaken_id": "17H01846", "project_name": "\u8907\u6570\u306e\u8a55\u4fa1\u624b\u6cd5\u3092\u5229\u7528\u53ef\u80fd\u306a\u5927\u898f\u6a21\u5206\u6563\u30e2\u30f3\u30c6\u30ab\u30eb\u30ed\u6728\u63a2\u7d22", "grant_category": "\u57fa\u76e4\u7814\u7a76(B)", "fields": ["\u7dcf\u5408\u7cfb", "\u60c5\u5831\u5b66", "\u60c5\u5831\u5b66\u30d5\u30ed\u30f3\u30c6\u30a3\u30a2", "\u30a8\u30f3\u30bf\u30c6\u30a4\u30f3\u30e1\u30f3\u30c8\u30fb\u30b2\u30fc\u30e0\u60c5\u5831\u5b66"], "keywords": ["\u30a2\u30eb\u30b4\u30ea\u30ba\u30e0", "\u30b2\u30fc\u30e0\u60c5\u5831\u5b66", "\u4eba\u5de5\u77e5\u80fd"], "budget": 16380000, "principal_investigator": {"affiliation": "\u6771\u4eac\u5927\u5b66", "name": "\u6a2a\u5c71 \u5927\u4f5c", "researcher_id": "80345272"}}