{"url": "https://kaken.nii.ac.jp/ja/grant/KAKENHI-PROJECT-17H01790", "kaken_id": "17H01790", "project_name": "\u52d5\u7684\u74b0\u5883\u306b\u304a\u3051\u308b\u30ed\u30d0\u30b9\u30c8\u306a\u30c1\u30fc\u30e0\u7de8\u6210\u306b\u95a2\u3059\u308b\u7814\u7a76", "grant_category": "\u57fa\u76e4\u7814\u7a76(B)", "fields": ["\u7dcf\u5408\u7cfb", "\u60c5\u5831\u5b66", "\u4eba\u9593\u60c5\u5831\u5b66", "\u77e5\u80fd\u60c5\u5831\u5b66"], "keywords": ["\u4eba\u5de5\u77e5\u80fd"], "budget": 13780000, "principal_investigator": {"affiliation": "\u795e\u6238\u5927\u5b66", "name": "\u6c96\u672c \u5929\u592a", "researcher_id": "10632432"}}