{"url": "https://kaken.nii.ac.jp/ja/grant/KAKENHI-PROJECT-17H01735", "kaken_id": "17H01735", "project_name": "\u9ad8\u7cbe\u5ea6\u30c1\u30e3\u30cd\u30eb\u63a8\u5b9a\u3092\u7528\u3044\u305f\u30de\u30eb\u30c1\u30e6\u30fc\u30b6MIMO\u30b7\u30b9\u30c6\u30e0\u306e\u30e6\u30fc\u30b6\u9593\u5e72\u6e09\u9664\u53bb", "grant_category": "\u57fa\u76e4\u7814\u7a76(B)", "fields": ["\u7dcf\u5408\u7cfb", "\u60c5\u5831\u5b66", "\u8a08\u7b97\u57fa\u76e4", "\u60c5\u5831\u30cd\u30c3\u30c8\u30ef\u30fc\u30af"], "keywords": ["\u30cd\u30c3\u30c8\u30ef\u30fc\u30af", "\u79fb\u52d5\u4f53\u901a\u4fe1"], "budget": 9230000, "principal_investigator": {"affiliation": "\u4e5d\u5dde\u5de5\u696d\u5927\u5b66", "name": "\u5c3e\u77e5 \u535a", "researcher_id": "50185617"}}