{"url": "https://kaken.nii.ac.jp/ja/grant/KAKENHI-PROJECT-17H01713", "kaken_id": "17H01713", "project_name": "\u30c8\u30e9\u30f3\u30b8\u30b9\u30bf\u306e\u7279\u6027\u5909\u52d5\u30e2\u30c7\u30eb\u306b\u3082\u3068\u3065\u304f\u6642\u5909\u30c1\u30c3\u30d7 ID \u306e\u5b9f\u73fe", "grant_category": "\u57fa\u76e4\u7814\u7a76(B)", "fields": ["\u7dcf\u5408\u7cfb", "\u60c5\u5831\u5b66", "\u8a08\u7b97\u57fa\u76e4", "\u8a08\u7b97\u6a5f\u30b7\u30b9\u30c6\u30e0"], "keywords": ["\u96c6\u7a4d\u56de\u8def\u8a2d\u8a08", "\u6697\u53f7\u30fb\u8a8d\u8a3c\u7b49"], "budget": 18590000, "principal_investigator": {"affiliation": "\u4eac\u90fd\u5927\u5b66", "name": "\u4f50\u85e4 \u9ad8\u53f2", "researcher_id": "20431992"}}