{"url": "https://kaken.nii.ac.jp/ja/grant/KAKENHI-PROJECT-17H00754", "kaken_id": "17H00754", "project_name": "\u624b\u638c\u89e6\u899a\u4f1d\u9054\u306b\u3088\u308b\u624b\u8853\u624b\u6280\u306e\u9060\u9694VR\u5b9f\u5730\u8a13\u7df4\u57fa\u76e4\u69cb\u7bc9", "grant_category": "\u57fa\u76e4\u7814\u7a76(A)", "fields": ["\u7dcf\u5408\u7cfb", "\u60c5\u5831\u5b66", "\u4eba\u9593\u60c5\u5831\u5b66", "\u30d2\u30e5\u30fc\u30de\u30f3\u30a4\u30f3\u30bf\u30d5\u30a7\u30fc\u30b9\u30fb\u30a4\u30f3\u30bf\u30e9\u30af\u30b7\u30e7\u30f3"], "keywords": ["\u30d0\u30fc\u30c1\u30e3\u30eb\u30ea\u30a2\u30ea\u30c6\u30a3", "\u30cf\u30d7\u30c6\u30a3\u30af\u30b9"], "budget": 44200000, "principal_investigator": {"affiliation": "\u7acb\u547d\u9928\u5927\u5b66", "name": "\u7530\u4e2d \u5f18\u7f8e", "researcher_id": "10268154"}}