{"url": "https://kaken.nii.ac.jp/ja/grant/KAKENHI-PROJECT-17H00749", "kaken_id": "17H00749", "project_name": "\u4f5c\u66f2\u30fb\u6f14\u594f\u30fb\u4fe1\u53f7\u306e\u6570\u7406\u30e2\u30c7\u30eb\u306b\u57fa\u3065\u304f\u97f3\u697d\u306e\u751f\u6210\u3068\u89e3\u6790\u306e\u7814\u7a76", "grant_category": "\u57fa\u76e4\u7814\u7a76(A)", "fields": ["\u7dcf\u5408\u7cfb", "\u60c5\u5831\u5b66", "\u4eba\u9593\u60c5\u5831\u5b66", "\u77e5\u899a\u60c5\u5831\u51e6\u7406"], "keywords": ["\u81ea\u52d5\u4f5c\u8a5e\u4f5c\u66f2", "\u97f3\u697d\u60c5\u5831\u51e6\u7406", "\u591a\u91cd\u97f3\u89e3\u6790", "\u97f3\u697d\u4fe1\u53f7\u51e6\u7406", "\u81ea\u52d5\u4f34\u594f"], "budget": 45630000, "principal_investigator": {"affiliation": "\u660e\u6cbb\u5927\u5b66", "name": "\u5d6f\u5ce8\u5c71 \u8302\u6a39", "researcher_id": "00303321"}}