{"url": "https://kaken.nii.ac.jp/ja/grant/KAKENHI-PROJECT-17H01810", "kaken_id": "17H01810", "project_name": "\u611f\u6027\u30fb\u610f\u6b32\u30fb\u60c5\u52d5\u7cfb\u795e\u7d4c\u30cd\u30c3\u30c8\u30ef\u30fc\u30af\u3092\u99c6\u52d5\u3059\u308b\u904b\u52d5\u30d7\u30e9\u30a4\u30df\u30f3\u30b0\u306e\u795e\u7d4c\u57fa\u76e4\u306e\u89e3\u660e", "grant_category": "\u57fa\u76e4\u7814\u7a76(B)", "fields": ["\u7dcf\u5408\u7cfb", "\u60c5\u5831\u5b66", "\u4eba\u9593\u60c5\u5831\u5b66", "\u611f\u6027\u60c5\u5831\u5b66"], "keywords": ["\u30ea\u30cf\u30d3\u30ea\u30c6\u30fc\u30b7\u30e7\u30f3", "\u611f\u6027\u8133\u79d1\u5b66", "\u8133\u30fb\u795e\u7d4c"], "budget": 14170000, "principal_investigator": {"affiliation": "\u56fd\u7acb\u7814\u7a76\u958b\u767a\u6cd5\u4eba\u7523\u696d\u6280\u8853\u7dcf\u5408\u7814\u7a76\u6240", "name": "\u9ad8\u5cf6 \u4e00\u90ce", "researcher_id": "90357351"}}