{"url": "https://kaken.nii.ac.jp/ja/grant/KAKENHI-PROJECT-17H01695", "kaken_id": "17H01695", "project_name": "\u30a4\u30f3\u30bb\u30f3\u30c6\u30a3\u30d6\u3092\u8003\u616e\u3057\u305f\u6697\u53f7\u57fa\u76e4\u6280\u8853\u306e\u69cb\u7bc9", "grant_category": "\u57fa\u76e4\u7814\u7a76(B)", "fields": ["\u7dcf\u5408\u7cfb", "\u60c5\u5831\u5b66", "\u60c5\u5831\u5b66\u57fa\u790e", "\u60c5\u5831\u5b66\u57fa\u790e\u7406\u8ad6"], "keywords": ["\u30d6\u30ed\u30c3\u30af\u30c1\u30a7\u30fc\u30f3", "\u8a08\u7b97\u8907\u96d1\u3055", "\u30b2\u30fc\u30e0\u7406\u8ad6", "\u30a4\u30f3\u30bb\u30f3\u30c6\u30a3\u30d6", "\u6697\u53f7"], "budget": 15860000, "principal_investigator": {"affiliation": "\u6771\u4eac\u5de5\u696d\u5927\u5b66", "name": "\u7530\u4e2d \u572d\u4ecb", "researcher_id": "20334518"}}