{"url": "https://kaken.nii.ac.jp/ja/grant/KAKENHI-PROJECT-17H01800", "kaken_id": "17H01800", "project_name": "\u8907\u6570\u7a2e\u985e\u306e\u30b0\u30ea\u30c3\u30d1\u3092\u4eee\u5b9a\u3057\u305f\u30ed\u30dc\u30c3\u30c8\u30de\u30cb\u30d4\u30e5\u30ec\u30fc\u30bf\u306e\u4f5c\u696d\u8a08\u753b\u3068\u5236\u5fa1", "grant_category": "\u57fa\u76e4\u7814\u7a76(B)", "fields": ["\u7dcf\u5408\u7cfb", "\u60c5\u5831\u5b66", "\u4eba\u9593\u60c5\u5831\u5b66", "\u77e5\u80fd\u30ed\u30dc\u30c6\u30a3\u30af\u30b9"], "keywords": ["\u77e5\u80fd\u30ed\u30dc\u30c6\u30a3\u30c3\u30af\u30b9"], "budget": 16770000, "principal_investigator": {"affiliation": "\u5927\u962a\u5927\u5b66", "name": "\u539f\u7530 \u7814\u4ecb", "researcher_id": "50294533"}}