{"url": "https://kaken.nii.ac.jp/ja/grant/KAKENHI-PROJECT-17H01702", "kaken_id": "17H01702", "project_name": "\u7d71\u8a08\u7684\u6f38\u8fd1\u89e3\u6790\u306e\u57fa\u790e\u7406\u8ad6", "grant_category": "\u57fa\u76e4\u7814\u7a76(B)", "fields": ["\u7dcf\u5408\u7cfb", "\u60c5\u5831\u5b66", "\u60c5\u5831\u5b66\u57fa\u790e", "\u7d71\u8a08\u79d1\u5b66"], "keywords": ["\u78ba\u7387\u8ad6", "\u7d71\u8a08\u6570\u5b66"], "budget": 15990000, "principal_investigator": {"affiliation": "\u6771\u4eac\u5927\u5b66", "name": "\u5409\u7530 \u670b\u5e83", "researcher_id": "90210707"}}