{"url": "https://kaken.nii.ac.jp/ja/grant/KAKENHI-PROJECT-17H01806", "kaken_id": "17H01806", "project_name": "\u611f\u6027\u6a5f\u80fd\u5074\u6027\u5316\u3068\u8996\u899a\u7cfb\u6a5f\u80fd\u5206\u5316\u3068\u306e\u95a2\u9023", "grant_category": "\u57fa\u76e4\u7814\u7a76(B)", "fields": ["\u7dcf\u5408\u7cfb", "\u60c5\u5831\u5b66", "\u4eba\u9593\u60c5\u5831\u5b66", "\u611f\u6027\u60c5\u5831\u5b66"], "keywords": ["\u7f8e\u7684\u8a55\u4fa1", "\u611f\u6027", "\u8996\u899a\u51e6\u7406", "\u5074\u6027\u5316"], "budget": 16250000, "principal_investigator": {"affiliation": "\u91d1\u6ca2\u5927\u5b66", "name": "\u5c0f\u5cf6 \u6cbb\u5e78", "researcher_id": "40334742"}}