{"url": "https://kaken.nii.ac.jp/ja/grant/KAKENHI-PROJECT-17H01779", "kaken_id": "17H01779", "project_name": "\u30a6\u30a7\u30a2\u30e9\u30d6\u30eb\u30bb\u30f3\u30b5\u30fc\u306b\u3088\u308b\u4ecb\u8b77\u30b1\u30a2\u30b9\u30ad\u30eb\u306e\u5b9a\u91cf\u5316", "grant_category": "\u57fa\u76e4\u7814\u7a76(B)", "fields": ["\u7dcf\u5408\u7cfb", "\u60c5\u5831\u5b66", "\u4eba\u9593\u60c5\u5831\u5b66", "\u30d2\u30e5\u30fc\u30de\u30f3\u30a4\u30f3\u30bf\u30d5\u30a7\u30fc\u30b9\u30fb\u30a4\u30f3\u30bf\u30e9\u30af\u30b7\u30e7\u30f3"], "keywords": ["\u753b\u50cf\u8a08\u6e2c", "\u30a6\u30a7\u30a2\u30e9\u30d6\u30eb", "\u4ecb\u8b77", "\u30d2\u30e5\u30fc\u30de\u30f3\u30a4\u30f3\u30bf\u30d5\u30a7\u30fc\u30b9\u30fb\u30a4\u30f3\u30bf\u30e9\u30af\u30b7\u30e7\u30f3"], "budget": 13390000, "principal_investigator": {"affiliation": "\u4eac\u90fd\u5927\u5b66", "name": "\u4e2d\u6fa4 \u7be4\u5fd7", "researcher_id": "20362593"}}