{"url": "https://kaken.nii.ac.jp/ja/grant/KAKENHI-PROJECT-17H06761", "kaken_id": "17H06761", "project_name": "\u5916\u56fd\u306b\u30eb\u30fc\u30c4\u3092\u6301\u3064\u5bb6\u5ead\u3092\u5bfe\u8c61\u3068\u3057\u305f\u516c\u5171\u56f3\u66f8\u9928\u306e\u8aad\u66f8\u652f\u63f4\u306b\u95a2\u3059\u308b\u5b9f\u8a3c\u7684\u7814\u7a76", "grant_category": "\u7814\u7a76\u6d3b\u52d5\u30b9\u30bf\u30fc\u30c8\u652f\u63f4", "fields": ["\u7dcf\u5408\u7cfb", "\u60c5\u5831\u5b66", "\u60c5\u5831\u5b66\u30d5\u30ed\u30f3\u30c6\u30a3\u30a2", "\u56f3\u66f8\u9928\u60c5\u5831\u5b66\u30fb\u4eba\u6587\u793e\u4f1a\u60c5\u5831\u5b66"], "keywords": [], "budget": 2730000, "principal_investigator": {"affiliation": "\u4e09\u91cd\u5927\u5b66", "name": "\u548c\u6c17 \u5c1a\u7f8e", "researcher_id": "80799742"}}