{"url": "https://kaken.nii.ac.jp/ja/grant/KAKENHI-PROJECT-17H06681", "kaken_id": "17H06681", "project_name": "IoT\u6a5f\u5668\u306e\u30b5\u30a4\u30c9\u30c1\u30e3\u30cd\u30eb\u653b\u6483\u8010\u6027\u8a55\u4fa1\u306e\u305f\u3081\u306e\u30c6\u30b9\u30c8\u30d9\u30c3\u30c9\u69cb\u7bc9", "grant_category": "\u7814\u7a76\u6d3b\u52d5\u30b9\u30bf\u30fc\u30c8\u652f\u63f4", "fields": ["\u7dcf\u5408\u7cfb", "\u60c5\u5831\u5b66", "\u8a08\u7b97\u57fa\u76e4", "\u60c5\u5831\u30bb\u30ad\u30e5\u30ea\u30c6\u30a3"], "keywords": [], "budget": 2990000, "principal_investigator": {"affiliation": "\u96fb\u6c17\u901a\u4fe1\u5927\u5b66", "name": "\u83c5\u539f \u5065", "researcher_id": "60785236"}}