{"url": "https://kaken.nii.ac.jp/ja/grant/KAKENHI-PROJECT-17H01847", "kaken_id": "17H01847", "project_name": "\u97f3\u697d\u64cd\u4f5c\u306e\u84c4\u7a4d\u3068\u518d\u5229\u7528\u306b\u95a2\u3059\u308b\u7814\u7a76", "grant_category": "\u57fa\u76e4\u7814\u7a76(B)", "fields": ["\u7dcf\u5408\u7cfb", "\u60c5\u5831\u5b66", "\u60c5\u5831\u5b66\u30d5\u30ed\u30f3\u30c6\u30a3\u30a2", "\u30a8\u30f3\u30bf\u30c6\u30a4\u30f3\u30e1\u30f3\u30c8\u30fb\u30b2\u30fc\u30e0\u60c5\u5831\u5b66"], "keywords": ["\u84c4\u7a4d\u3068\u518d\u5229\u7528", "\u8a08\u7b97\u8ad6\u7684\u97f3\u697d\u7406\u8ad6", "\u6df1\u5c64\u5b66\u7fd2 (deep learning)", "\u97f3\u697d\u7406\u8ad6GTTM", "\u97f3\u697d\u64cd\u4f5c"], "budget": 15730000, "principal_investigator": {"affiliation": "\u56fd\u7acb\u7814\u7a76\u958b\u767a\u6cd5\u4eba\u7406\u5316\u5b66\u7814\u7a76\u6240", "name": "\u6d5c\u4e2d \u96c5\u4fca", "researcher_id": "30451686"}}