{"url": "https://kaken.nii.ac.jp/ja/grant/KAKENHI-PROJECT-17H01738", "kaken_id": "17H01738", "project_name": "Massive MIMO\u3092\u7528\u3044\u305f3\u6b21\u5143\u30c9\u30ed\u30fc\u30f3\u30e1\u30c3\u30b7\u30e5\u30cd\u30c3\u30c8\u30ef\u30fc\u30af\u5236\u5fa1\u306e\u7814\u7a76", "grant_category": "\u57fa\u76e4\u7814\u7a76(B)", "fields": ["\u7dcf\u5408\u7cfb", "\u60c5\u5831\u5b66", "\u8a08\u7b97\u57fa\u76e4", "\u60c5\u5831\u30cd\u30c3\u30c8\u30ef\u30fc\u30af"], "keywords": ["\u60c5\u5831\u5de5\u5b66"], "budget": 18460000, "principal_investigator": {"affiliation": "\u65e5\u672c\u5de5\u696d\u5927\u5b66", "name": "\u5e73\u6817 \u5065\u53f2", "researcher_id": "90582817"}}