{"url": "https://kaken.nii.ac.jp/ja/grant/KAKENHI-PROJECT-17H01732", "kaken_id": "17H01732", "project_name": "\u5b9f\u7a7a\u9593\u30ca\u30ec\u30c3\u30b8\u304c\u6c42\u3081\u3089\u308c\u308b\u6642\u4ee3\u306e\u65b0\u305f\u306a\u30c7\u30fc\u30bf\u91cd\u8981\u5ea6\u306b\u3088\u308b\u901a\u4fe1\u5236\u5fa1", "grant_category": "\u57fa\u76e4\u7814\u7a76(B)", "fields": ["\u7dcf\u5408\u7cfb", "\u60c5\u5831\u5b66", "\u8a08\u7b97\u57fa\u76e4", "\u60c5\u5831\u30cd\u30c3\u30c8\u30ef\u30fc\u30af"], "keywords": ["\u6a5f\u68b0\u5b66\u7fd2", "\u30c7\u30fc\u30bf\u91cd\u8981\u5ea6", "\u53ef\u63a8\u5b9a\u6027", "\u30cd\u30c3\u30c8\u30ef\u30fc\u30af\u30a2\u30fc\u30ad\u30c6\u30af\u30c1\u30e3"], "budget": 18720000, "principal_investigator": {"affiliation": "\u4eac\u90fd\u5927\u5b66", "name": "\u65b0\u718a \u4eae\u4e00", "researcher_id": "70362580"}}