{"url": "https://kaken.nii.ac.jp/ja/grant/KAKENHI-PROJECT-17H01763", "kaken_id": "17H01763", "project_name": "\u7a7a\u6c17\uff0f\u4f53\u5185\u4f1d\u5c0e\u97f3\u4fe1\u53f7\u306e\u76f8\u88dc\u7684\u6d3b\u7528\u306b\u57fa\u3065\u304f\u97f3\u58f0\uff0f\u97f3\u74b0\u5883\u60c5\u5831\u51e6\u7406\u57fa\u76e4\u306e\u69cb\u7bc9", "grant_category": "\u57fa\u76e4\u7814\u7a76(B)", "fields": ["\u7dcf\u5408\u7cfb", "\u60c5\u5831\u5b66", "\u4eba\u9593\u60c5\u5831\u5b66", "\u77e5\u899a\u60c5\u5831\u51e6\u7406"], "keywords": ["\u97f3\u58f0\u7b49\u8a8d\u8b58"], "budget": 17810000, "principal_investigator": {"affiliation": "\u540d\u53e4\u5c4b\u5927\u5b66", "name": "\u6238\u7530 \u667a\u57fa", "researcher_id": "90403328"}}