{"url": "https://kaken.nii.ac.jp/ja/grant/KAKENHI-PROJECT-17H01743", "kaken_id": "17H01743", "project_name": "GNSS\u30b7\u30df\u30e5\u30ec\u30fc\u30b7\u30e7\u30f3\u306b\u3088\u308b\u5c4b\u5185\u5c4b\u5916\u30b7\u30fc\u30e0\u30ec\u30b9\u30fb\u30ca\u30d3\u30b2\u30fc\u30b7\u30e7\u30f3\u306e\u7814\u7a76", "grant_category": "\u57fa\u76e4\u7814\u7a76(B)", "fields": ["\u7dcf\u5408\u7cfb", "\u60c5\u5831\u5b66", "\u8a08\u7b97\u57fa\u76e4", "\u60c5\u5831\u30cd\u30c3\u30c8\u30ef\u30fc\u30af"], "keywords": ["\u79fb\u52d5\u4f53\u901a\u4fe1", "\u96fb\u5b50\u822a\u6cd5", "\u8a08\u6e2c\u5de5\u5b66", "\u97f3\u97ff\u6e2c\u4f4d", "\u60c5\u5831\u901a\u4fe1\u5de5\u5b66"], "budget": 6240000, "principal_investigator": {"affiliation": "\u56fd\u7acb\u60c5\u5831\u5b66\u7814\u7a76\u6240", "name": "\u6a4b\u722a \u5b8f\u9054", "researcher_id": "40172853"}}