{"url": "https://kaken.nii.ac.jp/ja/grant/KAKENHI-PROJECT-17H06570", "kaken_id": "17H06570", "project_name": "\u9ad8\u6b21\u5143\u72b6\u6cc1\u4e0b\u306e\u8ee2\u79fb\u5b66\u7fd2\u306b\u304a\u3051\u308b\u9ad8\u901f\u304b\u3064\u9ad8\u7cbe\u5ea6\u306a\u5206\u5e03\u4e88\u6e2c\u624b\u6cd5\u306e\u958b\u767a", "grant_category": "\u7814\u7a76\u6d3b\u52d5\u30b9\u30bf\u30fc\u30c8\u652f\u63f4", "fields": ["\u7dcf\u5408\u7cfb", "\u60c5\u5831\u5b66", "\u60c5\u5831\u5b66\u57fa\u790e", "\u7d71\u8a08\u79d1\u5b66"], "keywords": [], "budget": 1950000, "principal_investigator": {"affiliation": "\u6771\u4eac\u5927\u5b66", "name": "\u77e2\u91ce \u6075\u4f51", "researcher_id": "20806070"}}