{"url": "https://kaken.nii.ac.jp/ja/grant/KAKENHI-PROJECT-17H01739", "kaken_id": "17H01739", "project_name": "\u30af\u30ea\u30c6\u30a3\u30ab\u30eb\u30b5\u30fc\u30d3\u30b9\u3092\u63d0\u4f9b\u53ef\u80fd\u306a\u30b9\u30de\u30fc\u30c8\u30b3\u30df\u30e5\u30cb\u30c6\u30a3\u57fa\u76e4\u306e\u7814\u7a76", "grant_category": "\u57fa\u76e4\u7814\u7a76(B)", "fields": ["\u7dcf\u5408\u7cfb", "\u60c5\u5831\u5b66", "\u8a08\u7b97\u57fa\u76e4", "\u60c5\u5831\u30cd\u30c3\u30c8\u30ef\u30fc\u30af"], "keywords": ["\u60c5\u5831\u30b7\u30b9\u30c6\u30e0", "\u30b9\u30de\u30fc\u30c8\u30b3\u30df\u30e5\u30cb\u30c6\u30a3", "\u30b5\u30fc\u30d3\u30b9\u69cb\u7bc9\u57fa\u76e4\u6280\u8853"], "budget": 18850000, "principal_investigator": {"affiliation": "\u6176\u61c9\u7fa9\u587e\u5927\u5b66", "name": "\u897f \u5b8f\u7ae0", "researcher_id": "00365470"}}