{"url": "https://kaken.nii.ac.jp/ja/grant/KAKENHI-PROJECT-17H07357", "kaken_id": "17H07357", "project_name": "\u30cd\u30c3\u30c8\u30ef\u30fc\u30af\u4e0a\u306e\u30b3\u30df\u30e5\u30cb\u30c6\u30a3\u691c\u51fa\u306b\u5bfe\u3059\u308b\u6700\u9069\u5316\u57fa\u76e4\u306e\u78ba\u7acb", "grant_category": "\u7814\u7a76\u6d3b\u52d5\u30b9\u30bf\u30fc\u30c8\u652f\u63f4", "fields": ["\u7dcf\u5408\u7cfb", "\u60c5\u5831\u5b66", "\u60c5\u5831\u5b66\u57fa\u790e", "\u6570\u7406\u60c5\u5831\u5b66"], "keywords": [], "budget": 2990000, "principal_investigator": {"affiliation": "\u56fd\u7acb\u7814\u7a76\u958b\u767a\u6cd5\u4eba\u7406\u5316\u5b66\u7814\u7a76\u6240", "name": "\u5bae\u5185 \u6566\u53f2", "researcher_id": "80804202"}}