{"url": "https://kaken.nii.ac.jp/ja/grant/KAKENHI-PROJECT-17H07039", "kaken_id": "17H07039", "project_name": "\u77e5\u899a\u60c5\u5831\u51e6\u7406\u306e\u719f\u9054\u5316\u306b\u77e5\u899a\u7d4c\u9a13\u306e\u8a00\u8a9e\u5316\u304c\u53ca\u307c\u3059\u5f71\u97ff\u306e\u691c\u8a0e", "grant_category": "\u7814\u7a76\u6d3b\u52d5\u30b9\u30bf\u30fc\u30c8\u652f\u63f4", "fields": ["\u7dcf\u5408\u7cfb", "\u60c5\u5831\u5b66", "\u4eba\u9593\u60c5\u5831\u5b66", "\u8a8d\u77e5\u79d1\u5b66"], "keywords": [], "budget": 2730000, "principal_investigator": {"affiliation": "\u9ad8\u77e5\u5de5\u79d1\u5927\u5b66", "name": "\u6ce2\u591a\u91ce \u6587", "researcher_id": "60805084"}}