{"url": "https://kaken.nii.ac.jp/ja/grant/KAKENHI-PROJECT-17H01752", "kaken_id": "17H01752", "project_name": "\u63a8\u6e2c\u79d8\u533f\u6027\u306b\u57fa\u3065\u304f\u60c5\u5831\u7406\u8ad6\u7684\u6697\u53f7\u7406\u8ad6\u306e\u65b0\u5c55\u958b", "grant_category": "\u57fa\u76e4\u7814\u7a76(B)", "fields": ["\u7dcf\u5408\u7cfb", "\u60c5\u5831\u5b66", "\u8a08\u7b97\u57fa\u76e4", "\u60c5\u5831\u30bb\u30ad\u30e5\u30ea\u30c6\u30a3"], "keywords": ["\u79d8\u5bc6\u5206\u6563\u6cd5", "\u63a8\u6e2c\u79d8\u533f\u6027", "\u5171\u901a\u9375\u6697\u53f7", "\u60c5\u5831\u7406\u8ad6\u7684\u5b89\u5168\u6027"], "budget": 18330000, "principal_investigator": {"affiliation": "\u96fb\u6c17\u901a\u4fe1\u5927\u5b66", "name": "\u5ca9\u672c \u8ca2", "researcher_id": "50377016"}}