{"url": "https://kaken.nii.ac.jp/ja/grant/KAKENHI-PROJECT-17H01773", "kaken_id": "17H01773", "project_name": "\u7d4c\u8def\u64ae\u5f71\u306b\u57fa\u3065\u304f\u6b69\u884c\u8005\u30fb\u30d1\u30fc\u30bd\u30ca\u30eb\u30e2\u30d3\u30ea\u30c6\u30a3\u30ca\u30d3\u30b2\u30fc\u30b7\u30e7\u30f3\u57fa\u76e4\u306e\u69cb\u7bc9", "grant_category": "\u57fa\u76e4\u7814\u7a76(B)", "fields": ["\u7dcf\u5408\u7cfb", "\u60c5\u5831\u5b66", "\u4eba\u9593\u60c5\u5831\u5b66", "\u30d2\u30e5\u30fc\u30de\u30f3\u30a4\u30f3\u30bf\u30d5\u30a7\u30fc\u30b9\u30fb\u30a4\u30f3\u30bf\u30e9\u30af\u30b7\u30e7\u30f3"], "keywords": ["\u8907\u5408\u73fe\u5b9f\u611f", "\u6620\u50cf\u89e3\u6790", "\u30b3\u30f3\u30d4\u30e5\u30fc\u30bf\u30d3\u30b8\u30e7\u30f3", "\u30e6\u30fc\u30b6\u30a4\u30f3\u30bf\u30d5\u30a7\u30fc\u30b9"], "budget": 16250000, "principal_investigator": {"affiliation": "\u7b51\u6ce2\u5927\u5b66", "name": "\u4e80\u7530 \u80fd\u6210", "researcher_id": "70283637"}}