{"url": "https://kaken.nii.ac.jp/ja/grant/KAKENHI-PROJECT-17H01816", "kaken_id": "17H01816", "project_name": "\u9ad8\u54c1\u8ceaCT\u753b\u50cf\u306e\u52b9\u7387\u7684\u306a\u518d\u69cb\u6210", "grant_category": "\u57fa\u76e4\u7814\u7a76(B)", "fields": ["\u7dcf\u5408\u7cfb", "\u60c5\u5831\u5b66", "\u60c5\u5831\u5b66\u30d5\u30ed\u30f3\u30c6\u30a3\u30a2", "\u751f\u547d\u30fb\u5065\u5eb7\u30fb\u533b\u7642\u60c5\u5831\u5b66"], "keywords": ["\u6a5f\u68b0\u5b66\u7fd2", "\u6570\u7406\u5de5\u5b66", "\u8d85\u9ad8\u901f\u60c5\u5831\u51e6\u7406", "\u753b\u50cf\u3001\u6587\u7ae0\u3001\u97f3\u58f0\u7b49\u8a8d\u8b58"], "budget": 16770000, "principal_investigator": {"affiliation": "\u9999\u5ddd\u5927\u5b66", "name": "\u5800\u5ddd \u6d0b", "researcher_id": "60181533"}}