{"url": "https://kaken.nii.ac.jp/ja/grant/KAKENHI-PROJECT-17K00068", "kaken_id": "17K00068", "project_name": "\u6642\u7cfb\u5217\u30e2\u30c7\u30ea\u30f3\u30b0\u306b\u57fa\u3065\u304f\u591a\u6bb5\u578b\u30de\u30c3\u30c9\u30d1\u30eb\u30b9\u4f1d\u9001\u306e\u9ad8\u901f\u5316", "grant_category": "\u57fa\u76e4\u7814\u7a76(C)", "fields": ["\u7dcf\u5408\u7cfb", "\u60c5\u5831\u5b66", "\u60c5\u5831\u5b66\u57fa\u790e", "\u7d71\u8a08\u79d1\u5b66"], "keywords": ["\u6642\u7cfb\u5217\u89e3\u6790", "\u7d71\u8a08\u30e2\u30c7\u30ea\u30f3\u30b0"], "budget": 4550000, "principal_investigator": {"affiliation": "\u7d71\u8a08\u6570\u7406\u7814\u7a76\u6240", "name": "\u5c0f\u5c71 \u614e\u4ecb", "researcher_id": "20589999"}}