{"url": "https://kaken.nii.ac.jp/ja/grant/KAKENHI-PROJECT-17K00039", "kaken_id": "17K00039", "project_name": "\u975e\u7dda\u5f62\u6700\u9069\u5316\u554f\u984c\u306b\u5bfe\u3059\u308b\u6570\u5024\u8a08\u7b97\u30a2\u30eb\u30b4\u30ea\u30ba\u30e0\u306e\u7814\u7a76\u3068\u305d\u306e\u5b9f\u88c5", "grant_category": "\u57fa\u76e4\u7814\u7a76(C)", "fields": ["\u7dcf\u5408\u7cfb", "\u60c5\u5831\u5b66", "\u60c5\u5831\u5b66\u57fa\u790e", "\u6570\u7406\u60c5\u5831\u5b66"], "keywords": ["\u30a2\u30eb\u30b4\u30ea\u30ba\u30e0", "\u5fdc\u7528\u6570\u5b66"], "budget": 2730000, "principal_investigator": {"affiliation": "\u6771\u4eac\u7406\u79d1\u5927\u5b66", "name": "\u77e2\u90e8 \u535a", "researcher_id": "90158056"}}