{"url": "https://kaken.nii.ac.jp/ja/grant/KAKENHI-PROJECT-17K00023", "kaken_id": "17K00023", "project_name": "\u975e\u4e00\u69d8\u60c5\u5831\u6e90\u306b\u5bfe\u3059\u308b\u9ad8\u52b9\u7387\u975e\u53ef\u9006\u30c7\u30fc\u30bf\u5727\u7e2e", "grant_category": "\u57fa\u76e4\u7814\u7a76(C)", "fields": ["\u7dcf\u5408\u7cfb", "\u60c5\u5831\u5b66", "\u60c5\u5831\u5b66\u57fa\u790e", "\u60c5\u5831\u5b66\u57fa\u790e\u7406\u8ad6"], "keywords": ["\u975e\u4e00\u69d8\u60c5\u5831\u6e90", "\u975e\u53ef\u9006\u30c7\u30fc\u30bf\u5727\u7e2e", "\u30ec\u30fc\u30c8\u6b6a\u9650\u754c"], "budget": 2990000, "principal_investigator": {"affiliation": "\u95a2\u897f\u5b66\u9662\u5927\u5b66", "name": "\u4e95\u5742 \u5143\u5f66", "researcher_id": "50351739"}}