{"url": "https://kaken.nii.ac.jp/ja/grant/KAKENHI-PROJECT-17K00320", "kaken_id": "17K00320", "project_name": "\u8cea\u306e\u7570\u306a\u308b\u5316\u5408\u7269\u30c7\u30fc\u30bf\u30d9\u30fc\u30b9\u304b\u3089\u306e\u85ac\u7406\u6d3b\u6027\u4e88\u6e2c\u30e2\u30c7\u30eb\u306e\u5b66\u7fd2", "grant_category": "\u57fa\u76e4\u7814\u7a76(C)", "fields": ["\u7dcf\u5408\u7cfb", "\u60c5\u5831\u5b66", "\u4eba\u9593\u60c5\u5831\u5b66", "\u77e5\u80fd\u60c5\u5831\u5b66"], "keywords": ["\u6a5f\u68b0\u5b66\u7fd2", "\u30c7\u30fc\u30bf\u30de\u30a4\u30cb\u30f3\u30b0", "\u30b1\u30e2\u30a4\u30f3\u30d5\u30a9\u30de\u30c6\u30a3\u30af\u30b9", "\u6df1\u5c64\u5b66\u7fd2"], "budget": 4550000, "principal_investigator": {"affiliation": "\u95a2\u897f\u5b66\u9662\u5927\u5b66", "name": "\u732a\u53e3 \u660e\u535a", "researcher_id": "70452456"}}