{"url": "https://kaken.nii.ac.jp/ja/grant/KAKENHI-PROJECT-17K00326", "kaken_id": "17K00326", "project_name": "High-Order Deep Learning Models: Theoretical Study and Applications", "grant_category": "\u57fa\u76e4\u7814\u7a76(C)", "fields": ["\u7dcf\u5408\u7cfb", "\u60c5\u5831\u5b66", "\u4eba\u9593\u60c5\u5831\u5b66", "\u77e5\u80fd\u60c5\u5831\u5b66"], "keywords": ["Tensor Decomposition", "Tensor Networks", "Deep Learning"], "budget": 4550000, "principal_investigator": {"affiliation": "\u56fd\u7acb\u7814\u7a76\u958b\u767a\u6cd5\u4eba\u7406\u5316\u5b66\u7814\u7a76\u6240", "name": "ZHAO QIBIN", "researcher_id": "30599618"}}