{"url": "https://kaken.nii.ac.jp/ja/grant/KAKENHI-PROJECT-17K00234", "kaken_id": "17K00234", "project_name": "\u97f3\u58f0\u306e\u9577\u6642\u9593\u4f4d\u76f8\u30b9\u30da\u30af\u30c8\u30eb\u3092\u5229\u7528\u3057\u305f\u753b\u50cf\u306e\u97f3\u5909\u63db\u306b\u95a2\u3059\u308b\u7814\u7a76", "grant_category": "\u57fa\u76e4\u7814\u7a76(C)", "fields": ["\u7dcf\u5408\u7cfb", "\u60c5\u5831\u5b66", "\u4eba\u9593\u60c5\u5831\u5b66", "\u77e5\u899a\u60c5\u5831\u51e6\u7406"], "keywords": ["\u97f3\u58f0\u7b49\u8a8d\u8b58", "\u60c5\u5831\u30b7\u30b9\u30c6\u30e0", "\u753b\u50cf", "\u60c5\u5831\u901a\u4fe1\u5de5\u5b66"], "budget": 3510000, "principal_investigator": {"affiliation": "\u5927\u962a\u5927\u5b66", "name": "\u5ddd\u6751 \u65b0", "researcher_id": "60362646"}}