{"url": "https://kaken.nii.ac.jp/ja/grant/KAKENHI-PROJECT-17K00042", "kaken_id": "17K00042", "project_name": "\u30e2\u30c7\u30eb\u9078\u629e\u306e\u305f\u3081\u306e\u60c5\u5831\u91cf\u898f\u6e96\u306e\u6f38\u8fd1\u7684\u6027\u8cea", "grant_category": "\u57fa\u76e4\u7814\u7a76(C)", "fields": ["\u7dcf\u5408\u7cfb", "\u60c5\u5831\u5b66", "\u60c5\u5831\u5b66\u57fa\u790e", "\u7d71\u8a08\u79d1\u5b66"], "keywords": ["\u60c5\u5831\u91cf\u898f\u6e96", "\u6f38\u8fd1\u7406\u8ad6", "\u30e2\u30c7\u30eb\u9078\u629e"], "budget": 4550000, "principal_investigator": {"affiliation": "\u5c0f\u6a3d\u5546\u79d1\u5927\u5b66", "name": "\u5c0f\u7b20\u539f \u6625\u5f66", "researcher_id": "70271731"}}