{"url": "https://kaken.nii.ac.jp/ja/grant/KAKENHI-PROJECT-17K00442", "kaken_id": "17K00442", "project_name": "\u52d5\u753b\u50cf\u89e3\u6790\u306b\u57fa\u3065\u304f\u8a8d\u77e5\u75c7\u60a3\u8005\u306e\u75db\u307f\u63a8\u5b9a\u30b7\u30b9\u30c6\u30e0\u306e\u69cb\u7bc9", "grant_category": "\u57fa\u76e4\u7814\u7a76(C)", "fields": ["\u7dcf\u5408\u7cfb", "\u60c5\u5831\u5b66", "\u60c5\u5831\u5b66\u30d5\u30ed\u30f3\u30c6\u30a3\u30a2", "\u30a6\u30a7\u30d6\u60c5\u5831\u5b66\u30fb\u30b5\u30fc\u30d3\u30b9\u60c5\u5831\u5b66"], "keywords": ["\u8868\u60c5", "\u8a8d\u77e5\u75c7", "\u753b\u50cf", "\u75db\u307f"], "budget": 4550000, "principal_investigator": {"affiliation": "\u9ad8\u77e5\u5de5\u79d1\u5927\u5b66", "name": "\u6817\u539f \u5fb9", "researcher_id": "50401245"}}