{"url": "https://kaken.nii.ac.jp/ja/grant/KAKENHI-PROJECT-17K00121", "kaken_id": "17K00121", "project_name": "\u751f\u614b\u89b3\u6e2c\u306e\u305f\u3081\u306e\u5206\u6563\u578b\u8efd\u91cf\u30d7\u30e9\u30c3\u30c8\u30db\u30fc\u30e0\u6280\u8853\u306e\u7814\u7a76\u958b\u767a", "grant_category": "\u57fa\u76e4\u7814\u7a76(C)", "fields": ["\u7dcf\u5408\u7cfb", "\u60c5\u5831\u5b66", "\u8a08\u7b97\u57fa\u76e4", "\u60c5\u5831\u30cd\u30c3\u30c8\u30ef\u30fc\u30af"], "keywords": ["\u30cd\u30c3\u30c8\u30ef\u30fc\u30af\u69cb\u6210\u30fb\u904b\u7528\u30fb\u7ba1\u7406\u30fb\u8a55\u4fa1\u6280\u8853", "\u30cd\u30c3\u30c8\u30ef\u30fc\u30af", "\u751f\u614b\u89b3\u6e2c\u30b7\u30b9\u30c6\u30e0"], "budget": 4550000, "principal_investigator": {"affiliation": "\u9577\u5ca1\u6280\u8853\u79d1\u5b66\u5927\u5b66", "name": "\u5c71\u5d0e \u514b\u4e4b", "researcher_id": "00432097"}}