{"url": "https://kaken.nii.ac.jp/ja/grant/KAKENHI-PROJECT-17K00291", "kaken_id": "17K00291", "project_name": "\u30c0\u30a4\u30d0\u30fc(\u6f5c\u6c34\u8005)\u306e\u305f\u3081\u306e\u6b21\u4e16\u4ee3\u53e3\u8154\u5185\u30bb\u30f3\u30b7\u30f3\u30b0\u30b7\u30b9\u30c6\u30e0\u306e\u958b\u767a", "grant_category": "\u57fa\u76e4\u7814\u7a76(C)", "fields": ["\u7dcf\u5408\u7cfb", "\u60c5\u5831\u5b66", "\u4eba\u9593\u60c5\u5831\u5b66", "\u30d2\u30e5\u30fc\u30de\u30f3\u30a4\u30f3\u30bf\u30d5\u30a7\u30fc\u30b9\u30fb\u30a4\u30f3\u30bf\u30e9\u30af\u30b7\u30e7\u30f3"], "keywords": ["\u30bb\u30f3\u30b5\u30fc", "\u30c0\u30a4\u30d0\u30fc", "\u53e3\u8154", "\u30d2\u30e5\u30fc\u30de\u30f3\u30a4\u30f3\u30bf\u30d5\u30a7\u30fc\u30b9"], "budget": 4550000, "principal_investigator": {"affiliation": "\u5175\u5eab\u770c\u7acb\u5de5\u696d\u6280\u8853\u30bb\u30f3\u30bf\u30fc", "name": "\u7027\u6fa4 \u7531\u4f73\u5b50", "researcher_id": "20470255"}}