{"url": "https://kaken.nii.ac.jp/ja/grant/KAKENHI-PROJECT-17K00009", "kaken_id": "17K00009", "project_name": "\u60c5\u5831\u7406\u8ad6\u306b\u3088\u308b\u30b9\u30d4\u30f3\u30b0\u30e9\u30b9\u306e\u7814\u7a76", "grant_category": "\u57fa\u76e4\u7814\u7a76(C)", "fields": ["\u7dcf\u5408\u7cfb", "\u60c5\u5831\u5b66", "\u60c5\u5831\u5b66\u57fa\u790e", "\u60c5\u5831\u5b66\u57fa\u790e\u7406\u8ad6"], "keywords": ["\u7d71\u8a08\u529b\u5b66", "\u60c5\u5831\u57fa\u790e", "\u7269\u6027\u7406\u8ad6"], "budget": 4290000, "principal_investigator": {"affiliation": "\u5bcc\u5c71\u5927\u5b66", "name": "\u6751\u5c71 \u7acb\u4eba", "researcher_id": "80360650"}}