{"url": "https://kaken.nii.ac.jp/ja/grant/KAKENHI-PROJECT-17K00458", "kaken_id": "17K00458", "project_name": "\u300c\u516c\u5171\u7a7a\u9593\u300d\u3068\u3057\u3066\u306e\u56f3\u66f8\u9928\u306e\u5148\u9032\u7684\u7814\u7a76", "grant_category": "\u57fa\u76e4\u7814\u7a76(C)", "fields": ["\u7dcf\u5408\u7cfb", "\u60c5\u5831\u5b66", "\u60c5\u5831\u5b66\u30d5\u30ed\u30f3\u30c6\u30a3\u30a2", "\u56f3\u66f8\u9928\u60c5\u5831\u5b66\u30fb\u4eba\u6587\u793e\u4f1a\u60c5\u5831\u5b66"], "keywords": ["\u56f3\u66f8\u9928\u5b66"], "budget": 4550000, "principal_investigator": {"affiliation": "\u795e\u6238\u5973\u5b50\u5927\u5b66", "name": "\u4e45\u91ce \u548c\u5b50", "researcher_id": "80635524"}}