{"url": "https://kaken.nii.ac.jp/ja/grant/KAKENHI-PROJECT-17K00018", "kaken_id": "17K00018", "project_name": "\u30b0\u30e9\u30d5\u306e\u30cf\u30df\u30eb\u30c8\u30f3\u6761\u4ef6\u3068\u8a08\u7b97\u91cf", "grant_category": "\u57fa\u76e4\u7814\u7a76(C)", "fields": ["\u7dcf\u5408\u7cfb", "\u60c5\u5831\u5b66", "\u60c5\u5831\u5b66\u57fa\u790e", "\u60c5\u5831\u5b66\u57fa\u790e\u7406\u8ad6"], "keywords": ["\u30b0\u30e9\u30d5\u7406\u8ad6", "\u96e2\u6563\u6570\u5b66"], "budget": 4550000, "principal_investigator": {"affiliation": "\u65e5\u672c\u5927\u5b66", "name": "\u658e\u85e4 \u660e", "researcher_id": "90186924"}}