{"url": "https://kaken.nii.ac.jp/ja/grant/KAKENHI-PROJECT-17K00264", "kaken_id": "17K00264", "project_name": "\u5927\u898f\u6a21\u30a4\u30d9\u30f3\u30c8\u30c7\u30fc\u30bf\u306e\u4fef\u77b0\u306e\u305f\u3081\u306e\u53ef\u8996\u5316\u624b\u6cd5\u306e\u7814\u7a76", "grant_category": "\u57fa\u76e4\u7814\u7a76(C)", "fields": ["\u7dcf\u5408\u7cfb", "\u60c5\u5831\u5b66", "\u4eba\u9593\u60c5\u5831\u5b66", "\u30d2\u30e5\u30fc\u30de\u30f3\u30a4\u30f3\u30bf\u30d5\u30a7\u30fc\u30b9\u30fb\u30a4\u30f3\u30bf\u30e9\u30af\u30b7\u30e7\u30f3"], "keywords": ["2.5\u6b21\u5143\u8868\u73fe", "\u30a4\u30d9\u30f3\u30c8\u30c7\u30fc\u30bf", "\u60c5\u5831\u53ef\u8996\u5316"], "budget": 4420000, "principal_investigator": {"affiliation": "\u7b51\u6ce2\u5927\u5b66", "name": "\u4e09\u672b \u548c\u7537", "researcher_id": "50375424"}}