{"url": "https://kaken.nii.ac.jp/ja/grant/KAKENHI-PROJECT-17K00024", "kaken_id": "17K00024", "project_name": "\u69cb\u9020\u5909\u5316\u3092\u4f34\u3046\u9ad8\u54c1\u8cea\u30b0\u30e9\u30d5\u306e\u767a\u898b\u624b\u6cd5", "grant_category": "\u57fa\u76e4\u7814\u7a76(C)", "fields": ["\u7dcf\u5408\u7cfb", "\u60c5\u5831\u5b66", "\u60c5\u5831\u5b66\u57fa\u790e", "\u60c5\u5831\u5b66\u57fa\u790e\u7406\u8ad6"], "keywords": ["\u30a2\u30eb\u30b4\u30ea\u30ba\u30e0\u7406\u8ad6"], "budget": 4550000, "principal_investigator": {"affiliation": "\u4e5d\u5dde\u7523\u696d\u5927\u5b66", "name": "\u671d\u5ee3 \u96c4\u4e00", "researcher_id": "40304761"}}