{"url": "https://kaken.nii.ac.jp/ja/grant/KAKENHI-PROJECT-17K00073", "kaken_id": "17K00073", "project_name": "\u719f\u7df4\u8a2d\u8a08\u8005\u306e\u6280\u8853\u3092\u5b66\u7fd2\u3057\u305f\u30a2\u30ca\u30ed\u30b0\u96c6\u7a4d\u56de\u8def\u306e\u8a2d\u8a08\u30ec\u30b9\u30b7\u30b9\u30c6\u30e0\u306e\u5b9f\u73fe", "grant_category": "\u57fa\u76e4\u7814\u7a76(C)", "fields": ["\u7dcf\u5408\u7cfb", "\u60c5\u5831\u5b66", "\u8a08\u7b97\u57fa\u76e4", "\u8a08\u7b97\u6a5f\u30b7\u30b9\u30c6\u30e0"], "keywords": ["\u30f3\u30d1\u30ec\u30fc\u30bf\u56de\u8def", "\u6a5f\u68b0\u5b66\u7fd2", "\u30a2\u30ca\u30ed\u30b0\u96c6\u7a4d\u56de\u8def", "\u81ea\u52d5\u8a2d\u8a08", "\u6f14\u7b97\u5897\u5e45\u5668"], "budget": 4290000, "principal_investigator": {"affiliation": "\u7fa4\u99ac\u5927\u5b66", "name": "\u9ad8\u4e95 \u4f38\u548c", "researcher_id": "70318905"}}