{"url": "https://kaken.nii.ac.jp/ja/grant/KAKENHI-PROJECT-17K00126", "kaken_id": "17K00126", "project_name": "UAV\u3068\u7701\u96fb\u529b\u7121\u7dda\u30bb\u30f3\u30b5\u30ce\u30fc\u30c9\u3092\u7528\u3044\u305f\u30a4\u30f3\u30d5\u30e9\u30e2\u30cb\u30bf\u30ea\u30f3\u30b0\u306b\u95a2\u3059\u308b\u7814\u7a76", "grant_category": "\u57fa\u76e4\u7814\u7a76(C)", "fields": ["\u7dcf\u5408\u7cfb", "\u60c5\u5831\u5b66", "\u8a08\u7b97\u57fa\u76e4", "\u60c5\u5831\u30cd\u30c3\u30c8\u30ef\u30fc\u30af"], "keywords": ["\u30b9\u30de\u30fc\u30c8\u30bb\u30f3\u30b5\u60c5\u5831\u30b7\u30b9\u30c6\u30e0", "\u30ea\u30e2\u30fc\u30c8\u30bb\u30f3\u30b7\u30f3\u30b0", "\u30bb\u30f3\u30b5\u30fc\u30cd\u30c3\u30c8\u30ef\u30fc\u30af"], "budget": 3770000, "principal_investigator": {"affiliation": "\u4e5d\u5dde\u5de5\u696d\u5927\u5b66", "name": "\u5c71\u8107 \u5f70", "researcher_id": "10325574"}}