{"url": "https://kaken.nii.ac.jp/ja/grant/KAKENHI-PROJECT-17K00058", "kaken_id": "17K00058", "project_name": "\u6b20\u6e2c\u5024\u3092\u3082\u3064\u591a\u6b21\u5143\u30c7\u30fc\u30bf\u306b\u5bfe\u3059\u308b\u7d71\u8a08\u7684\u624b\u6cd5\u306e\u958b\u767a\u3068\u305d\u306e\u5fdc\u7528", "grant_category": "\u57fa\u76e4\u7814\u7a76(C)", "fields": ["\u7dcf\u5408\u7cfb", "\u60c5\u5831\u5b66", "\u60c5\u5831\u5b66\u57fa\u790e", "\u7d71\u8a08\u79d1\u5b66"], "keywords": ["\u7d71\u8a08\u79d1\u5b66", "\u7d71\u8a08\u7406\u8ad6", "\u591a\u5909\u91cf\u89e3\u6790", "\u7d71\u8a08\u6570\u5b66", "\u6f38\u8fd1\u5c55\u958b"], "budget": 2730000, "principal_investigator": {"affiliation": "\u6771\u4eac\u7406\u79d1\u5927\u5b66", "name": "\u702c\u5c3e \u9686", "researcher_id": "00266909"}}