{"url": "https://kaken.nii.ac.jp/ja/grant/KAKENHI-PROJECT-17K00296", "kaken_id": "17K00296", "project_name": "\u30d8\u30c6\u30ed\u30b8\u30cb\u30a2\u30b9\u8a08\u7b97\u6a5f\u74b0\u5883\u306b\u304a\u3051\u308b\u4e26\u5217\u63a2\u7d22\u30a2\u30eb\u30b4\u30ea\u30ba\u30e0\u306e\u7814\u7a76", "grant_category": "\u57fa\u76e4\u7814\u7a76(C)", "fields": ["\u7dcf\u5408\u7cfb", "\u60c5\u5831\u5b66", "\u4eba\u9593\u60c5\u5831\u5b66", "\u77e5\u80fd\u60c5\u5831\u5b66"], "keywords": ["\u4eba\u5de5\u77e5\u80fd"], "budget": 4680000, "principal_investigator": {"affiliation": "\u6771\u4eac\u5927\u5b66", "name": "\u798f\u6c38 ALEX", "researcher_id": "90452002"}}