{"url": "https://kaken.nii.ac.jp/ja/grant/KAKENHI-PROJECT-17K00032", "kaken_id": "17K00032", "project_name": "\u4e3b\u53cc\u5bfe\u30b9\u30d1\u30fc\u30b9\u6700\u9069\u5316\u30e2\u30c7\u30eb\u306e\u69cb\u7bc9\u3068\u305d\u306e\u52b9\u7387\u7684\u306a\u89e3\u6cd5\u306e\u958b\u767a", "grant_category": "\u57fa\u76e4\u7814\u7a76(C)", "fields": ["\u7dcf\u5408\u7cfb", "\u60c5\u5831\u5b66", "\u60c5\u5831\u5b66\u57fa\u790e", "\u6570\u7406\u60c5\u5831\u5b66"], "keywords": ["\u6700\u9069\u5316", "\u5fdc\u7528\u6570\u5b66", "\u60c5\u5831\u57fa\u790e"], "budget": 4550000, "principal_investigator": {"affiliation": "\u4eac\u90fd\u5927\u5b66", "name": "\u5c71\u4e0b \u4fe1\u96c4", "researcher_id": "30293898"}}