{"url": "https://kaken.nii.ac.jp/ja/grant/KAKENHI-PROJECT-17K00156", "kaken_id": "17K00156", "project_name": "\u8868\u60c5\u5f37\u5ea6\u3092\u7528\u3044\u305f\u591a\u69d8\u306a\u611f\u60c5\u306e\u63a8\u5b9a\u306b\u3088\u308b\u30e9\u30a4\u30d5\u30ed\u30b0\u6620\u50cf\u691c\u7d22\u30b7\u30b9\u30c6\u30e0\u306e\u69cb\u7bc9", "grant_category": "\u57fa\u76e4\u7814\u7a76(C)", "fields": ["\u7dcf\u5408\u7cfb", "\u60c5\u5831\u5b66", "\u8a08\u7b97\u57fa\u76e4", "\u30de\u30eb\u30c1\u30e1\u30c7\u30a3\u30a2\u30fb\u30c7\u30fc\u30bf\u30d9\u30fc\u30b9"], "keywords": ["\u30e9\u30a4\u30d5\u30ed\u30b0", "\u60c5\u5831\u691c\u7d22", "\u8868\u60c5\u8a8d\u8b58", "\u6620\u50cf\u691c\u7d22"], "budget": 3900000, "principal_investigator": {"affiliation": "\u4eac\u90fd\u5de5\u82b8\u7e4a\u7dad\u5927\u5b66", "name": "\u91ce\u5bae \u6d69\u63ee", "researcher_id": "80533116"}}