{"url": "https://kaken.nii.ac.jp/ja/grant/KAKENHI-PROJECT-17K00005", "kaken_id": "17K00005", "project_name": "\u53e4\u5178\u8ad6\u7406\u306b\u57fa\u3065\u304f\u8a08\u7b97\u7cfb\u3068\u305d\u306e\u6027\u8cea\u306e\u691c\u8a3c", "grant_category": "\u57fa\u76e4\u7814\u7a76(C)", "fields": ["\u7dcf\u5408\u7cfb", "\u60c5\u5831\u5b66", "\u60c5\u5831\u5b66\u57fa\u790e", "\u60c5\u5831\u5b66\u57fa\u790e\u7406\u8ad6"], "keywords": ["\u53e4\u5178\u8ad6\u7406", "\u691c\u8a3c", "\u76f4\u89b3\u4e3b\u7fa9\u8ad6\u7406", "\u6570\u7406\u8ad6\u7406\u5b66"], "budget": 3900000, "principal_investigator": {"affiliation": "\u5343\u8449\u5927\u5b66", "name": "\u685c\u4e95 \u8cb4\u6587", "researcher_id": "60183373"}}