{"url": "https://kaken.nii.ac.jp/ja/grant/KAKENHI-PROJECT-17K00233", "kaken_id": "17K00233", "project_name": "\u9ad8\u6a5f\u80fd\u5149\u6ce2\u9855\u5fae\u93e1\u306e\u958b\u767a", "grant_category": "\u57fa\u76e4\u7814\u7a76(C)", "fields": ["\u7dcf\u5408\u7cfb", "\u60c5\u5831\u5b66", "\u4eba\u9593\u60c5\u5831\u5b66", "\u77e5\u899a\u60c5\u5831\u51e6\u7406"], "keywords": ["\u5149\u8a08\u6e2c", "\u4f4d\u76f8\u30a4\u30e1\u30fc\u30b8\u30f3\u30b0"], "budget": 4420000, "principal_investigator": {"affiliation": "\u5927\u962a\u5927\u5b66", "name": "\u5800\u5d0e \u907c\u4e00", "researcher_id": "20598958"}}