{"url": "https://kaken.nii.ac.jp/ja/grant/KAKENHI-PROJECT-17K00389", "kaken_id": "17K00389", "project_name": "\u548c\u97f3\u306e\u65b0\u3057\u3044\u30de\u30c3\u30d4\u30f3\u30b0\u3068\u305d\u306e\u97f3\u97ff\u5fc3\u7406\u5b66\u7684\u30fb\u751f\u7406\u5b66\u7684\u57fa\u76e4\u306e\u7814\u7a76", "grant_category": "\u57fa\u76e4\u7814\u7a76(C)", "fields": ["\u7dcf\u5408\u7cfb", "\u60c5\u5831\u5b66", "\u4eba\u9593\u60c5\u5831\u5b66", "\u611f\u6027\u60c5\u5831\u5b66"], "keywords": ["\u548c\u58f0", "\u8074\u899a\u795e\u7d4c\u751f\u7406\u5b66", "\u611f\u6027\u8133\u79d1\u5b66", "MEG", "\u97f3\u697d\u5fc3\u7406\u5b66"], "budget": 4160000, "principal_investigator": {"affiliation": "\u6771\u4eac\u96fb\u6a5f\u5927\u5b66", "name": "\u6839\u672c \u5e7e", "researcher_id": "40105672"}}