{"url": "https://kaken.nii.ac.jp/ja/grant/KAKENHI-PROJECT-17K00192", "kaken_id": "17K00192", "project_name": "\u9ad8\u30bb\u30ad\u30e5\u30ea\u30c6\u30a3\u3092\u8003\u616e\u3057\u305fITS\u5411\u3051\u30bb\u30ad\u30e5\u30a2\u8a8d\u8a3c\u30d7\u30ed\u30c8\u30b3\u30eb\u306b\u95a2\u3059\u308b\u7814\u7a76", "grant_category": "\u57fa\u76e4\u7814\u7a76(C)", "fields": ["\u7dcf\u5408\u7cfb", "\u60c5\u5831\u5b66", "\u8a08\u7b97\u57fa\u76e4", "\u60c5\u5831\u30bb\u30ad\u30e5\u30ea\u30c6\u30a3"], "keywords": ["\u60c5\u5831\u30b7\u30b9\u30c6\u30e0", "\u30bb\u30ad\u30e5\u30a2\u30fb\u30cd\u30c3\u30c8\u30ef\u30fc\u30af"], "budget": 3250000, "principal_investigator": {"affiliation": "\u6771\u4eac\u96fb\u6a5f\u5927\u5b66", "name": "\u732a\u4fe3 \u6566\u592b", "researcher_id": "90505869"}}