{"url": "https://kaken.nii.ac.jp/ja/grant/KAKENHI-PROJECT-17K00310", "kaken_id": "17K00310", "project_name": "\u4e0d\u5747\u4e00\u30c7\u30fc\u30bf\u30b9\u30c8\u30ea\u30fc\u30e0\u306b\u5bfe\u5fdc\u3057\u305f\u6df1\u5c64\u5b66\u7fd2", "grant_category": "\u57fa\u76e4\u7814\u7a76(C)", "fields": ["\u7dcf\u5408\u7cfb", "\u60c5\u5831\u5b66", "\u4eba\u9593\u60c5\u5831\u5b66", "\u77e5\u80fd\u60c5\u5831\u5b66"], "keywords": ["\u6a5f\u68b0\u5b66\u7fd2", "\u30c7\u30fc\u30bf\u30de\u30a4\u30cb\u30f3\u30b0"], "budget": 3770000, "principal_investigator": {"affiliation": "\u516c\u7acb\u306f\u3053\u3060\u3066\u672a\u6765\u5927\u5b66", "name": "\u65b0\u7f8e \u793c\u5f66", "researcher_id": "80347179"}}