{"url": "https://kaken.nii.ac.jp/ja/grant/KAKENHI-PROJECT-17K00487", "kaken_id": "17K00487", "project_name": "AR\u578b\u4eee\u60f3\u9053\u8def\u74b0\u5883\u3092\u7528\u3044\u305f\u81ea\u8ee2\u8eca\u5b89\u5168\u904b\u8ee2\u6307\u5c0e\u30b7\u30b9\u30c6\u30e0\u306e\u958b\u767a", "grant_category": "\u57fa\u76e4\u7814\u7a76(C)", "fields": ["\u7dcf\u5408\u7cfb", "\u60c5\u5831\u5b66", "\u60c5\u5831\u5b66\u30d5\u30ed\u30f3\u30c6\u30a3\u30a2", "\u5b66\u7fd2\u652f\u63f4\u30b7\u30b9\u30c6\u30e0"], "keywords": ["AR", "\u81ea\u8ee2\u8eca", "\u4ea4\u901a\u5b89\u5168", "\u6559\u80b2\u5b66\u7fd2\u652f\u63f4\u30b7\u30b9\u30c6\u30e0"], "budget": 3770000, "principal_investigator": {"affiliation": "\u9999\u5ddd\u5927\u5b66", "name": "\u6797 \u654f\u6d69", "researcher_id": "90264142"}}