{"url": "https://kaken.nii.ac.jp/ja/grant/KAKENHI-PROJECT-17K00244", "kaken_id": "17K00244", "project_name": "\u30e2\u30ce\u30fc\u30e9\u30eb\u7acb\u4f53\u97f3\u518d\u751f\u30b7\u30b9\u30c6\u30e0", "grant_category": "\u57fa\u76e4\u7814\u7a76(C)", "fields": ["\u7dcf\u5408\u7cfb", "\u60c5\u5831\u5b66", "\u4eba\u9593\u60c5\u5831\u5b66", "\u77e5\u899a\u60c5\u5831\u51e6\u7406"], "keywords": ["\u7acb\u4f53\u97f3\u97ff", "\u5358\u8033\u53d7\u8074", "\u982d\u90e8\u4f1d\u9054\u95a2\u6570"], "budget": 4550000, "principal_investigator": {"affiliation": "\u5bcc\u5c71\u770c\u7acb\u5927\u5b66", "name": "\u5e73\u539f \u9054\u4e5f", "researcher_id": "80395087"}}