{"url": "https://kaken.nii.ac.jp/ja/grant/KAKENHI-PROJECT-17K00255", "kaken_id": "17K00255", "project_name": "\u5206\u5149\u753b\u50cf\u89e3\u6790\u306b\u3088\u308b\u7523\u6bdb\u3084\u5fae\u7d30\u306a\u8272\u7d20\u5206\u5e03\u3092\u8003\u616e\u3057\u305f\u76ae\u819a\u306e\u30e2\u30c7\u30eb\u5316\u3068\u8cea\u611f\u518d\u73fe", "grant_category": "\u57fa\u76e4\u7814\u7a76(C)", "fields": ["\u7dcf\u5408\u7cfb", "\u60c5\u5831\u5b66", "\u4eba\u9593\u60c5\u5831\u5b66", "\u77e5\u899a\u60c5\u5831\u51e6\u7406"], "keywords": ["\u8a08\u6e2c\u5de5\u5b66", "\u753b\u50cf"], "budget": 3640000, "principal_investigator": {"affiliation": "\u5927\u962a\u96fb\u6c17\u901a\u4fe1\u5927\u5b66", "name": "\u571f\u5c45 \u5143\u7d00", "researcher_id": "00304155"}}