{"url": "https://kaken.nii.ac.jp/ja/grant/KAKENHI-PROJECT-17K00059", "kaken_id": "17K00059", "project_name": "\u30d3\u30c3\u30b0\u30c7\u30fc\u30bf\u6642\u4ee3\u306b\u6c42\u3081\u3089\u308c\u308b\u7d71\u8a08\u7684\u601d\u8003\u529b\u80b2\u6210\u306e\u305f\u3081\u306e\u7d71\u8a08\u6559\u80b2\u306e\u7814\u7a76", "grant_category": "\u57fa\u76e4\u7814\u7a76(C)", "fields": ["\u7dcf\u5408\u7cfb", "\u60c5\u5831\u5b66", "\u60c5\u5831\u5b66\u57fa\u790e", "\u7d71\u8a08\u79d1\u5b66"], "keywords": ["\u7d71\u8a08\u6559\u80b2"], "budget": 4550000, "principal_investigator": {"affiliation": "\u7acb\u6559\u5927\u5b66", "name": "\u5c71\u53e3 \u548c\u7bc4", "researcher_id": "60230348"}}