{"url": "https://kaken.nii.ac.jp/ja/grant/KAKENHI-PROJECT-17K00280", "kaken_id": "17K00280", "project_name": "\u30c7\u30a3\u30b8\u30bf\u30eb\u30da\u30f3\u3092\u7528\u3044\u305f\u4e09\u6b21\u5143\u7acb\u4f53\u7b46\u8a18\u306e\u5b9f\u7528\u5316\u53ca\u3073\u6b21\u4e16\u4ee3\u6280\u8853\u691c\u8a0e", "grant_category": "\u57fa\u76e4\u7814\u7a76(C)", "fields": ["\u7dcf\u5408\u7cfb", "\u60c5\u5831\u5b66", "\u4eba\u9593\u60c5\u5831\u5b66", "\u30d2\u30e5\u30fc\u30de\u30f3\u30a4\u30f3\u30bf\u30d5\u30a7\u30fc\u30b9\u30fb\u30a4\u30f3\u30bf\u30e9\u30af\u30b7\u30e7\u30f3"], "keywords": ["\u4e09\u6b21\u5143\u7acb\u4f53", "\u30c7\u30a3\u30b8\u30bf\u30eb\u30da\u30f3", "\uff13D\u30d7\u30ea\u30f3\u30bf", "\u30da\u30fc\u30d1\u30af\u30e9\u30d5\u30c8", "\u7b46\u8a18"], "budget": 4550000, "principal_investigator": {"affiliation": "\u6771\u4eac\u96fb\u6a5f\u5927\u5b66", "name": "\u9577\u8c37\u5ddd \u8aa0", "researcher_id": "80303171"}}