{"url": "https://kaken.nii.ac.jp/ja/grant/KAKENHI-PROJECT-17K00166", "kaken_id": "17K00166", "project_name": "\u4e8c\u91cd\u5bfe\u89d2\u884c\u5217\u6b63\u5247\u5316\u3092\u7528\u3044\u305f\u5927\u898f\u6a21\u60aa\u6761\u4ef6\u554f\u984c\u306b\u5bfe\u3059\u308b\u6570\u5024\u8a08\u7b97\u6cd5\u306e\u958b\u767a", "grant_category": "\u57fa\u76e4\u7814\u7a76(C)", "fields": ["\u7dcf\u5408\u7cfb", "\u60c5\u5831\u5b66", "\u8a08\u7b97\u57fa\u76e4", "\u9ad8\u6027\u80fd\u8a08\u7b97"], "keywords": ["\u60aa\u6761\u4ef6\u65b9\u7a0b\u5f0f", "\u6570\u5024\u89e3\u6790", "\u5927\u898f\u6a21\u554f\u984c"], "budget": 1820000, "principal_investigator": {"affiliation": "\u798f\u4e95\u5927\u5b66", "name": "\u7d30\u7530 \u967d\u4ecb", "researcher_id": "80264951"}}