{"url": "https://kaken.nii.ac.jp/ja/grant/KAKENHI-PROJECT-17K00366", "kaken_id": "17K00366", "project_name": "\u975e\u5c02\u9580\u5bb6\u5411\u3051\u30ed\u30dc\u30c3\u30c8\u30b5\u30fc\u30d3\u30b9\u30d7\u30e9\u30c3\u30c8\u30d5\u30a9\u30fc\u30e0\u306e\u9ad8\u5ea6\u5316", "grant_category": "\u57fa\u76e4\u7814\u7a76(C)", "fields": ["\u7dcf\u5408\u7cfb", "\u60c5\u5831\u5b66", "\u4eba\u9593\u60c5\u5831\u5b66", "\u77e5\u80fd\u30ed\u30dc\u30c6\u30a3\u30af\u30b9"], "keywords": ["\u77e5\u80fd\u30ed\u30dc\u30c3\u30c8", "\u30af\u30e9\u30a6\u30c9\u30ed\u30dc\u30c6\u30a3\u30af\u30b9", "\u30ed\u30dc\u30c3\u30c8\u30b5\u30fc\u30d3\u30b9"], "budget": 4550000, "principal_investigator": {"affiliation": "\u7523\u696d\u6280\u8853\u5927\u5b66\u9662\u5927\u5b66", "name": "\u6210\u7530 \u96c5\u5f66", "researcher_id": "30513717"}}