{"url": "https://kaken.nii.ac.jp/ja/grant/KAKENHI-PROJECT-17K00415", "kaken_id": "17K00415", "project_name": "\u65b0\u3057\u3044\u5fc3\u96fb\u56f3IC\u30ab\u30fc\u30c9\u767b\u9332\u30b7\u30b9\u30c6\u30e0\u306b\u3088\u308b\u6025\u6027\u5fc3\u7b4b\u6897\u585e\u65e9\u671f\u8a3a\u65ad\u53c2\u7167\u30b7\u30b9\u30c6\u30e0\u958b\u767a", "grant_category": "\u57fa\u76e4\u7814\u7a76(C)", "fields": ["\u7dcf\u5408\u7cfb", "\u60c5\u5831\u5b66", "\u60c5\u5831\u5b66\u30d5\u30ed\u30f3\u30c6\u30a3\u30a2", "\u751f\u547d\u30fb\u5065\u5eb7\u30fb\u533b\u7642\u60c5\u5831\u5b66"], "keywords": ["\u5faa\u74b0\u5668\u30fb\u9ad8\u8840\u5727"], "budget": 4420000, "principal_investigator": {"affiliation": "\u5ca9\u624b\u533b\u79d1\u5927\u5b66", "name": "\u4f0a\u85e4 \u667a\u7bc4", "researcher_id": "30347851"}}