{"url": "https://kaken.nii.ac.jp/ja/grant/KAKENHI-PROJECT-17K00409", "kaken_id": "17K00409", "project_name": "\u7cd6\u7d50\u5408\u30e2\u30b8\u30e5\u30fc\u30eb\u30bf\u30f3\u30d1\u30af\u8cea\u306b\u3088\u308b\u7cd6\u9396\u57fa\u8cea\u8a8d\u8b58\u6a5f\u69cb\u306e\u7db2\u7f85\u7684\u89e3\u6790", "grant_category": "\u57fa\u76e4\u7814\u7a76(C)", "fields": ["\u7dcf\u5408\u7cfb", "\u60c5\u5831\u5b66", "\u60c5\u5831\u5b66\u30d5\u30ed\u30f3\u30c6\u30a3\u30a2", "\u751f\u547d\u30fb\u5065\u5eb7\u30fb\u533b\u7642\u60c5\u5831\u5b66"], "keywords": ["\u5206\u5b50\u30b7\u30df\u30e5\u30ec\u30fc\u30b7\u30e7\u30f3", "\u7cd6\u9396\u57fa\u8cea\u8a8d\u8b58", "\u7cd6\u7d50\u5408\u30e2\u30b8\u30e5\u30fc\u30eb\u30bf\u30f3\u30d1\u30af\u8cea"], "budget": 3250000, "principal_investigator": {"affiliation": "\u5bae\u5d0e\u5927\u5b66", "name": "\u6e6f\u4e95 \u654f\u6587", "researcher_id": "50230610"}}