{"url": "https://kaken.nii.ac.jp/ja/grant/KAKENHI-PROJECT-17K00053", "kaken_id": "17K00053", "project_name": "\u71b1\u529b\u5b66\u7684\u8996\u70b9\u306b\u3088\u308bBayes\u4e88\u6e2c\u306e\u65b0\u5c55\u958b", "grant_category": "\u57fa\u76e4\u7814\u7a76(C)", "fields": ["\u7dcf\u5408\u7cfb", "\u60c5\u5831\u5b66", "\u60c5\u5831\u5b66\u57fa\u790e", "\u7d71\u8a08\u79d1\u5b66"], "keywords": ["Bayes\u7d71\u8a08\u5b66", "\u71b1\u529b\u5b66", "\u7d71\u8a08\u6570\u5b66", "\u78ba\u7387\u5bc6\u5ea6\u306e\u63a8\u5b9a\u554f\u984c"], "budget": 4160000, "principal_investigator": {"affiliation": "\u4e5d\u5dde\u5927\u5b66", "name": "\u5927\u897f \u4fca\u90ce", "researcher_id": "60353413"}}