{"url": "https://kaken.nii.ac.jp/ja/grant/KAKENHI-PROJECT-17K00101", "kaken_id": "17K00101", "project_name": "\u7701\u96fb\u529b\u904b\u7528\u306b\u5411\u3051\u305fSDN\u76f8\u4e92\u7d50\u5408\u7db2\u3067\u306e\u30af\u30e9\u30b9\u30bf\u8cc7\u6e90\u7ba1\u7406\u6280\u6cd5\u306b\u95a2\u3059\u308b\u7814\u7a76", "grant_category": "\u57fa\u76e4\u7814\u7a76(C)", "fields": ["\u7dcf\u5408\u7cfb", "\u60c5\u5831\u5b66", "\u8a08\u7b97\u57fa\u76e4", "\u30bd\u30d5\u30c8\u30a6\u30a7\u30a2"], "keywords": ["\u30b8\u30e7\u30d6\u7ba1\u7406\u30b7\u30b9\u30c6\u30e0", "SDN"], "budget": 4420000, "principal_investigator": {"affiliation": "\u5948\u826f\u5148\u7aef\u79d1\u5b66\u6280\u8853\u5927\u5b66\u9662\u5927\u5b66", "name": "\u6e21\u5834 \u5eb7\u5f18", "researcher_id": "60758275"}}