{"url": "https://kaken.nii.ac.jp/ja/grant/KAKENHI-PROJECT-17K00414", "kaken_id": "17K00414", "project_name": "\u30df\u30c4\u30d0\u30c1\u8133\u306e\u30ea\u30d0\u30fc\u30b9\u30a8\u30f3\u30b8\u30cb\u30a2\u30ea\u30f3\u30b0\uff1a\u30c0\u30f3\u30b9\u30b3\u30df\u30e5\u30cb\u30b1\u30fc\u30b7\u30e7\u30f3\u306e\u795e\u7d4c\u6a5f\u69cb", "grant_category": "\u57fa\u76e4\u7814\u7a76(C)", "fields": ["\u7dcf\u5408\u7cfb", "\u60c5\u5831\u5b66", "\u60c5\u5831\u5b66\u30d5\u30ed\u30f3\u30c6\u30a3\u30a2", "\u751f\u547d\u30fb\u5065\u5eb7\u30fb\u533b\u7642\u60c5\u5831\u5b66"], "keywords": ["\u30c0\u30f3\u30b9\u30b3\u30df\u30e5\u30cb\u30b1\u30fc\u30b7\u30e7\u30f3", "\u6a19\u6e96\u8133", "\u30cb\u30e5\u30fc\u30ed\u30a4\u30f3\u30d5\u30a9\u30de\u30c6\u30a3\u30af\u30b9", "\u6606\u866b"], "budget": 4550000, "principal_investigator": {"affiliation": "\u5175\u5eab\u770c\u7acb\u5927\u5b66", "name": "\u6c60\u91ce \u82f1\u5229", "researcher_id": "80176114"}}