{"url": "https://kaken.nii.ac.jp/ja/grant/KAKENHI-PROJECT-17K00208", "kaken_id": "17K00208", "project_name": "\u30de\u30a4\u30eb\u30ab\u79d1\u9be8\u985e\u306b\u304a\u3051\u308b\u97f3\u58f0\u30b3\u30df\u30e5\u30cb\u30b1\u30fc\u30b7\u30e7\u30f3\u3068\u793e\u4f1a\u7684\u77e5\u6027\u306e\u9032\u5316", "grant_category": "\u57fa\u76e4\u7814\u7a76(C)", "fields": ["\u7dcf\u5408\u7cfb", "\u60c5\u5831\u5b66", "\u4eba\u9593\u60c5\u5831\u5b66", "\u8a8d\u77e5\u79d1\u5b66"], "keywords": ["\u9be8\u985e", "\u30de\u30a4\u30eb\u30ab\u79d1", "\u6bd4\u8f03\u8a8d\u77e5\u79d1\u5b66", "\u97f3\u58f0\u30b3\u30df\u30e5\u30cb\u30b1\u30fc\u30b7\u30e7\u30f3", "\u793e\u4f1a\u7684\u77e5\u6027"], "budget": 4420000, "principal_investigator": {"affiliation": "\u5e38\u78d0\u5927\u5b66", "name": "\u4e2d\u539f \u53f2\u751f", "researcher_id": "10326811"}}