{"url": "https://kaken.nii.ac.jp/ja/grant/KAKENHI-PROJECT-17K00147", "kaken_id": "17K00147", "project_name": "2\u6b21\u5143\u53cd\u8f9e\u66f8\u3092\u7528\u3044\u305f\u30bb\u30f3\u30b5\u30cd\u30c3\u30c8\u30ef\u30fc\u30af\u306b\u304a\u3051\u308b\u30ce\u30fc\u30c9\u306e\u914d\u7f6e\u652f\u63f4", "grant_category": "\u57fa\u76e4\u7814\u7a76(C)", "fields": ["\u7dcf\u5408\u7cfb", "\u60c5\u5831\u5b66", "\u8a08\u7b97\u57fa\u76e4", "\u60c5\u5831\u30cd\u30c3\u30c8\u30ef\u30fc\u30af"], "keywords": ["\u30bb\u30f3\u30b5\u30fc\u30cd\u30c3\u30c8\u30ef\u30fc\u30af", "\u60c5\u5831\u7406\u8ad6", "\u30a2\u30eb\u30b4\u30ea\u30ba\u30e0", "\u60c5\u5831\u30cd\u30c3\u30c8\u30ef\u30fc\u30af", "\u30aa\u30fc\u30c8\u30de\u30c8\u30f3"], "budget": 3770000, "principal_investigator": {"affiliation": "\u9577\u91ce\u770c\u5de5\u79d1\u77ed\u671f\u5927\u5b66\u6821", "name": "\u592a\u7530 \u9686\u535a", "researcher_id": "60579001"}}