{"url": "https://kaken.nii.ac.jp/ja/grant/KAKENHI-PROJECT-17K00327", "kaken_id": "17K00327", "project_name": "\u7d4c\u9a13\u5f37\u5316\u578b\u5b66\u7fd2\u3068\u6df1\u5c64\u5b66\u7fd2\u3092\u7d44\u307f\u5408\u308f\u305b\u305f\u65b0\u305f\u306a\u6a5f\u68b0\u5b66\u7fd2\u624b\u6cd5\u306e\u69cb\u7bc9\u306b\u95a2\u3059\u308b\u7814\u7a76", "grant_category": "\u57fa\u76e4\u7814\u7a76(C)", "fields": ["\u7dcf\u5408\u7cfb", "\u60c5\u5831\u5b66", "\u4eba\u9593\u60c5\u5831\u5b66", "\u77e5\u80fd\u60c5\u5831\u5b66"], "keywords": ["\u7d4c\u9a13\u5f37\u5316\u578b\u5b66\u7fd2", "\u6df1\u5c64\u5b66\u7fd2", "\u5f37\u5316\u5b66\u7fd2", "\u6df1\u5c64\u5f37\u5316\u5b66\u7fd2", "\u30ed\u30dc\u30c3\u30c8"], "budget": 4420000, "principal_investigator": {"affiliation": "\u72ec\u7acb\u884c\u653f\u6cd5\u4eba\u5927\u5b66\u6539\u9769\u652f\u63f4\u30fb\u5b66\u4f4d\u6388\u4e0e\u6a5f\u69cb", "name": "\u5bae\u5d0e \u548c\u5149", "researcher_id": "20282866"}}