{"url": "https://kaken.nii.ac.jp/ja/grant/KAKENHI-PROJECT-17K00140", "kaken_id": "17K00140", "project_name": "\u30de\u30a4\u30af\u30bb\u30f3\u30b5\u3092\u7528\u3044\u305f\u9ad8\u7cbe\u5ea6\u5c4b\u5185\u4f4d\u7f6e\u691c\u51fa\u3068\u74b0\u5883\u97f3\u306b\u3088\u308b\u884c\u52d5\u63a8\u5b9a\u624b\u6cd5\u304a\u3088\u3073\u305d\u306e\u691c\u8a3c", "grant_category": "\u57fa\u76e4\u7814\u7a76(C)", "fields": ["\u7dcf\u5408\u7cfb", "\u60c5\u5831\u5b66", "\u8a08\u7b97\u57fa\u76e4", "\u60c5\u5831\u30cd\u30c3\u30c8\u30ef\u30fc\u30af"], "keywords": ["\u30de\u30a4\u30af\u30bb\u30f3\u30b5", "\u97f3", "\u5c4b\u5185\u4f4d\u7f6e\u691c\u51fa", "\u884c\u52d5\u63a8\u5b9a"], "budget": 4420000, "principal_investigator": {"affiliation": "\u795e\u5948\u5ddd\u5de5\u79d1\u5927\u5b66", "name": "\u7530\u4e2d \u535a", "researcher_id": "00434415"}}