{"url": "https://kaken.nii.ac.jp/ja/grant/KAKENHI-PROJECT-17K00004", "kaken_id": "17K00004", "project_name": "\u5909\u63db\u578b\u7121\u3072\u305a\u307f\u30c7\u30fc\u30bf\u5727\u7e2e\u6cd5\u306e\u65b0\u6f6e\u6d41", "grant_category": "\u57fa\u76e4\u7814\u7a76(C)", "fields": ["\u7dcf\u5408\u7cfb", "\u60c5\u5831\u5b66", "\u60c5\u5831\u5b66\u57fa\u790e", "\u60c5\u5831\u5b66\u57fa\u790e\u7406\u8ad6"], "keywords": ["\u60c5\u5831\u57fa\u790e", "\u60c5\u5831\u7406\u8ad6", "\u30c7\u30fc\u30bf\u5727\u7e2e", "\u30a8\u30f3\u30c8\u30ed\u30d4\u30fc\u7b26\u53f7\u5316", "\u30e6\u30cb\u30d0\u30fc\u30b5\u30eb\u7b26\u53f7"], "budget": 1950000, "principal_investigator": {"affiliation": "\u7fa4\u99ac\u5927\u5b66", "name": "\u6a2a\u5c3e \u82f1\u4fca", "researcher_id": "70134153"}}