{"url": "https://kaken.nii.ac.jp/ja/grant/KAKENHI-PROJECT-17K00473", "kaken_id": "17K00473", "project_name": "Wikipedia \u60c5\u5831\u3092\u7528\u3044\u305f\u79d1\u76ee\u30ca\u30f3\u30d0\u30ea\u30f3\u30b0\u306e\u81ea\u52d5\u4ed8\u4e0e\u306b\u95a2\u3059\u308b\u7814\u7a76", "grant_category": "\u57fa\u76e4\u7814\u7a76(C)", "fields": ["\u7dcf\u5408\u7cfb", "\u60c5\u5831\u5b66", "\u60c5\u5831\u5b66\u30d5\u30ed\u30f3\u30c6\u30a3\u30a2", "\u5b66\u7fd2\u652f\u63f4\u30b7\u30b9\u30c6\u30e0"], "keywords": [], "budget": 2600000, "principal_investigator": {"affiliation": "\u8328\u57ce\u5927\u5b66", "name": "\u9ad8\u6a4b \u5e78\u96c4", "researcher_id": "90380196"}}