{"url": "https://kaken.nii.ac.jp/ja/grant/KAKENHI-PROJECT-17K00490", "kaken_id": "17K00490", "project_name": "Web API\u3067\u30c7\u30fc\u30bf\u3068\u6a5f\u80fd\u3092\u9023\u643a\u3059\u308b\u5b66\u7fd2\u30d7\u30e9\u30c3\u30c8\u30d5\u30a9\u30fc\u30e0\u306e\u958b\u767a", "grant_category": "\u57fa\u76e4\u7814\u7a76(C)", "fields": ["\u7dcf\u5408\u7cfb", "\u60c5\u5831\u5b66", "\u60c5\u5831\u5b66\u30d5\u30ed\u30f3\u30c6\u30a3\u30a2", "\u5b66\u7fd2\u652f\u63f4\u30b7\u30b9\u30c6\u30e0"], "keywords": ["\u60c5\u5831\u30b7\u30b9\u30c6\u30e0", "Web API", "REST", "\u5b66\u7fd2\u652f\u63f4\u30b7\u30b9\u30c6\u30e0", "\u5b66\u7fd2\u30d7\u30e9\u30c3\u30c8\u30d5\u30a9\u30fc\u30e0"], "budget": 2860000, "principal_investigator": {"affiliation": "\u5927\u5206\u5927\u5b66", "name": "\u5409\u5d0e \u5f18\u4e00", "researcher_id": "10351785"}}