{"url": "https://kaken.nii.ac.jp/ja/grant/KAKENHI-PROJECT-17K00232", "kaken_id": "17K00232", "project_name": "Modeling the Perceptual Underpinnings for Quality Assessment of Restored Textures", "grant_category": "\u57fa\u76e4\u7814\u7a76(C)", "fields": ["\u7dcf\u5408\u7cfb", "\u60c5\u5831\u5b66", "\u4eba\u9593\u60c5\u5831\u5b66", "\u77e5\u899a\u60c5\u5831\u51e6\u7406"], "keywords": ["restoration", "quality assessment", "human visual system", "VQA", "IQA"], "budget": 4550000, "principal_investigator": {"affiliation": "\u9759\u5ca1\u5927\u5b66", "name": "Chandler Damon", "researcher_id": "70765495"}}