{"url": "https://kaken.nii.ac.jp/ja/grant/KAKENHI-PROJECT-17K00167", "kaken_id": "17K00167", "project_name": "\u5927\u898f\u6a21\u4e26\u5217\u8a08\u7b97\u74b0\u5883\u306b\u9069\u3057\u305f\u65b0\u3057\u3044\u90e8\u5206\u7279\u7570\u5bfe\u8a08\u7b97\u6cd5\u306e\u958b\u767a", "grant_category": "\u57fa\u76e4\u7814\u7a76(C)", "fields": ["\u7dcf\u5408\u7cfb", "\u60c5\u5831\u5b66", "\u8a08\u7b97\u57fa\u76e4", "\u9ad8\u6027\u80fd\u8a08\u7b97"], "keywords": ["\u6570\u5024\u89e3\u6790"], "budget": 3120000, "principal_investigator": {"affiliation": "\u4eac\u90fd\u5927\u5b66", "name": "\u6728\u6751 \u6b23\u53f8", "researcher_id": "10447899"}}