{"url": "https://kaken.nii.ac.jp/ja/grant/KAKENHI-PROJECT-17K00170", "kaken_id": "17K00170", "project_name": "\u30af\u30e9\u30a6\u30c9\u30b5\u30fc\u30d3\u30b9\u5229\u7528\u8005\u306e\u5b89\u5fc3\u611f\u3092\u9ad8\u3081\u308b\u30bb\u30ad\u30e5\u30a2\u30de\u30eb\u30c1\u30d1\u30fc\u30c6\u30a3\u7c21\u6613\u8a08\u7b97", "grant_category": "\u57fa\u76e4\u7814\u7a76(C)", "fields": ["\u7dcf\u5408\u7cfb", "\u60c5\u5831\u5b66", "\u8a08\u7b97\u57fa\u76e4", "\u9ad8\u6027\u80fd\u8a08\u7b97"], "keywords": ["\u6a5f\u68b0\u5b66\u7fd2", "\u30af\u30e9\u30a6\u30c9\u30b3\u30f3\u30d4\u30e5\u30fc\u30c6\u30a3\u30f3\u30b0", "\u30bb\u30ad\u30e5\u30a2\u30de\u30eb\u30c1\u30d1\u30fc\u30c6\u30a3\u7c21\u6613\u8a08\u7b97"], "budget": 4550000, "principal_investigator": {"affiliation": "\u5ca1\u5c71\u7406\u79d1\u5927\u5b66", "name": "\u5bae\u5cf6 \u6d0b\u6587", "researcher_id": "60781995"}}