{"url": "https://kaken.nii.ac.jp/ja/grant/KAKENHI-PROJECT-17K00262", "kaken_id": "17K00262", "project_name": "\u81ea\u5f8b\u79fb\u52d5\u30c7\u30b8\u30bf\u30eb\u30c6\u30fc\u30d6\u30eb\u30fb\u30a6\u30a9\u30fc\u30eb\u9023\u643a\u306b\u3088\u308b\u4f5c\u696d\u7a7a\u9593\u6700\u9069\u5316\u30e2\u30c7\u30eb\u3068\u30b7\u30b9\u30c6\u30e0\u306e\u69cb\u7bc9", "grant_category": "\u57fa\u76e4\u7814\u7a76(C)", "fields": ["\u7dcf\u5408\u7cfb", "\u60c5\u5831\u5b66", "\u4eba\u9593\u60c5\u5831\u5b66", "\u30d2\u30e5\u30fc\u30de\u30f3\u30a4\u30f3\u30bf\u30d5\u30a7\u30fc\u30b9\u30fb\u30a4\u30f3\u30bf\u30e9\u30af\u30b7\u30e7\u30f3"], "keywords": ["\u30e6\u30fc\u30b6\u30a4\u30f3\u30bf\u30fc\u30d5\u30a7\u30fc\u30b9"], "budget": 4550000, "principal_investigator": {"affiliation": "\u6771\u5317\u5927\u5b66", "name": "\u9ad8\u5d8b \u548c\u6bc5", "researcher_id": "60533461"}}