{"url": "https://kaken.nii.ac.jp/ja/grant/KAKENHI-PROJECT-17K00182", "kaken_id": "17K00182", "project_name": "\u5f62\u5f0f\u624b\u6cd5\u306b\u3088\u308b\u6697\u53f7\u306e\u5b89\u5168\u6027\u8a3c\u660e\u81ea\u52d5\u691c\u8a3c\u30b7\u30b9\u30c6\u30e0\u306e\u958b\u767a", "grant_category": "\u57fa\u76e4\u7814\u7a76(C)", "fields": ["\u7dcf\u5408\u7cfb", "\u60c5\u5831\u5b66", "\u8a08\u7b97\u57fa\u76e4", "\u60c5\u5831\u30bb\u30ad\u30e5\u30ea\u30c6\u30a3"], "keywords": ["\u6697\u53f7\u30fb\u8a8d\u8a3c\u7b49", "\u5fdc\u7528\u6570\u5b66", "\u5f62\u5f0f\u691c\u8a3c"], "budget": 4550000, "principal_investigator": {"affiliation": "\u4fe1\u5dde\u5927\u5b66", "name": "\u5ca1\u5d0e \u88d5\u4e4b", "researcher_id": "50432167"}}