{"url": "https://kaken.nii.ac.jp/ja/grant/KAKENHI-PROJECT-17K00131", "kaken_id": "17K00131", "project_name": "\u7aef\u672b\u5bc6\u96c6\u74b0\u5883\u3067\u5229\u7528\u53ef\u80fd\u306aBluetoothMANET\u69cb\u6210\u6cd5\u3068\u9ad8\u901f\u30c7\u30fc\u30bf\u8ee2\u9001\u624b\u6cd5", "grant_category": "\u57fa\u76e4\u7814\u7a76(C)", "fields": ["\u7dcf\u5408\u7cfb", "\u60c5\u5831\u5b66", "\u8a08\u7b97\u57fa\u76e4", "\u60c5\u5831\u30cd\u30c3\u30c8\u30ef\u30fc\u30af"], "keywords": ["\u30cd\u30c3\u30c8\u30ef\u30fc\u30af"], "budget": 4160000, "principal_investigator": {"affiliation": "\u5e83\u5cf6\u5e02\u7acb\u5927\u5b66", "name": "\u6cb3\u91ce \u82f1\u592a\u90ce", "researcher_id": "40285432"}}