{"url": "https://kaken.nii.ac.jp/ja/grant/KAKENHI-PROJECT-17K00213", "kaken_id": "17K00213", "project_name": "\u5275\u4f5c\u6d3b\u52d5\u306e\u30a8\u30b9\u30ce\u30b0\u30e9\u30d5\u30a3\u306b\u57fa\u3065\u304f\u30a4\u30f3\u30d5\u30a9\u30fc\u30de\u30eb\u306a\u5b66\u7fd2\u74b0\u5883\u30e2\u30c7\u30eb\u306e\u751f\u6210", "grant_category": "\u57fa\u76e4\u7814\u7a76(C)", "fields": ["\u7dcf\u5408\u7cfb", "\u60c5\u5831\u5b66", "\u4eba\u9593\u60c5\u5831\u5b66", "\u8a8d\u77e5\u79d1\u5b66"], "keywords": ["\u4eba\u9593\u751f\u6d3b\u74b0\u5883", "\u8a8d\u77e5\u79d1\u5b66"], "budget": 2860000, "principal_investigator": {"affiliation": "\u6771\u4eac\u90fd\u5e02\u5927\u5b66", "name": "\u5ca1\u90e8 \u5927\u4ecb", "researcher_id": "40345468"}}