{"url": "https://kaken.nii.ac.jp/ja/grant/KAKENHI-PROJECT-17K00376", "kaken_id": "17K00376", "project_name": "\u624b\u63cf\u304d\u7dda\u753b\u3092\u5165\u529b\u3068\u3057\u305f\u30a2\u30fc\u30c8\u30ef\u30fc\u30af\u4f5c\u6210\u652f\u63f4", "grant_category": "\u57fa\u76e4\u7814\u7a76(C)", "fields": ["\u7dcf\u5408\u7cfb", "\u60c5\u5831\u5b66", "\u4eba\u9593\u60c5\u5831\u5b66", "\u611f\u6027\u60c5\u5831\u5b66"], "keywords": ["\u30c9\u30ed\u30cd\u30fc\u4e09\u89d2\u5f62\u5206\u5272", "\u624b\u63cf\u304d\u7dda\u753b", "\u5207\u308a\u7d75", "\u81ea\u52d5\u5f69\u8272"], "budget": 4550000, "principal_investigator": {"affiliation": "\u5b87\u90fd\u5bae\u5927\u5b66", "name": "\u6771\u6d77\u6797 \u5065\u4e8c", "researcher_id": "70143188"}}