{"url": "https://kaken.nii.ac.jp/ja/grant/KAKENHI-PROJECT-17K00350", "kaken_id": "17K00350", "project_name": "\u6163\u6027\u4ed8\uff12\u6b21\u8fd1\u4f3c\u52fe\u914d\u30e2\u30c7\u30eb\u3092\u7528\u3044\u305f\u5927\u898f\u6a21\u304b\u3064\u5f37\u975e\u7dda\u5f62\u30c7\u30fc\u30bf\u5b66\u7fd2\u30a2\u30eb\u30b4\u30ea\u30ba\u30e0\u306e\u9ad8\u901f\u5316", "grant_category": "\u57fa\u76e4\u7814\u7a76(C)", "fields": ["\u7dcf\u5408\u7cfb", "\u60c5\u5831\u5b66", "\u4eba\u9593\u60c5\u5831\u5b66", "\u30bd\u30d5\u30c8\u30b3\u30f3\u30d4\u30e5\u30fc\u30c6\u30a3\u30f3\u30b0"], "keywords": ["\u6e96\u30cb\u30e5\u30fc\u30c8\u30f3\u6cd5", "\u30cb\u30e5\u30fc\u30e9\u30eb\u30cd\u30c3\u30c8\u30ef\u30fc\u30af", "\u5b66\u7fd2\u30a2\u30eb\u30b4\u30ea\u30ba\u30e0"], "budget": 3640000, "principal_investigator": {"affiliation": "\u6e58\u5357\u5de5\u79d1\u5927\u5b66", "name": "\u4e8c\u5bae \u6d0b", "researcher_id": "60308335"}}