{"url": "https://kaken.nii.ac.jp/ja/grant/KAKENHI-PROJECT-17K00413", "kaken_id": "17K00413", "project_name": "\u81ea\u52d5\u8eca\u904b\u8ee2\u8005\u306e\u30c9\u30c3\u30d7\u30e9\u30fc\u30bb\u30f3\u30b5\u8a08\u6e2c\u4fe1\u53f7\u30c7\u30fc\u30bf\u30d9\u30fc\u30b9\u69cb\u7bc9\u3068\u904b\u8ee2\u8005\u30bb\u30f3\u30b7\u30f3\u30b0\u6cd5\u306e\u7814\u7a76", "grant_category": "\u57fa\u76e4\u7814\u7a76(C)", "fields": ["\u7dcf\u5408\u7cfb", "\u60c5\u5831\u5b66", "\u60c5\u5831\u5b66\u30d5\u30ed\u30f3\u30c6\u30a3\u30a2", "\u751f\u547d\u30fb\u5065\u5eb7\u30fb\u533b\u7642\u60c5\u5831\u5b66"], "keywords": ["\u8a08\u6e2c\u5de5\u5b66"], "budget": 4290000, "principal_investigator": {"affiliation": "\u611b\u77e5\u770c\u7acb\u5927\u5b66", "name": "\u795e\u8c37 \u5e78\u5b8f", "researcher_id": "10361742"}}