{"url": "https://kaken.nii.ac.jp/ja/grant/KAKENHI-PROJECT-17K00003", "kaken_id": "17K00003", "project_name": "\u65b0\u3057\u3044\u65bd\u8a2d\u914d\u7f6e\u554f\u984c\u306b\u95a2\u3059\u308b\u7814\u7a76", "grant_category": "\u57fa\u76e4\u7814\u7a76(C)", "fields": ["\u7dcf\u5408\u7cfb", "\u60c5\u5831\u5b66", "\u60c5\u5831\u5b66\u57fa\u790e", "\u60c5\u5831\u5b66\u57fa\u790e\u7406\u8ad6"], "keywords": ["\u6700\u9069\u5316", "\u65bd\u8a2d\u914d\u7f6e\u554f\u984c", "\u30a2\u30eb\u30b4\u30ea\u30ba\u30e0"], "budget": 4550000, "principal_investigator": {"affiliation": "\u7fa4\u99ac\u5927\u5b66", "name": "\u4e2d\u91ce \u771e\u4e00", "researcher_id": "30227855"}}