{"url": "https://kaken.nii.ac.jp/ja/grant/KAKENHI-PROJECT-17K00212", "kaken_id": "17K00212", "project_name": "\u8033\u4ecb\u30e1\u30ac\u30cd\u3092\u7528\u3044\u305f\u6b63\u4e2d\u9762\u97f3\u50cf\u5b9a\u4f4d\u306e\u6280\u80fd\u7372\u5f97\u30b7\u30b9\u30c6\u30e0\u306b\u95a2\u3059\u308b\u7814\u7a76", "grant_category": "\u57fa\u76e4\u7814\u7a76(C)", "fields": ["\u7dcf\u5408\u7cfb", "\u60c5\u5831\u5b66", "\u4eba\u9593\u60c5\u5831\u5b66", "\u8a8d\u77e5\u79d1\u5b66"], "keywords": ["\u7acb\u4f53\u97f3\u97ff", "\u611f\u6027\u60c5\u5831\u5b66", "\u30d0\u30fc\u30c1\u30e3\u30eb\u30ea\u30a2\u30ea\u30c6\u30a3", "\u30d0\u30a4\u30ce\u30fc\u30e9\u30eb\u4fe1\u53f7\u51e6\u7406"], "budget": 4680000, "principal_investigator": {"affiliation": "\u6771\u4eac\u96fb\u6a5f\u5927\u5b66", "name": "\u6e21\u8fba \u7950\u5b50", "researcher_id": "20287444"}}