{"url": "https://kaken.nii.ac.jp/ja/grant/KAKENHI-PROJECT-17K00111", "kaken_id": "17K00111", "project_name": "\u7d44\u307f\u5408\u308f\u305b\u30c6\u30b9\u30c8\u3092\u5fdc\u7528\u3057\u305f\u7d44\u8fbc\u307f\u30b7\u30b9\u30c6\u30e0\u306e\u691c\u8a3c\u9805\u76ee\u751f\u6210\u306e\u7814\u7a76", "grant_category": "\u57fa\u76e4\u7814\u7a76(C)", "fields": ["\u7dcf\u5408\u7cfb", "\u60c5\u5831\u5b66", "\u8a08\u7b97\u57fa\u76e4", "\u30bd\u30d5\u30c8\u30a6\u30a7\u30a2"], "keywords": ["\u4ed5\u69d8\u8a18\u8ff0", "\u691c\u67fb\u9805\u76ee\u751f\u6210", "\u60c5\u5831\u5de5\u5b66", "\u5f62\u5f0f\u691c\u8a3c"], "budget": 4420000, "principal_investigator": {"affiliation": "\u65e5\u672c\u5927\u5b66", "name": "\u95a2\u6fa4 \u4fca\u5f26", "researcher_id": "10549314"}}