{"url": "https://kaken.nii.ac.jp/ja/grant/KAKENHI-PROJECT-17K00278", "kaken_id": "17K00278", "project_name": "\u30af\u30ed\u30b9\u30e2\u30fc\u30c0\u30eb\u523a\u6fc0\u306b\u3088\u308b\u5fae\u89e6\u611f\u932f\u899a\u306eVR\u30a4\u30f3\u30bf\u30d5\u30a7\u30fc\u30b9\u5fdc\u7528\u306b\u95a2\u3059\u308b\u7814\u7a76", "grant_category": "\u57fa\u76e4\u7814\u7a76(C)", "fields": ["\u7dcf\u5408\u7cfb", "\u60c5\u5831\u5b66", "\u4eba\u9593\u60c5\u5831\u5b66", "\u30d2\u30e5\u30fc\u30de\u30f3\u30a4\u30f3\u30bf\u30d5\u30a7\u30fc\u30b9\u30fb\u30a4\u30f3\u30bf\u30e9\u30af\u30b7\u30e7\u30f3"], "keywords": ["\u30d0\u30fc\u30c1\u30e3\u30eb\u30ea\u30a2\u30ea\u30c6\u30a3", "\u30e6\u30fc\u30b6\u30a4\u30f3\u30bf\u30fc\u30d5\u30a7\u30fc\u30b9", "\u30de\u30eb\u30c1\u30e2\u30fc\u30c0\u30eb\u30a4\u30f3\u30bf\u30fc\u30d5\u30a7\u30fc\u30b9"], "budget": 4420000, "principal_investigator": {"affiliation": "\u9752\u5c71\u5b66\u9662\u5927\u5b66", "name": "\u76db\u5ddd \u6d69\u5fd7", "researcher_id": "90386673"}}