{"url": "https://kaken.nii.ac.jp/ja/grant/KAKENHI-PROJECT-17K00478", "kaken_id": "17K00478", "project_name": "CyTrONE: Cyber Range Framework for Effective Cybersecurity Training", "grant_category": "\u57fa\u76e4\u7814\u7a76(C)", "fields": ["\u7dcf\u5408\u7cfb", "\u60c5\u5831\u5b66", "\u60c5\u5831\u5b66\u30d5\u30ed\u30f3\u30c6\u30a3\u30a2", "\u5b66\u7fd2\u652f\u63f4\u30b7\u30b9\u30c6\u30e0"], "keywords": ["cyber range", "cybersecurity training"], "budget": 4680000, "principal_investigator": {"affiliation": "\u5317\u9678\u5148\u7aef\u79d1\u5b66\u6280\u8853\u5927\u5b66\u9662\u5927\u5b66", "name": "BEURAN Razvan", "researcher_id": "40771788"}}