{"url": "https://kaken.nii.ac.jp/ja/grant/KAKENHI-PROJECT-17K00146", "kaken_id": "17K00146", "project_name": "\u5927\u898f\u6a21\u30c7\u30fc\u30bf\u53ce\u96c6\u306e\u305f\u3081\u306e\u81ea\u5f8b\u578b\u30a8\u30c3\u30b8\u30c7\u30d0\u30a4\u30b9", "grant_category": "\u57fa\u76e4\u7814\u7a76(C)", "fields": ["\u7dcf\u5408\u7cfb", "\u60c5\u5831\u5b66", "\u8a08\u7b97\u57fa\u76e4", "\u60c5\u5831\u30cd\u30c3\u30c8\u30ef\u30fc\u30af"], "keywords": ["\u60c5\u5831\u30b7\u30b9\u30c6\u30e0", "IoT", "\u30d3\u30c3\u30b0\u30c7\u30fc\u30bf", "\u30a8\u30c3\u30b8\u30b3\u30f3\u30d4\u30e5\u30fc\u30c6\u30a3\u30f3\u30b0", "\u9ad8\u4fe1\u983c\u6027\u30cd\u30c3\u30c8\u30ef\u30fc\u30af"], "budget": 4550000, "principal_investigator": {"affiliation": "\u56fd\u7acb\u7814\u7a76\u958b\u767a\u6cd5\u4eba\u60c5\u5831\u901a\u4fe1\u7814\u7a76\u6a5f\u69cb", "name": "\u5bfa\u897f \u88d5\u4e00", "researcher_id": "30403009"}}