{"url": "https://kaken.nii.ac.jp/ja/grant/KAKENHI-PROJECT-17K00481", "kaken_id": "17K00481", "project_name": "\u30b2\u30ce\u30e0\u533b\u7642\u5f93\u4e8b\u8005\u306e\u305f\u3081\u306e\u30cf\u30f3\u30ba\u30aa\u30f3\u5f0fcytogenetics\u5b9f\u7fd2\u30d7\u30ed\u30b0\u30e9\u30e0\u958b\u767a", "grant_category": "\u57fa\u76e4\u7814\u7a76(C)", "fields": ["\u7dcf\u5408\u7cfb", "\u60c5\u5831\u5b66", "\u60c5\u5831\u5b66\u30d5\u30ed\u30f3\u30c6\u30a3\u30a2", "\u5b66\u7fd2\u652f\u63f4\u30b7\u30b9\u30c6\u30e0"], "keywords": ["\u907a\u4f1d\u533b\u5b66", "\u67d3\u8272\u4f53\u691c\u67fb", "\u907a\u4f1d\u5b66\u7684\u691c\u67fb", "\u30de\u30a4\u30af\u30ed\u30a2\u30ec\u30a4\u67d3\u8272\u4f53\u691c\u67fb", "\u6559\u6750\u958b\u767a"], "budget": 4550000, "principal_investigator": {"affiliation": "\u4fe1\u5dde\u5927\u5b66", "name": "\u6cb3\u6751 \u7406\u6075", "researcher_id": "20735534"}}