{"url": "https://kaken.nii.ac.jp/ja/grant/KAKENHI-PROJECT-17K00356", "kaken_id": "17K00356", "project_name": "\u9ad8\u968e\u5c64\u578b\u795e\u7d4c\u56de\u8def\u306e\u30c8\u30dd\u30ed\u30b8\u30fc\u4fdd\u5b58\u6027\u3092\u6d3b\u7528\u3059\u308b\u672a\u89b3\u6e2c\u9818\u57df\u63a8\u5b9a\u624b\u6cd5\u3068\u5b9f\u8a3c\u30b7\u30b9\u30c6\u30e0\u69cb\u7bc9", "grant_category": "\u57fa\u76e4\u7814\u7a76(C)", "fields": ["\u7dcf\u5408\u7cfb", "\u60c5\u5831\u5b66", "\u4eba\u9593\u60c5\u5831\u5b66", "\u30bd\u30d5\u30c8\u30b3\u30f3\u30d4\u30e5\u30fc\u30c6\u30a3\u30f3\u30b0"], "keywords": ["\u30c7\u30a3\u30fc\u30d7\u30e9\u30fc\u30cb\u30f3\u30b0", "\u30cb\u30e5\u30fc\u30e9\u30eb\u30cd\u30c3\u30c8\u30ef\u30fc\u30af"], "budget": 4550000, "principal_investigator": {"affiliation": "\u4ed9\u53f0\u9ad8\u7b49\u5c02\u9580\u5b66\u6821", "name": "\u65e9\u5ddd \u5409\u5f18", "researcher_id": "20250847"}}