{"url": "https://kaken.nii.ac.jp/ja/grant/KAKENHI-PROJECT-17K00028", "kaken_id": "17K00028", "project_name": "\u7d44\u5408\u305b\u6700\u9069\u5316\u7406\u8ad6\u3092\u7528\u3044\u305f\u30cd\u30c3\u30c8\u30ef\u30fc\u30af\u89e3\u6790\u624b\u6cd5\u306e\u8a2d\u8a08", "grant_category": "\u57fa\u76e4\u7814\u7a76(C)", "fields": ["\u7dcf\u5408\u7cfb", "\u60c5\u5831\u5b66", "\u60c5\u5831\u5b66\u57fa\u790e", "\u6570\u7406\u60c5\u5831\u5b66"], "keywords": ["\u60c5\u5831\u57fa\u790e", "\u6570\u7406\u30e2\u30c7\u30eb", "\u6570\u7406\u5de5\u5b66", "\u7d44\u5408\u305b\u6700\u9069\u5316", "\u30a2\u30eb\u30b4\u30ea\u30ba\u30e0"], "budget": 4420000, "principal_investigator": {"affiliation": "\u6176\u61c9\u7fa9\u587e\u5927\u5b66", "name": "\u57a3\u6751 \u5c1a\u5fb3", "researcher_id": "30508180"}}