{"url": "https://kaken.nii.ac.jp/ja/grant/KAKENHI-PROJECT-17K00249", "kaken_id": "17K00249", "project_name": "\u8272\u899a\u7570\u5e38\u8005\u306b\u304a\u3051\u308b\u8a98\u76ee\u9818\u57df\u63a8\u5b9a\u30a2\u30eb\u30b4\u30ea\u30ba\u30e0", "grant_category": "\u57fa\u76e4\u7814\u7a76(C)", "fields": ["\u7dcf\u5408\u7cfb", "\u60c5\u5831\u5b66", "\u4eba\u9593\u60c5\u5831\u5b66", "\u77e5\u899a\u60c5\u5831\u51e6\u7406"], "keywords": ["\u611f\u6027\u60c5\u5831\u5b66", "\u8a98\u76ee\u9818\u57df\u63a8\u5b9a", "\u77e5\u899a\u60c5\u5831\u51e6\u7406", "\u8272\u899a\u7570\u5e38"], "budget": 2860000, "principal_investigator": {"affiliation": "\u65e5\u672c\u5927\u5b66", "name": "\u76ee\u9ed2 \u5149\u5f66", "researcher_id": "20323884"}}