{"url": "https://kaken.nii.ac.jp/ja/grant/KAKENHI-PROJECT-17K00245", "kaken_id": "17K00245", "project_name": "\u4e00\u822c\u5ea7\u6a19\u5909\u63db\u306b\u4e0d\u5909\u306a\uff47\u50cf\u306e\u7279\u5fb4\u62bd\u51fa\u624b\u6cd5\u306b\u95a2\u3059\u308b\u7814\u7a76", "grant_category": "\u57fa\u76e4\u7814\u7a76(C)", "fields": ["\u7dcf\u5408\u7cfb", "\u60c5\u5831\u5b66", "\u4eba\u9593\u60c5\u5831\u5b66", "\u77e5\u899a\u60c5\u5831\u51e6\u7406"], "keywords": ["\u5e7e\u4f55\u5b66", "\u60c5\u5831\u57fa\u790e", "\u753b\u50cf", "\u30a2\u30eb\u30b4\u30ea\u30ba\u30e0", "\u4eba\u5de5\u77e5\u80fd"], "budget": 2600000, "principal_investigator": {"affiliation": "\u5927\u962a\u5e02\u7acb\u5927\u5b66", "name": "\u9ce5\u751f \u9686", "researcher_id": "80347484"}}