{"url": "https://kaken.nii.ac.jp/ja/grant/KAKENHI-PROJECT-17K00019", "kaken_id": "17K00019", "project_name": "CPS\u306b\u57fa\u3065\u3044\u305f\u81ea\u5f8b\u5206\u6563\u30ed\u30dc\u30c3\u30c8\u7fa4\u306b\u5bfe\u3059\u308b\u7406\u8ad6\u7684\u30e2\u30c7\u30eb\u5316\u3068\u305d\u306e\u8a08\u7b97\u9650\u754c\u306e\u89e3\u660e", "grant_category": "\u57fa\u76e4\u7814\u7a76(C)", "fields": ["\u7dcf\u5408\u7cfb", "\u60c5\u5831\u5b66", "\u60c5\u5831\u5b66\u57fa\u790e", "\u60c5\u5831\u5b66\u57fa\u790e\u7406\u8ad6"], "keywords": ["\u5f62\u72b6\u5f62\u6210", "\u8010\u6545\u969c\u6027", "Cyber Phisical Systems", "\u8a08\u7b97\u9650\u754c", "\u81ea\u5f8b\u5206\u6563\u30ed\u30dc\u30c3\u30c8"], "budget": 4420000, "principal_investigator": {"affiliation": "\u6cd5\u653f\u5927\u5b66", "name": "\u548c\u7530 \u5e78\u4e00", "researcher_id": "90167198"}}