{"url": "https://kaken.nii.ac.jp/ja/grant/KAKENHI-PROJECT-17K00079", "kaken_id": "17K00079", "project_name": "Robot Operating System\u5411\u3051\u6587\u8108\u6307\u5411\u8a00\u8a9e\u57fa\u76e4\u3068\u65b9\u6cd5\u8ad6", "grant_category": "\u57fa\u76e4\u7814\u7a76(C)", "fields": ["\u7dcf\u5408\u7cfb", "\u60c5\u5831\u5b66", "\u8a08\u7b97\u57fa\u76e4", "\u8a08\u7b97\u6a5f\u30b7\u30b9\u30c6\u30e0"], "keywords": ["\u30bd\u30d5\u30c8\u30a6\u30a8\u30a2\u958b\u767a\u52b9\u7387\u5316\u30fb\u5b89\u5b9a\u5316", "ROS", "\u7d44\u8fbc\u307f", "IoT", "COP"], "budget": 4680000, "principal_investigator": {"affiliation": "\u4e5d\u5dde\u5927\u5b66", "name": "\u4e45\u4f4f \u61b2\u55e3", "researcher_id": "10380685"}}