{"url": "https://kaken.nii.ac.jp/ja/grant/KAKENHI-PROJECT-17K00203", "kaken_id": "17K00203", "project_name": "\u8001\u4eba\u6027\u96e3\u8074\u306b\u95a2\u9023\u3059\u308b\u8a8d\u77e5\u6a5f\u80fd\u3068\u8133\u306e\u69cb\u9020\u5909\u5316\u3068\u30b9\u30c8\u30ec\u30b9\u95a2\u9023\u30db\u30eb\u30e2\u30f3\u52d5\u614b\u306e\u89e3\u660e", "grant_category": "\u57fa\u76e4\u7814\u7a76(C)", "fields": ["\u7dcf\u5408\u7cfb", "\u60c5\u5831\u5b66", "\u4eba\u9593\u60c5\u5831\u5b66", "\u8a8d\u77e5\u79d1\u5b66"], "keywords": ["\u8001\u4eba\u6027\u96e3\u8074", "\u8a8d\u77e5\u75c7"], "budget": 4420000, "principal_investigator": {"affiliation": "\u5c90\u961c\u5927\u5b66", "name": "\u9752\u6728 \u5149\u5e83", "researcher_id": "30283302"}}