{"url": "https://kaken.nii.ac.jp/ja/grant/KAKENHI-PROJECT-17K00015", "kaken_id": "17K00015", "project_name": "\u4fdd\u5b58\u7684\u30bb\u30eb\u30aa\u30fc\u30c8\u30de\u30c8\u30f3\u306e\u69cb\u9020\u3068\u305d\u306e\u8a08\u7b97\u80fd\u529b", "grant_category": "\u57fa\u76e4\u7814\u7a76(C)", "fields": ["\u7dcf\u5408\u7cfb", "\u60c5\u5831\u5b66", "\u60c5\u5831\u5b66\u57fa\u790e", "\u60c5\u5831\u5b66\u57fa\u790e\u7406\u8ad6"], "keywords": ["\u4fdd\u5b58\u6027", "\u30bb\u30eb\u30aa\u30fc\u30c8\u30de\u30c8\u30f3"], "budget": 3250000, "principal_investigator": {"affiliation": "\u5e83\u5cf6\u5927\u5b66", "name": "\u4eca\u4e95 \u52dd\u559c", "researcher_id": "20253106"}}