{"url": "https://kaken.nii.ac.jp/ja/grant/KAKENHI-PROJECT-17K00423", "kaken_id": "17K00423", "project_name": "\u5065\u8a3a\u30c7\u30fc\u30bf\u306b\u3088\u308b\u5065\u5eb7\u72b6\u614b\u9077\u79fb\u4e88\u6e2c\u30e2\u30c7\u30eb\u306e\u958b\u767a", "grant_category": "\u57fa\u76e4\u7814\u7a76(C)", "fields": ["\u7dcf\u5408\u7cfb", "\u60c5\u5831\u5b66", "\u60c5\u5831\u5b66\u30d5\u30ed\u30f3\u30c6\u30a3\u30a2", "\u751f\u547d\u30fb\u5065\u5eb7\u30fb\u533b\u7642\u60c5\u5831\u5b66"], "keywords": ["\u533b\u7642\u30d3\u30c3\u30b0\u30c7\u30fc\u30bf", "\u4e88\u6e2c\u30e2\u30c7\u30eb", "\u30c7\u30fc\u30bf\u30d8\u30eb\u30b9", "\u5065\u5eb7\u72b6\u614b\u9077\u79fb", "\u5065\u8a3a\u30c7\u30fc\u30bf"], "budget": 1690000, "principal_investigator": {"affiliation": "\u7523\u696d\u533b\u79d1\u5927\u5b66", "name": "\u6d45\u5ddd \u525b", "researcher_id": "90419515"}}