{"url": "https://kaken.nii.ac.jp/ja/grant/KAKENHI-PROJECT-17K00161", "kaken_id": "17K00161", "project_name": "\u7d71\u8a08\u30e2\u30c7\u30eb\u3068\u7269\u7406\u30e2\u30c7\u30eb\u3092\u7d71\u5408\u3057\u305f\u56e0\u679c\u95a2\u4fc2\u8868\u73fe\u306b\u57fa\u3065\u304f\u6642\u7cfb\u5217\u30c7\u30fc\u30bf\u30de\u30a4\u30cb\u30f3\u30b0\u65b9\u5f0f", "grant_category": "\u57fa\u76e4\u7814\u7a76(C)", "fields": ["\u7dcf\u5408\u7cfb", "\u60c5\u5831\u5b66", "\u8a08\u7b97\u57fa\u76e4", "\u30de\u30eb\u30c1\u30e1\u30c7\u30a3\u30a2\u30fb\u30c7\u30fc\u30bf\u30d9\u30fc\u30b9"], "keywords": ["\u30d3\u30c3\u30af\u30c7\u30fc\u30bf\u5206\u6790\u30fb\u6d3b\u7528"], "budget": 4680000, "principal_investigator": {"affiliation": "\u6771\u6d77\u5927\u5b66", "name": "\u4eca\u6751 \u8aa0", "researcher_id": "30780291"}}