{"url": "https://kaken.nii.ac.jp/ja/grant/KAKENHI-PROJECT-17K00150", "kaken_id": "17K00150", "project_name": "\u5927\u898f\u6a21\u30b0\u30e9\u30d5\u30c7\u30fc\u30bf\u304b\u3089\u30b9\u30ad\u30fc\u30de\u3092\u62bd\u51fa\u3059\u308b\u305f\u3081\u306e\u5916\u90e8\u8a18\u61b6\u30a2\u30eb\u30b4\u30ea\u30ba\u30e0\u306e\u958b\u767a", "grant_category": "\u57fa\u76e4\u7814\u7a76(C)", "fields": ["\u7dcf\u5408\u7cfb", "\u60c5\u5831\u5b66", "\u8a08\u7b97\u57fa\u76e4", "\u30de\u30eb\u30c1\u30e1\u30c7\u30a3\u30a2\u30fb\u30c7\u30fc\u30bf\u30d9\u30fc\u30b9"], "keywords": ["\u30b9\u30ad\u30fc\u30de\u62bd\u51fa"], "budget": 4030000, "principal_investigator": {"affiliation": "\u7b51\u6ce2\u5927\u5b66", "name": "\u9234\u6728 \u4f38\u5d07", "researcher_id": "60305779"}}