{"url": "https://kaken.nii.ac.jp/ja/grant/KAKENHI-PROJECT-17K00202", "kaken_id": "17K00202", "project_name": "\u8074\u899a\u306e\u6642\u9593\u7a93\u306e\u9032\u5316\uff1a \u4e8b\u8c61\u95a2\u9023\u96fb\u4f4d\u306b\u3088\u308b\u6bd4\u8f03\u7814\u7a76", "grant_category": "\u57fa\u76e4\u7814\u7a76(C)", "fields": ["\u7dcf\u5408\u7cfb", "\u60c5\u5831\u5b66", "\u4eba\u9593\u60c5\u5831\u5b66", "\u8a8d\u77e5\u79d1\u5b66"], "keywords": ["\u8074\u899a", "\u8133", "\u4e8b\u8c61\u95a2\u9023\u96fb\u4f4d", "\u9032\u5316"], "budget": 4420000, "principal_investigator": {"affiliation": "\u65b0\u6f5f\u5927\u5b66", "name": "\u4f0a\u85e4 \u6d69\u4ecb", "researcher_id": "30345516"}}