{"url": "https://kaken.nii.ac.jp/ja/grant/KAKENHI-PROJECT-17K00223", "kaken_id": "17K00223", "project_name": "\u5b9f\u6642\u9593\u97f3\u58f0\u4e86\u89e3\u5ea6\u6e2c\u5b9a\u30e1\u30fc\u30bf\u306e\u57fa\u790e\u691c\u8a0e", "grant_category": "\u57fa\u76e4\u7814\u7a76(C)", "fields": ["\u7dcf\u5408\u7cfb", "\u60c5\u5831\u5b66", "\u4eba\u9593\u60c5\u5831\u5b66", "\u77e5\u899a\u60c5\u5831\u51e6\u7406"], "keywords": ["\u97f3\u58f0\u4e86\u89e3\u5ea6", "\u97f3\u58f0\u60c5\u5831\u51e6\u7406", "\u97f3\u8cea\u63a8\u5b9a", "\u5b9f\u6642\u9593\u63a8\u5b9a"], "budget": 4420000, "principal_investigator": {"affiliation": "\u5c71\u5f62\u5927\u5b66", "name": "\u8fd1\u85e4 \u548c\u5f18", "researcher_id": "10312753"}}