{"url": "https://kaken.nii.ac.jp/ja/grant/KAKENHI-PROJECT-17K00360", "kaken_id": "17K00360", "project_name": "\u6a4b\u6881\u79fb\u52d5\u30ed\u30dc\u30c3\u30c8\u306e\u5b89\u5b9a\u5316\u306b\u3088\u308b\u9ad8\u7cbe\u5ea6\u3072\u3073\u5272\u308c\u691c\u67fb", "grant_category": "\u57fa\u76e4\u7814\u7a76(C)", "fields": ["\u7dcf\u5408\u7cfb", "\u60c5\u5831\u5b66", "\u4eba\u9593\u60c5\u5831\u5b66", "\u77e5\u80fd\u30ed\u30dc\u30c6\u30a3\u30af\u30b9"], "keywords": ["\u77e5\u80fd\u30ed\u30dc\u30c6\u30a3\u30c3\u30af\u30b9"], "budget": 4550000, "principal_investigator": {"affiliation": "\u7b51\u6ce2\u5927\u5b66", "name": "\u5c71\u53e3 \u53cb\u4e4b", "researcher_id": "50424825"}}