{"url": "https://kaken.nii.ac.jp/ja/grant/KAKENHI-PROJECT-17K00034", "kaken_id": "17K00034", "project_name": "\u975e\u8ca0\u30b7\u30b9\u30c6\u30e0\u306b\u304a\u3051\u308b\u8a98\u56e0\u30b7\u30e5\u30bf\u30c3\u30b1\u30eb\u30d9\u30eb\u30b0\u6226\u7565\u306e\u65b0\u5c55\u958b", "grant_category": "\u57fa\u76e4\u7814\u7a76(C)", "fields": ["\u7dcf\u5408\u7cfb", "\u60c5\u5831\u5b66", "\u60c5\u5831\u5b66\u57fa\u790e", "\u6570\u7406\u60c5\u5831\u5b66"], "keywords": ["\u6570\u7406\u5de5\u5b66", "\u60c5\u5831\u57fa\u790e", "\u5236\u5fa1\u5de5\u5b66"], "budget": 4420000, "principal_investigator": {"affiliation": "\u5e83\u5cf6\u5927\u5b66", "name": "\u5411\u8c37 \u535a\u660e", "researcher_id": "70305788"}}