{"url": "https://kaken.nii.ac.jp/ja/grant/KAKENHI-PROJECT-17K00443", "kaken_id": "17K00443", "project_name": "\u6700\u65b0IoT\u898f\u683c\u306e\u9ad8\u7d1a\u30e1\u30ed\u30f3\u751f\u7523\u7ba1\u7406\u3078\u306e\u9069\u7528\u3068\u305d\u306e\u8a55\u4fa1", "grant_category": "\u57fa\u76e4\u7814\u7a76(C)", "fields": ["\u7dcf\u5408\u7cfb", "\u60c5\u5831\u5b66", "\u60c5\u5831\u5b66\u30d5\u30ed\u30f3\u30c6\u30a3\u30a2", "\u30a6\u30a7\u30d6\u60c5\u5831\u5b66\u30fb\u30b5\u30fc\u30d3\u30b9\u60c5\u5831\u5b66"], "keywords": ["\u8a08\u6e2c\u5de5\u5b66", "Internet of Things", "\u30bb\u30f3\u30b5\u30fc\u30c7\u30d0\u30a4\u30b9"], "budget": 3640000, "principal_investigator": {"affiliation": "\u6cd5\u653f\u5927\u5b66", "name": "\u85e4\u4e95 \u7ae0\u535a", "researcher_id": "40241591"}}