{"url": "https://kaken.nii.ac.jp/ja/grant/KAKENHI-PROJECT-17K00204", "kaken_id": "17K00204", "project_name": "\u52d5\u7269\u5712\u306e\u6bd4\u8f03\u8a8d\u77e5\u79d1\u5b66\uff0d\u30b4\u30ea\u30e9\u306e\u8a8d\u77e5\u7814\u7a76\u62e0\u70b9\u3068\u3057\u3066\uff0d", "grant_category": "\u57fa\u76e4\u7814\u7a76(C)", "fields": ["\u7dcf\u5408\u7cfb", "\u60c5\u5831\u5b66", "\u4eba\u9593\u60c5\u5831\u5b66", "\u8a8d\u77e5\u79d1\u5b66"], "keywords": ["\u30b4\u30ea\u30e9", "\u6bd4\u8f03\u8a8d\u77e5\u79d1\u5b66", "\u52d5\u7269\u5712", "\u8a8d\u77e5\u30a8\u30f3\u30ea\u30c3\u30c1\u30e1\u30f3\u30c8", "\u77e5\u6027\u306e\u5c55\u793a"], "budget": 4420000, "principal_investigator": {"affiliation": "\u4eac\u90fd\u5927\u5b66", "name": "\u7530\u4e2d \u6b63\u4e4b", "researcher_id": "80280775"}}