{"url": "https://kaken.nii.ac.jp/ja/grant/KAKENHI-PROJECT-17K00225", "kaken_id": "17K00225", "project_name": "\u9ad8\u9a12\u97f3\u74b0\u5883\u4e0b\u3067\u306e\u8907\u6570\u9aa8\u5c0e\u30de\u30a4\u30af\u30ed\u30db\u30f3\u30b7\u30b9\u30c6\u30e0\u306b\u3088\u308b\u97f3\u8cea\u78ba\u4fdd", "grant_category": "\u57fa\u76e4\u7814\u7a76(C)", "fields": ["\u7dcf\u5408\u7cfb", "\u60c5\u5831\u5b66", "\u4eba\u9593\u60c5\u5831\u5b66", "\u77e5\u899a\u60c5\u5831\u51e6\u7406"], "keywords": ["\u9aa8\u4f1d\u5c0e"], "budget": 3380000, "principal_investigator": {"affiliation": "\u57fc\u7389\u5927\u5b66", "name": "\u5cf6\u6751 \u5fb9\u4e5f", "researcher_id": "40235635"}}