{"url": "https://kaken.nii.ac.jp/ja/grant/KAKENHI-PROJECT-17K00194", "kaken_id": "17K00194", "project_name": "\u60c5\u5831\u30bb\u30ad\u30e5\u30ea\u30c6\u30a3\u306e\u60c5\u5831\u30d0\u30ea\u30a2\u30d5\u30ea\u30fc\u5316", "grant_category": "\u57fa\u76e4\u7814\u7a76(C)", "fields": ["\u7dcf\u5408\u7cfb", "\u60c5\u5831\u5b66", "\u8a08\u7b97\u57fa\u76e4", "\u60c5\u5831\u30bb\u30ad\u30e5\u30ea\u30c6\u30a3"], "keywords": ["\u60c5\u5831\u30d0\u30ea\u30a2\u30d5\u30ea\u30fc", "\u30d1\u30b9\u30ef\u30fc\u30c9\u5165\u529b", "\u60c5\u5831\u30bb\u30ad\u30e5\u30ea\u30c6\u30a3", "\u8a8d\u8a3c", "\u80a2\u4f53\u4e0d\u81ea\u7531\u8005"], "budget": 3900000, "principal_investigator": {"affiliation": "\u795e\u5948\u5ddd\u5de5\u79d1\u5927\u5b66", "name": "\u5ca1\u672c \u5b66", "researcher_id": "70600451"}}