{"url": "https://kaken.nii.ac.jp/ja/grant/KAKENHI-PROJECT-17K00054", "kaken_id": "17K00054", "project_name": "\u4e0d\u5b8c\u5168\u60c5\u5831\u3092\u4f34\u3046\u4e8b\u8c61\u6642\u9593\u30c7\u30fc\u30bf\u306e\u30bb\u30df\u30d1\u30e9\u30e1\u30c8\u30ea\u30c3\u30af\u63a8\u6e2c\u3068\u305d\u306e\u591a\u6b21\u5143\u5316", "grant_category": "\u57fa\u76e4\u7814\u7a76(C)", "fields": ["\u7dcf\u5408\u7cfb", "\u60c5\u5831\u5b66", "\u60c5\u5831\u5b66\u57fa\u790e", "\u7d71\u8a08\u79d1\u5b66"], "keywords": ["\u81e8\u5e8a\u7d71\u8a08", "\u7d71\u8a08\u6570\u5b66", "\u7d71\u8a08\u63a8\u6e2c", "\u30c7\u30fc\u30bf\u30b5\u30a4\u30a8\u30f3\u30b9"], "budget": 4680000, "principal_investigator": {"affiliation": "\u9e7f\u5150\u5cf6\u5927\u5b66", "name": "\u6749\u672c \u77e5\u4e4b", "researcher_id": "70324829"}}