{"url": "https://kaken.nii.ac.jp/ja/grant/KAKENHI-PROJECT-17K00486", "kaken_id": "17K00486", "project_name": "\u5ba2\u89b3\u7684\u8a55\u4fa1\u6a5f\u80fd\u3092\u5099\u3048\u305f\u6f22\u65b9e\u30e9\u30fc\u30cb\u30f3\u30b0\u30b7\u30b9\u30c6\u30e0\u306e\u958b\u767a", "grant_category": "\u57fa\u76e4\u7814\u7a76(C)", "fields": ["\u7dcf\u5408\u7cfb", "\u60c5\u5831\u5b66", "\u60c5\u5831\u5b66\u30d5\u30ed\u30f3\u30c6\u30a3\u30a2", "\u5b66\u7fd2\u652f\u63f4\u30b7\u30b9\u30c6\u30e0"], "keywords": ["e-\u30e9\u30fc\u30cb\u30f3\u30b0"], "budget": 4160000, "principal_investigator": {"affiliation": "\u5e83\u5cf6\u5927\u5b66", "name": "\u98ef\u585a \u5fb3\u7537", "researcher_id": "80332807"}}