{"url": "https://kaken.nii.ac.jp/ja/grant/KAKENHI-PROJECT-17K00340", "kaken_id": "17K00340", "project_name": "\u5727\u7e2e\u30bb\u30f3\u30b7\u30f3\u30b0\u306e\u305f\u3081\u306e\u753b\u50cf\u8f9e\u66f8\u3078\u306e\u78ba\u7387\u5206\u5e03\u30a2\u30d7\u30ed\u30fc\u30c1", "grant_category": "\u57fa\u76e4\u7814\u7a76(C)", "fields": ["\u7dcf\u5408\u7cfb", "\u60c5\u5831\u5b66", "\u4eba\u9593\u60c5\u5831\u5b66", "\u30bd\u30d5\u30c8\u30b3\u30f3\u30d4\u30e5\u30fc\u30c6\u30a3\u30f3\u30b0"], "keywords": ["\u6a5f\u68b0\u5b66\u7fd2", "\u7d71\u8a08\u529b\u5b66", "\u60c5\u5831\u57fa\u790e"], "budget": 2470000, "principal_investigator": {"affiliation": "\u5ca1\u5c71\u5927\u5b66", "name": "\u76f8\u7530 \u654f\u660e", "researcher_id": "60290722"}}