{"url": "https://kaken.nii.ac.jp/ja/grant/KAKENHI-PROJECT-17K00074", "kaken_id": "17K00074", "project_name": "\u30a4\u30f3\u30bf\u30fc\u30cd\u30c3\u30c8\u306b\u304a\u3051\u308b\uff26\uff30\uff27\uff21\u3092\u7528\u3044\u305f\u97f3\u697d\u96fb\u5b50\u6307\u7d0b\u306e\u5927\u898f\u6a21\u691c\u7d22", "grant_category": "\u57fa\u76e4\u7814\u7a76(C)", "fields": ["\u7dcf\u5408\u7cfb", "\u60c5\u5831\u5b66", "\u8a08\u7b97\u57fa\u76e4", "\u8a08\u7b97\u6a5f\u30b7\u30b9\u30c6\u30e0"], "keywords": ["\u96fb\u5b50\u6307\u7d0b", "\u30a4\u30f3\u30bf\u30fc\u30cd\u30c3\u30c8", "FPGA", "\u30ea\u30b3\u30f3\u30d5\u30a3\u30ae\u30e3\u30e9\u30d6\u30eb\u30b7\u30b9\u30c6\u30e0", "\u97f3\u697d\u30d5\u30a1\u30a4\u30eb"], "budget": 4550000, "principal_investigator": {"affiliation": "\u5317\u9678\u5148\u7aef\u79d1\u5b66\u6280\u8853\u5927\u5b66\u9662\u5927\u5b66", "name": "\u4e95\u53e3 \u5be7", "researcher_id": "90293406"}}