{"url": "https://kaken.nii.ac.jp/ja/grant/KAKENHI-PROJECT-17K00014", "kaken_id": "17K00014", "project_name": "\u30b0\u30e9\u30d5\u7406\u8ad6\u7684\u624b\u6cd5\u306b\u57fa\u3065\u304f\u96e2\u6563\u6700\u9069\u5316\u30a2\u30eb\u30b4\u30ea\u30ba\u30e0\u306e\u8a2d\u8a08", "grant_category": "\u57fa\u76e4\u7814\u7a76(C)", "fields": ["\u7dcf\u5408\u7cfb", "\u60c5\u5831\u5b66", "\u60c5\u5831\u5b66\u57fa\u790e", "\u60c5\u5831\u5b66\u57fa\u790e\u7406\u8ad6"], "keywords": ["\u9ad8\u901f\u30b3\u30f3\u30d4\u30e5\u30fc\u30c6\u30a3\u30f3\u30b0", "\u60c5\u5831\u5de5\u5b66", "\u6700\u9069\u5316", "\u6570\u7406\u8a08\u753b", "\u30a2\u30eb\u30b4\u30ea\u30ba\u30e0"], "budget": 4680000, "principal_investigator": {"affiliation": "\u4eac\u90fd\u5927\u5b66", "name": "\u6c38\u6301 \u4ec1", "researcher_id": "70202231"}}