{"url": "https://kaken.nii.ac.jp/ja/grant/KAKENHI-PROJECT-17K00449", "kaken_id": "17K00449", "project_name": "\u30d6\u30e9\u30a6\u30b8\u30f3\u30b0\u578b\u63a2\u7d22\u30bf\u30b9\u30af\u306e\u89e3\u660e\u3068\u305d\u306e\u652f\u63f4\u624b\u6cd5\u306b\u95a2\u3059\u308b\u7814\u7a76", "grant_category": "\u57fa\u76e4\u7814\u7a76(C)", "fields": ["\u7dcf\u5408\u7cfb", "\u60c5\u5831\u5b66", "\u60c5\u5831\u5b66\u30d5\u30ed\u30f3\u30c6\u30a3\u30a2", "\u56f3\u66f8\u9928\u60c5\u5831\u5b66\u30fb\u4eba\u6587\u793e\u4f1a\u60c5\u5831\u5b66"], "keywords": ["\u30c7\u30b8\u30bf\u30eb\u30a2\u30fc\u30ab\u30a4\u30d6\u30ba", "\u30d6\u30e9\u30a6\u30b8\u30f3\u30b0\u578b\u63a2\u7d22"], "budget": 4550000, "principal_investigator": {"affiliation": "\u7b51\u6ce2\u5927\u5b66", "name": "\u9ad8\u4e45 \u96c5\u751f", "researcher_id": "00399271"}}