{"url": "https://kaken.nii.ac.jp/ja/grant/KAKENHI-PROJECT-17K00075", "kaken_id": "17K00075", "project_name": "\u5c0f\u898f\u6a21\u30de\u30a4\u30b3\u30f3\u306b\u3088\u308bIoT\u6a5f\u5668\u5411\u3051\u30d1\u30fc\u30c6\u30a3\u30b7\u30e7\u30cb\u30f3\u30b0\u30d5\u30ec\u30fc\u30e0\u30ef\u30fc\u30af\u306e\u5b9f\u73fe", "grant_category": "\u57fa\u76e4\u7814\u7a76(C)", "fields": ["\u7dcf\u5408\u7cfb", "\u60c5\u5831\u5b66", "\u8a08\u7b97\u57fa\u76e4", "\u8a08\u7b97\u6a5f\u30b7\u30b9\u30c6\u30e0"], "keywords": ["\u30d1\u30fc\u30c6\u30a3\u30b7\u30e7\u30cb\u30f3\u30b0", "\u7d44\u8fbc\u307f\u30b7\u30b9\u30c6\u30e0"], "budget": 4550000, "principal_investigator": {"affiliation": "\u540d\u53e4\u5c4b\u5927\u5b66", "name": "\u672c\u7530 \u664b\u4e5f", "researcher_id": "20402406"}}