{"url": "https://kaken.nii.ac.jp/ja/grant/KAKENHI-PROJECT-17K00404", "kaken_id": "17K00404", "project_name": "\u60c5\u52d5\u53ef\u5851\u6027\u306e\u6a5f\u80fd\u3068\u30e1\u30ab\u30cb\u30ba\u30e0\u3092\u660e\u3089\u304b\u306b\u3059\u308b\u30b7\u30ca\u30d7\u30b9\u7d71\u5408\u30e2\u30c7\u30ea\u30f3\u30b0", "grant_category": "\u57fa\u76e4\u7814\u7a76(C)", "fields": ["\u7dcf\u5408\u7cfb", "\u60c5\u5831\u5b66", "\u60c5\u5831\u5b66\u30d5\u30ed\u30f3\u30c6\u30a3\u30a2", "\u751f\u547d\u30fb\u5065\u5eb7\u30fb\u533b\u7642\u60c5\u5831\u5b66"], "keywords": ["\u30b3\u30f3\u30d4\u30e5\u30fc\u30bf\u30b7\u30df\u30e5\u30ec\u30fc\u30b7\u30e7\u30f3", "\u30b7\u30b0\u30ca\u30eb\u4f1d\u9054", "\u30b7\u30ca\u30d7\u30b9\u53ef\u5851\u6027", "\u5f37\u5316\u5b66\u7fd2"], "budget": 4680000, "principal_investigator": {"affiliation": "\u4eac\u90fd\u5927\u5b66", "name": "\u6d66\u4e45\u4fdd \u79c0\u4fca", "researcher_id": "40512140"}}