{"url": "https://kaken.nii.ac.jp/ja/grant/KAKENHI-PROJECT-17K00265", "kaken_id": "17K00265", "project_name": "\u8d85\u9ad8\u7cbe\u7d30\u30fb\u8d85\u5e83\u8996\u91ce\u89d23D\u30db\u30ed\u30b0\u30e9\u30d5\u30a3\u30c3\u30af\u8868\u793a\u306e\u305f\u3081\u306e\u5927\u898f\u6a21\u30d4\u30af\u30bb\u30eb\u8a08\u7b97\u6280\u8853", "grant_category": "\u57fa\u76e4\u7814\u7a76(C)", "fields": ["\u7dcf\u5408\u7cfb", "\u60c5\u5831\u5b66", "\u4eba\u9593\u60c5\u5831\u5b66", "\u30d2\u30e5\u30fc\u30de\u30f3\u30a4\u30f3\u30bf\u30d5\u30a7\u30fc\u30b9\u30fb\u30a4\u30f3\u30bf\u30e9\u30af\u30b7\u30e7\u30f3"], "keywords": ["\u8a08\u7b97\u6a5f\u30db\u30ed\u30b0\u30e9\u30e0", "\u30d0\u30fc\u30c1\u30e3\u30eb\u30ea\u30a2\u30ea\u30c6\u30a3", "\u30d2\u30e5\u30fc\u30de\u30f3\u30a4\u30f3\u30bf\u30fc\u30d5\u30a7\u30a4\u30b9"], "budget": 4550000, "principal_investigator": {"affiliation": "\u5b87\u90fd\u5bae\u5927\u5b66", "name": "\u99ac\u5834 \u656c\u4fe1", "researcher_id": "70092616"}}