{"url": "https://kaken.nii.ac.jp/ja/grant/KAKENHI-PROJECT-17K00072", "kaken_id": "17K00072", "project_name": "\u30ed\u30dc\u30c3\u30c8\u9023\u643a\u30af\u30e9\u30a6\u30c9\u30fb\u30b3\u30f3\u30d4\u30e5\u30fc\u30c6\u30a3\u30f3\u30b0\u74b0\u5883\u306b\u304a\u3051\u308bFPGA\u30b3\u30f3\u30dd\u30fc\u30cd\u30f3\u30c8\u6280\u8853", "grant_category": "\u57fa\u76e4\u7814\u7a76(C)", "fields": ["\u7dcf\u5408\u7cfb", "\u60c5\u5831\u5b66", "\u8a08\u7b97\u57fa\u76e4", "\u8a08\u7b97\u6a5f\u30b7\u30b9\u30c6\u30e0"], "keywords": ["HW/SW\u5354\u8abf\u8a2d\u8a08", "FPGA", "\u30af\u30e9\u30a6\u30c9", "\u30b3\u30f3\u30dd\u30fc\u30cd\u30f3\u30c8", "\u30ed\u30dc\u30c3\u30c8"], "budget": 4550000, "principal_investigator": {"affiliation": "\u5b87\u90fd\u5bae\u5927\u5b66", "name": "\u5927\u5ddd \u731b", "researcher_id": "80392596"}}