{"url": "https://kaken.nii.ac.jp/ja/grant/KAKENHI-PROJECT-17K00399", "kaken_id": "17K00399", "project_name": "Natural selection driven structure building in a tunable DNA-only system", "grant_category": "\u57fa\u76e4\u7814\u7a76(C)", "fields": ["\u7dcf\u5408\u7cfb", "\u60c5\u5831\u5b66", "\u60c5\u5831\u5b66\u30d5\u30ed\u30f3\u30c6\u30a3\u30a2", "\u751f\u547d\u30fb\u5065\u5eb7\u30fb\u533b\u7642\u60c5\u5831\u5b66"], "keywords": ["Liquid-handling robot", "Evolvability", "DNA nanostructures"], "budget": 4550000, "principal_investigator": {"affiliation": "\u304a\u8336\u306e\u6c34\u5973\u5b50\u5927\u5b66", "name": "\u30aa\u30d9\u30eb\u52a0\u85e4 \u30ca\u30bf\u30ca\u30a8\u30eb", "researcher_id": "10749659"}}