{"url": "https://kaken.nii.ac.jp/ja/grant/KAKENHI-PROJECT-17K00229", "kaken_id": "17K00229", "project_name": "\u6642\u9593\u5468\u6ce2\u6570\u5e73\u9762\u3092\u81ea\u5728\u306b\u64cd\u308b\u30cf\u30a4\u30d1\u30fc\u30df\u30ad\u30b5\u30fc\u306e\u7814\u7a76\u3068\u7814\u7a76\u8005\u7528\u97f3\u6e90\u30c7\u30fc\u30bf\u30d9\u30fc\u30b9\u306e\u69cb\u7bc9", "grant_category": "\u57fa\u76e4\u7814\u7a76(C)", "fields": ["\u7dcf\u5408\u7cfb", "\u60c5\u5831\u5b66", "\u4eba\u9593\u60c5\u5831\u5b66", "\u77e5\u899a\u60c5\u5831\u51e6\u7406"], "keywords": ["\u97f3\u58f0\u97f3\u97ff\u30c7\u30fc\u30bf\u30d9\u30fc\u30b9", "\u30ea\u30a2\u30eb\u30bf\u30a4\u30e0\u4fe1\u53f7\u51e6\u7406"], "budget": 4550000, "principal_investigator": {"affiliation": "\u96fb\u6c17\u901a\u4fe1\u5927\u5b66", "name": "\u9ad8\u6a4b \u5f18\u592a", "researcher_id": "10188005"}}