{"url": "https://kaken.nii.ac.jp/ja/grant/KAKENHI-PROJECT-17K00432", "kaken_id": "17K00432", "project_name": "\u30d7\u30e9\u30a4\u30d0\u30b7\u30fc\u4fdd\u8b77\u30c7\u30fc\u30bf\u30de\u30a4\u30cb\u30f3\u30b0\u3092\u7528\u3044\u305f\u30b3\u30f3\u30c6\u30ad\u30b9\u30c8\u30d9\u30fc\u30b9\u4f4d\u7f6e\u60c5\u5831\u30b5\u30fc\u30d3\u30b9", "grant_category": "\u57fa\u76e4\u7814\u7a76(C)", "fields": ["\u7dcf\u5408\u7cfb", "\u60c5\u5831\u5b66", "\u60c5\u5831\u5b66\u30d5\u30ed\u30f3\u30c6\u30a3\u30a2", "\u30a6\u30a7\u30d6\u60c5\u5831\u5b66\u30fb\u30b5\u30fc\u30d3\u30b9\u60c5\u5831\u5b66"], "keywords": ["\u4f4d\u7f6e\u60c5\u5831\u30b5\u30fc\u30d3\u30b9", "\u30c7\u30fc\u30bf\u30de\u30a4\u30cb\u30f3\u30b0", "\u30d7\u30e9\u30a4\u30d0\u30b7\u30fc\u4fdd\u8b77"], "budget": 4290000, "principal_investigator": {"affiliation": "\u5357\u5c71\u5927\u5b66", "name": "\u6cb3\u91ce \u6d69\u4e4b", "researcher_id": "70224813"}}