{"url": "https://kaken.nii.ac.jp/ja/grant/KAKENHI-PROJECT-17K00239", "kaken_id": "17K00239", "project_name": "\u9ad8\u89e3\u50cf\u5ea6\u753b\u50cf\u5217\u304b\u3089\u306e\u7269\u4f53\u5f62\u72b6\u30fb\u59ff\u52e2\u30fb\u7167\u660e\u89e3\u6790", "grant_category": "\u57fa\u76e4\u7814\u7a76(C)", "fields": ["\u7dcf\u5408\u7cfb", "\u60c5\u5831\u5b66", "\u4eba\u9593\u60c5\u5831\u5b66", "\u77e5\u899a\u60c5\u5831\u51e6\u7406"], "keywords": ["\u9ad8\u89e3\u50cf\u5ea6\u753b\u50cf", "\u5f62\u72b6\u30fb\u7167\u660e\u30fb\u59ff\u52e2\u63a8\u5b9a", "\u30b3\u30f3\u30d4\u30e5\u30fc\u30bf\u30d3\u30b8\u30e7\u30f3"], "budget": 4030000, "principal_investigator": {"affiliation": "\u5ca1\u5c71\u5927\u5b66", "name": "\u53f3\u7530 \u525b\u53f2", "researcher_id": "90362954"}}