{"url": "https://kaken.nii.ac.jp/ja/grant/KAKENHI-PROJECT-17K00013", "kaken_id": "17K00013", "project_name": "\u5927\u898f\u6a21\u30c7\u30fc\u30bf\u51e6\u7406\u30a2\u30eb\u30b4\u30ea\u30ba\u30e0\u306e\u7406\u8ad6\u4fdd\u8a3c\u306b\u95a2\u3059\u308b\u7814\u7a76", "grant_category": "\u57fa\u76e4\u7814\u7a76(C)", "fields": ["\u7dcf\u5408\u7cfb", "\u60c5\u5831\u5b66", "\u60c5\u5831\u5b66\u57fa\u790e", "\u60c5\u5831\u5b66\u57fa\u790e\u7406\u8ad6"], "keywords": ["\u7406\u8ad6\u4fdd\u8a3c", "\u30a2\u30eb\u30b4\u30ea\u30ba\u30e0"], "budget": 4420000, "principal_investigator": {"affiliation": "\u8c4a\u6a4b\u6280\u8853\u79d1\u5b66\u5927\u5b66", "name": "\u85e4\u6238 \u654f\u5f18", "researcher_id": "00271073"}}