{"url": "https://kaken.nii.ac.jp/ja/grant/KAKENHI-PROJECT-17K00238", "kaken_id": "17K00238", "project_name": "\u753b\u50cf\u52a3\u5316\u30e2\u30c7\u30eb\u3092\u7528\u3044\u305f\u4f4e\u89e3\u50cf\u5ea6\u4eba\u7269\u7167\u5408\u306e\u7814\u7a76", "grant_category": "\u57fa\u76e4\u7814\u7a76(C)", "fields": ["\u7dcf\u5408\u7cfb", "\u60c5\u5831\u5b66", "\u4eba\u9593\u60c5\u5831\u5b66", "\u77e5\u899a\u60c5\u5831\u51e6\u7406"], "keywords": ["\u30ea\u30b5\u30f3\u30d7\u30ea\u30f3\u30b0", "\u4eba\u7269\u5bfe\u5fdc\u4ed8\u3051", "\u753b\u50cf\u52a3\u5316\u30e2\u30c7\u30eb", "\u307c\u3051", "\u4f4e\u89e3\u50cf\u5ea6"], "budget": 4550000, "principal_investigator": {"affiliation": "\u9ce5\u53d6\u5927\u5b66", "name": "\u897f\u5c71 \u6b63\u5fd7", "researcher_id": "20756449"}}