{"url": "https://kaken.nii.ac.jp/ja/grant/KAKENHI-PROJECT-17K00081", "kaken_id": "17K00081", "project_name": "\u6700\u5148\u7aefLSI\u306e\u96fb\u6e90\u4f9b\u7d66\u4fe1\u53f7\u7dda\u306e\u6b20\u9665\u306b\u5bfe\u3059\u308b\u30c6\u30b9\u30c8\u30fb\u8a3a\u65ad\u624b\u6cd5\u306b\u95a2\u3059\u308b\u7814\u7a76", "grant_category": "\u57fa\u76e4\u7814\u7a76(C)", "fields": ["\u7dcf\u5408\u7cfb", "\u60c5\u5831\u5b66", "\u8a08\u7b97\u57fa\u76e4", "\u8a08\u7b97\u6a5f\u30b7\u30b9\u30c6\u30e0"], "keywords": ["LSI\u8a2d\u8a08\u6280\u8853"], "budget": 4550000, "principal_investigator": {"affiliation": "\u4e5d\u5dde\u5de5\u696d\u5927\u5b66", "name": "\u5bae\u702c \u7d18\u5e73", "researcher_id": "30452824"}}