{"url": "https://kaken.nii.ac.jp/ja/grant/KAKENHI-PROJECT-17K00064", "kaken_id": "17K00064", "project_name": "\u6642\u7a7a\u9593\u7d71\u8a08\u30e2\u30c7\u30eb\u306b\u3088\u308b\u4e16\u754c\u68ee\u6797\u9762\u7a4d\u6e1b\u5c11\u304c\u3082\u305f\u3089\u3059\u793e\u4f1a\u7d4c\u6e08\u7684\u5f71\u97ff", "grant_category": "\u57fa\u76e4\u7814\u7a76(C)", "fields": ["\u7dcf\u5408\u7cfb", "\u60c5\u5831\u5b66", "\u60c5\u5831\u5b66\u57fa\u790e", "\u7d71\u8a08\u79d1\u5b66"], "keywords": ["\u74b0\u5883\u30c7\u30fc\u30bf\u89e3\u6790", "\u74b0\u5883\u306e\u7d71\u8a08\u7684\u30e2\u30c7\u30eb"], "budget": 4420000, "principal_investigator": {"affiliation": "\u5e83\u5cf6\u7d4c\u6e08\u5927\u5b66", "name": "\u7530\u4e2d \u7ae0\u53f8\u90ce", "researcher_id": "00197427"}}