{"url": "https://kaken.nii.ac.jp/ja/grant/KAKENHI-PROJECT-17K00189", "kaken_id": "17K00189", "project_name": "\u691c\u7d22\u53ef\u80fd\u6697\u53f7\u306e\u79d8\u5bc6\u9375\u66f4\u65b0\u30e1\u30ab\u30cb\u30ba\u30e0\u306e\u89e3\u6790\u3068\u8a2d\u8a08\u3068\u8a55\u4fa1", "grant_category": "\u57fa\u76e4\u7814\u7a76(C)", "fields": ["\u7dcf\u5408\u7cfb", "\u60c5\u5831\u5b66", "\u8a08\u7b97\u57fa\u76e4", "\u60c5\u5831\u30bb\u30ad\u30e5\u30ea\u30c6\u30a3"], "keywords": ["\u9375\u66f4\u65b0", "\u691c\u7d22\u53ef\u80fd\u6697\u53f7"], "budget": 4420000, "principal_investigator": {"affiliation": "\u9577\u5d0e\u770c\u7acb\u5927\u5b66", "name": "\u677e\u5d0e \u306a\u3064\u3081", "researcher_id": "10781891"}}