{"url": "https://kaken.nii.ac.jp/ja/grant/KAKENHI-PROJECT-17K00252", "kaken_id": "17K00252", "project_name": "\u5185\u8996\u93e1\u753b\u50cf\u3068\u7d30\u80de\u753b\u50cf\u306e\u305f\u3081\u306e\u533b\u7642\u8a3a\u65ad\u652f\u63f4\u30b7\u30b9\u30c6\u30e0\u306e\u958b\u767a", "grant_category": "\u57fa\u76e4\u7814\u7a76(C)", "fields": ["\u7dcf\u5408\u7cfb", "\u60c5\u5831\u5b66", "\u4eba\u9593\u60c5\u5831\u5b66", "\u77e5\u899a\u60c5\u5831\u51e6\u7406"], "keywords": ["\u533b\u7642\u753b\u50cf", "\u6a5f\u68b0\u5b66\u7fd2", "\u30b3\u30f3\u30d4\u30e5\u30fc\u30bf\u30d3\u30b8\u30e7\u30f3", "\u30d1\u30bf\u30fc\u30f3\u5206\u985e", "\u77e5\u899a\u60c5\u5831\u51e6\u7406"], "budget": 4550000, "principal_investigator": {"affiliation": "\u4e2d\u90e8\u5927\u5b66", "name": "\u5ca9\u5800 \u7950\u4e4b", "researcher_id": "60203402"}}