{"url": "https://kaken.nii.ac.jp/ja/grant/KAKENHI-PROJECT-17K00300", "kaken_id": "17K00300", "project_name": "\u8a3c\u660e\u77ed\u7e2e\u306b\u3088\u308b\u9ad8\u901f\u5145\u8db3\u53ef\u80fd\u6027\u5224\u5b9a\u5668\u306e\u5b9f\u73fe", "grant_category": "\u57fa\u76e4\u7814\u7a76(C)", "fields": ["\u7dcf\u5408\u7cfb", "\u60c5\u5831\u5b66", "\u4eba\u9593\u60c5\u5831\u5b66", "\u77e5\u80fd\u60c5\u5831\u5b66"], "keywords": ["\u30a2\u30eb\u30b4\u30ea\u30ba\u30e0", "\u5145\u8db3\u53ef\u80fd\u6027\u5224\u5b9a\u554f\u984c"], "budget": 4290000, "principal_investigator": {"affiliation": "\u5c71\u68a8\u5927\u5b66", "name": "\u934b\u5cf6 \u82f1\u77e5", "researcher_id": "10334848"}}