{"url": "https://kaken.nii.ac.jp/ja/grant/KAKENHI-PROJECT-17K00474", "kaken_id": "17K00474", "project_name": "\u5927\u5b66\u9593\u5171\u540c\u5229\u7528LMS\u306e\u305f\u3081\u306e\u533f\u540dID\u306b\u3088\u308b\u5b89\u5168\u306a\u904b\u7528\u30b7\u30b9\u30c6\u30e0\u306e\u958b\u767a", "grant_category": "\u57fa\u76e4\u7814\u7a76(C)", "fields": ["\u7dcf\u5408\u7cfb", "\u60c5\u5831\u5b66", "\u60c5\u5831\u5b66\u30d5\u30ed\u30f3\u30c6\u30a3\u30a2", "\u5b66\u7fd2\u652f\u63f4\u30b7\u30b9\u30c6\u30e0"], "keywords": ["\u5b66\u8a8d", "\u60c5\u5831\u502b\u7406\u6559\u80b2", "LMS", "Moodle", "\u5b66\u7fd2\u652f\u63f4\u30b7\u30b9\u30c6\u30e0"], "budget": 3770000, "principal_investigator": {"affiliation": "\u7fa4\u99ac\u5927\u5b66", "name": "\u6d5c\u5143 \u4fe1\u5dde", "researcher_id": "80432095"}}