{"url": "https://kaken.nii.ac.jp/ja/grant/KAKENHI-PROJECT-17K00444", "kaken_id": "17K00444", "project_name": "\u5b66\u7fd2\u8005\u306e\u6b63\u8aa4\u60c5\u5831\u3092\u300c\u898b\u3048\u308b\u5316\u300d\u3059\u308b\u70b9\u5b57\u5b66\u7fd2\u652f\u63f4\u30b7\u30b9\u30c6\u30e0", "grant_category": "\u57fa\u76e4\u7814\u7a76(C)", "fields": ["\u7dcf\u5408\u7cfb", "\u60c5\u5831\u5b66", "\u60c5\u5831\u5b66\u30d5\u30ed\u30f3\u30c6\u30a3\u30a2", "\u30a6\u30a7\u30d6\u60c5\u5831\u5b66\u30fb\u30b5\u30fc\u30d3\u30b9\u60c5\u5831\u5b66"], "keywords": ["\u70b9\u5b57", "\u898b\u3048\u308b\u5316", "\u8aa4\u7b54", "WebGL", "\u5b66\u7fd2\u652f\u63f4\u30b7\u30b9\u30c6\u30e0"], "budget": 3510000, "principal_investigator": {"affiliation": "\u9db4\u898b\u5927\u5b66", "name": "\u5143\u6728 \u7ae0\u535a", "researcher_id": "80322163"}}