{"url": "https://kaken.nii.ac.jp/ja/grant/KAKENHI-PROJECT-17K00395", "kaken_id": "17K00395", "project_name": "\u30bf\u30f3\u30d1\u30af\u8cea\u96fb\u5b50\u69cb\u9020DB\u30b7\u30b9\u30c6\u30e0\u306e\u62e1\u5145", "grant_category": "\u57fa\u76e4\u7814\u7a76(C)", "fields": ["\u7dcf\u5408\u7cfb", "\u60c5\u5831\u5b66", "\u60c5\u5831\u5b66\u30d5\u30ed\u30f3\u30c6\u30a3\u30a2", "\u751f\u547d\u30fb\u5065\u5eb7\u30fb\u533b\u7642\u60c5\u5831\u5b66"], "keywords": ["\u86cb\u767d\u8cea", "\u7269\u6027\u7406\u8ad6", "\u30cf\u30a4\u30d1\u30d5\u30a9\u30fc\u30de\u30f3\u30b9\u30fb\u30b3\u30f3\u30d4\u30e5\u30fc\u30c6\u30a3\u30f3\u30b0", "\u751f\u4f53\u751f\u547d\u60c5\u5831\u5b66", "\u30b7\u30df\u30e5\u30ec\u30fc\u30b7\u30e7\u30f3\u5de5\u5b66"], "budget": 4420000, "principal_investigator": {"affiliation": "\u6771\u4eac\u5927\u5b66", "name": "\u5e73\u91ce \u654f\u884c", "researcher_id": "60451887"}}