{"url": "https://kaken.nii.ac.jp/ja/grant/KAKENHI-PROJECT-17K00286", "kaken_id": "17K00286", "project_name": "\u30aa\u30d7\u30c6\u30a3\u30ab\u30eb\u30d5\u30ed\u30fc\u306b\u57fa\u3065\u304f\u81ea\u52d5\u8eca\u8d70\u884c\u901f\u5ea6\u77e5\u899a\u306e\u89e3\u660e\u53ca\u3073\u4e88\u6e2c\u30e2\u30c7\u30eb\u306e\u69cb\u7bc9", "grant_category": "\u57fa\u76e4\u7814\u7a76(C)", "fields": ["\u7dcf\u5408\u7cfb", "\u60c5\u5831\u5b66", "\u4eba\u9593\u60c5\u5831\u5b66", "\u30d2\u30e5\u30fc\u30de\u30f3\u30a4\u30f3\u30bf\u30d5\u30a7\u30fc\u30b9\u30fb\u30a4\u30f3\u30bf\u30e9\u30af\u30b7\u30e7\u30f3"], "keywords": ["\u8d70\u884c\u901f\u5ea6\u77e5\u899a", "\u904b\u8ee2\u8005\u306e\u77e5\u899a", "\u6709\u52b9\u8996\u91ce", "\u30aa\u30d7\u30c6\u30a3\u30ab\u30eb\u30d5\u30ed\u30fc", "\u30d9\u30af\u30b7\u30e7\u30f3"], "budget": 4550000, "principal_investigator": {"affiliation": "\u611b\u77e5\u6dd1\u5fb3\u5927\u5b66", "name": "\u702c\u8c37 \u5b89\u5f18", "researcher_id": "30454721"}}