{"url": "https://kaken.nii.ac.jp/ja/grant/KAKENHI-PROJECT-17K00297", "kaken_id": "17K00297", "project_name": "\u30c7\u30fc\u30bf\u30de\u30a4\u30cb\u30f3\u30b0\u624b\u6cd5\u3092\u7528\u3044\u305f\u591a\u4eba\u6570\u4e0d\u5b8c\u5168\u60c5\u5831\u30b2\u30fc\u30e0\u306e\u7279\u5fb4\u62bd\u51fa", "grant_category": "\u57fa\u76e4\u7814\u7a76(C)", "fields": ["\u7dcf\u5408\u7cfb", "\u60c5\u5831\u5b66", "\u4eba\u9593\u60c5\u5831\u5b66", "\u77e5\u80fd\u60c5\u5831\u5b66"], "keywords": ["\u6a5f\u68b0\u5b66\u7fd2"], "budget": 4420000, "principal_investigator": {"affiliation": "\u96fb\u6c17\u901a\u4fe1\u5927\u5b66", "name": "\u897f\u91ce \u54f2\u6717", "researcher_id": "10198484"}}