{"url": "https://kaken.nii.ac.jp/ja/grant/KAKENHI-PROJECT-17K00052", "kaken_id": "17K00052", "project_name": "\u5909\u5316\u4fc2\u6570\u3092\u7528\u3044\u305f\u6642\u7a7a\u9593\u30c7\u30fc\u30bf\u306b\u304a\u3051\u308b\u5730\u57df\u96c6\u7a4d\u6027\u306e\u691c\u51fa\u3068\u751f\u5b58\u6642\u9593\u30c7\u30fc\u30bf\u3078\u306e\u5fdc\u7528", "grant_category": "\u57fa\u76e4\u7814\u7a76(C)", "fields": ["\u7dcf\u5408\u7cfb", "\u60c5\u5831\u5b66", "\u60c5\u5831\u5b66\u57fa\u790e", "\u7d71\u8a08\u79d1\u5b66"], "keywords": ["\u7d71\u8a08\u6570\u5b66"], "budget": 4550000, "principal_investigator": {"affiliation": "\u5e83\u5cf6\u5927\u5b66", "name": "\u4f50\u85e4 \u5065\u4e00", "researcher_id": "30284219"}}