{"url": "https://kaken.nii.ac.jp/ja/grant/KAKENHI-PROJECT-17K00269", "kaken_id": "17K00269", "project_name": "\u5b66\u7fd2\u578b\u97f3\u58f0\u5bfe\u8a71\u6a5f\u80fd\u3092\u6301\u3064\u5916\u89b3\u691c\u67fb\u30ed\u30dc\u30c3\u30c8\u306e\u958b\u767a", "grant_category": "\u57fa\u76e4\u7814\u7a76(C)", "fields": ["\u7dcf\u5408\u7cfb", "\u60c5\u5831\u5b66", "\u4eba\u9593\u60c5\u5831\u5b66", "\u30d2\u30e5\u30fc\u30de\u30f3\u30a4\u30f3\u30bf\u30d5\u30a7\u30fc\u30b9\u30fb\u30a4\u30f3\u30bf\u30e9\u30af\u30b7\u30e7\u30f3"], "keywords": ["\u8a18\u53f7\u63a5\u5730", "\u30d2\u30e5\u30fc\u30de\u30f3\u30ed\u30dc\u30c3\u30c8\u30a4\u30f3\u30bf\u30e9\u30af\u30b7\u30e7\u30f3", "\u6a5f\u68b0\u5b66\u7fd2", "\u97f3\u58f0\u5bfe\u8a71", "\u8a00\u8a9e\u7372\u5f97"], "budget": 4680000, "principal_investigator": {"affiliation": "\u540d\u53e4\u5c4b\u5de5\u696d\u5927\u5b66", "name": "\u7530\u53e3 \u4eae", "researcher_id": "70508415"}}