{"url": "https://kaken.nii.ac.jp/ja/grant/KAKENHI-PROJECT-17K00127", "kaken_id": "17K00127", "project_name": "\u30e2\u30d0\u30a4\u30eb\u7db2\u306b\u304a\u3051\u308b\u7aef\u672b\u306b\u3088\u308b\u7db2\u8ca0\u8377\u5206\u6563\u624b\u6cd5\u306e\u7814\u7a76", "grant_category": "\u57fa\u76e4\u7814\u7a76(C)", "fields": ["\u7dcf\u5408\u7cfb", "\u60c5\u5831\u5b66", "\u8a08\u7b97\u57fa\u76e4", "\u60c5\u5831\u30cd\u30c3\u30c8\u30ef\u30fc\u30af"], "keywords": ["\u30b9\u30de\u30fc\u30c8\u30c7\u30d0\u30a4\u30b9", "IoT", "\u30e2\u30d0\u30a4\u30eb\u30cd\u30c3\u30c8\u30ef\u30fc\u30af"], "budget": 3510000, "principal_investigator": {"affiliation": "\u516c\u7acb\u306f\u3053\u3060\u3066\u672a\u6765\u5927\u5b66", "name": "\u7a32\u6751 \u6d69", "researcher_id": "20780232"}}