{"url": "https://kaken.nii.ac.jp/ja/grant/KAKENHI-PROJECT-17K00242", "kaken_id": "17K00242", "project_name": "\u500b\u4eba\u306e\u982d\u90e8\u4f1d\u9054\u95a2\u6570\u53d6\u5f97\u306e\u305f\u3081\u306e\u30d7\u30e9\u30c3\u30c8\u30d5\u30a9\u30fc\u30e0\u306e\u69cb\u7bc9\u3068\u305d\u306e\u8a55\u4fa1", "grant_category": "\u57fa\u76e4\u7814\u7a76(C)", "fields": ["\u7dcf\u5408\u7cfb", "\u60c5\u5831\u5b66", "\u4eba\u9593\u60c5\u5831\u5b66", "\u77e5\u899a\u60c5\u5831\u51e6\u7406"], "keywords": ["\u30d0\u30fc\u30c1\u30e3\u30eb\u30ea\u30a2\u30ea\u30c6\u30a3", "\u30d7\u30e9\u30c3\u30c8\u30d5\u30a9\u30fc\u30e0", "HRTF", "\u500b\u4eba\u6027", "\u982d\u90e8\u4f1d\u9054\u95a2\u6570"], "budget": 4290000, "principal_investigator": {"affiliation": "\u79cb\u7530\u770c\u7acb\u5927\u5b66", "name": "\u9ad8\u6839 \u662d\u4e00", "researcher_id": "90236240"}}