{"url": "https://kaken.nii.ac.jp/ja/grant/KAKENHI-PROJECT-17K00384", "kaken_id": "17K00384", "project_name": "\u8d85\u591a\u5c64\u9069\u5fdc\u5171\u9cf4\u30cd\u30c3\u30c8\u30ef\u30fc\u30af\u306b\u3088\u308b\u30a8\u30d4\u30bd\u30fc\u30c9\u8a18\u61b6\u306e\u5b66\u7fd2\u57fa\u76e4", "grant_category": "\u57fa\u76e4\u7814\u7a76(C)", "fields": ["\u7dcf\u5408\u7cfb", "\u60c5\u5831\u5b66", "\u4eba\u9593\u60c5\u5831\u5b66", "\u611f\u6027\u60c5\u5831\u5b66"], "keywords": ["\u611f\u6027\u60c5\u5831\u5b66", "\u30bd\u30d5\u30c8\u30b3\u30f3\u30d4\u30e5\u30fc\u30c6\u30a3\u30f3\u30b0", "\u77e5\u80fd\u30ed\u30dc\u30c6\u30a3\u30c3\u30af\u30b9"], "budget": 4550000, "principal_investigator": {"affiliation": "\u79cb\u7530\u770c\u7acb\u5927\u5b66", "name": "\u9593\u6240 \u6d0b\u548c", "researcher_id": "10373218"}}