{"url": "https://kaken.nii.ac.jp/ja/grant/KAKENHI-PROJECT-17K00106", "kaken_id": "17K00106", "project_name": "\u9ad8\u901f\u306a\u4efb\u610f\u7cbe\u5ea6\u6570\u5024\u8a08\u7b97\u306e\u305f\u3081\u306e\u5b9f\u6570\u8a08\u7b97\u30e9\u30a4\u30d6\u30e9\u30ea\u306e\u5b9f\u73fe\u65b9\u5f0f\u306b\u95a2\u3059\u308b\u7814\u7a76", "grant_category": "\u57fa\u76e4\u7814\u7a76(C)", "fields": ["\u7dcf\u5408\u7cfb", "\u60c5\u5831\u5b66", "\u8a08\u7b97\u57fa\u76e4", "\u30bd\u30d5\u30c8\u30a6\u30a7\u30a2"], "keywords": ["\u30bd\u30d5\u30c8\u30a6\u30a7\u30a2", "\u30e9\u30a4\u30d6\u30e9\u30ea", "\u5b9f\u6570\u8a08\u7b97", "\u9ad8\u7cbe\u5ea6\u6570\u5024\u8a08\u7b97", "\u30d7\u30ed\u30b0\u30e9\u30df\u30f3\u30b0"], "budget": 4290000, "principal_investigator": {"affiliation": "\u5e83\u5cf6\u5e02\u7acb\u5927\u5b66", "name": "\u5ddd\u7aef \u82f1\u4e4b", "researcher_id": "00264937"}}