{"url": "https://kaken.nii.ac.jp/ja/grant/KAKENHI-PROJECT-17K00199", "kaken_id": "17K00199", "project_name": "ID\u9023\u643a\u57fa\u76e4\u306b\u304a\u3051\u308b\u4e0d\u6b63\u30a2\u30af\u30bb\u30b9\u5bfe\u7b56\u306e\u305f\u3081\u306e\u5f37\u56fa\u306a\u8a8d\u8a3c\u30bb\u30ad\u30e5\u30ea\u30c6\u30a3\u30a2\u30fc\u30ad\u30c6\u30af\u30c1\u30e3", "grant_category": "\u57fa\u76e4\u7814\u7a76(C)", "fields": ["\u7dcf\u5408\u7cfb", "\u60c5\u5831\u5b66", "\u8a08\u7b97\u57fa\u76e4", "\u60c5\u5831\u30bb\u30ad\u30e5\u30ea\u30c6\u30a3"], "keywords": ["ID\u9023\u643a", "\u8a8d\u8a3c", "\u30bb\u30ad\u30e5\u30ea\u30c6\u30a3"], "budget": 4550000, "principal_investigator": {"affiliation": "\u56fd\u7acb\u60c5\u5831\u5b66\u7814\u7a76\u6240", "name": "\u4e2d\u6751 \u7d20\u5178", "researcher_id": "30268156"}}