{"url": "https://kaken.nii.ac.jp/ja/grant/KAKENHI-PROJECT-17K00157", "kaken_id": "17K00157", "project_name": "\u30aa\u30d6\u30b8\u30a7\u30af\u30c8\u62bd\u51fa\u306b\u57fa\u3065\u304f\u8d85\u4e26\u5217\u52d5\u753b\u50cf\u7b26\u53f7\u5316\u30b7\u30b9\u30c6\u30e0\u306e\u958b\u767a", "grant_category": "\u57fa\u76e4\u7814\u7a76(C)", "fields": ["\u7dcf\u5408\u7cfb", "\u60c5\u5831\u5b66", "\u8a08\u7b97\u57fa\u76e4", "\u30de\u30eb\u30c1\u30e1\u30c7\u30a3\u30a2\u30fb\u30c7\u30fc\u30bf\u30d9\u30fc\u30b9"], "keywords": ["HEVC", "\u52d5\u753b\u50cf\u7b26\u53f7\u5316", "\u30aa\u30d6\u30b8\u30a7\u30af\u30c8"], "budget": 4680000, "principal_investigator": {"affiliation": "\u5fb3\u5cf6\u5927\u5b66", "name": "\u5b8b \u5929", "researcher_id": "10380130"}}