{"url": "https://kaken.nii.ac.jp/ja/grant/KAKENHI-PROJECT-17K00496", "kaken_id": "17K00496", "project_name": "\u30aa\u30fc\u30d7\u30f3\u30e9\u30fc\u30cb\u30f3\u30b0\u306b\u3088\u308b\u767b\u5c71\u30d2\u30e4\u30ea\u30cf\u30c3\u30c8\u304b\u3089\u306e\u5b9f\u8df5\u77e5\u306e\u767a\u6398\u3068\u5171\u6709", "grant_category": "\u57fa\u76e4\u7814\u7a76(C)", "fields": ["\u7dcf\u5408\u7cfb", "\u60c5\u5831\u5b66", "\u60c5\u5831\u5b66\u30d5\u30ed\u30f3\u30c6\u30a3\u30a2", "\u5b66\u7fd2\u652f\u63f4\u30b7\u30b9\u30c6\u30e0"], "keywords": ["\uff45\u30e9\u30fc\u30cb\u30f3\u30b0", "\u30aa\u30fc\u30d7\u30f3\u30e9\u30fc\u30cb\u30f3\u30b0", "\u6280\u80fd\u4f1d\u627f", "\u767b\u5c71"], "budget": 3900000, "principal_investigator": {"affiliation": "\u65e5\u672c\u5927\u5b66", "name": "\u5d8c\u7530 \u8061", "researcher_id": "90713123"}}