{"url": "https://kaken.nii.ac.jp/ja/grant/KAKENHI-PROJECT-17K00110", "kaken_id": "17K00110", "project_name": "\u958b\u767a\u3068\u904b\u7528\u306e\u5bc6\u9023\u643a\u3092\u5b9f\u73fe\u3059\u308b\u30a2\u30d7\u30ea\u30b1\u30fc\u30b7\u30e7\u30f3\u30b5\u30fc\u30d3\u30b9\u4fdd\u5b88\u958b\u767a\u652f\u63f4\u306b\u95a2\u3059\u308b\u7814\u7a76", "grant_category": "\u57fa\u76e4\u7814\u7a76(C)", "fields": ["\u7dcf\u5408\u7cfb", "\u60c5\u5831\u5b66", "\u8a08\u7b97\u57fa\u76e4", "\u30bd\u30d5\u30c8\u30a6\u30a7\u30a2"], "keywords": ["\u904b\u7528\u652f\u63f4", "\u30ea\u30d5\u30a1\u30af\u30bf\u30ea\u30f3\u30b0", "\u958b\u767a\u74b0\u5883", "\u30c6\u30b9\u30c8"], "budget": 4550000, "principal_investigator": {"affiliation": "\u65e5\u672c\u5927\u5b66", "name": "\u540d\u5009 \u6b63\u525b", "researcher_id": "70457141"}}