{"url": "https://kaken.nii.ac.jp/ja/grant/KAKENHI-PROJECT-17K00317", "kaken_id": "17K00317", "project_name": "\u707d\u5bb3\u6551\u52a9\u554f\u984c\u3092\u89e3\u6c7a\u3059\u308b\u958b\u767a\u30fb\u5b9f\u9a13\u8a55\u4fa1\u306e\u7d71\u5408\u74b0\u5883", "grant_category": "\u57fa\u76e4\u7814\u7a76(C)", "fields": ["\u7dcf\u5408\u7cfb", "\u60c5\u5831\u5b66", "\u4eba\u9593\u60c5\u5831\u5b66", "\u77e5\u80fd\u60c5\u5831\u5b66"], "keywords": ["\u30de\u30eb\u30c1\u30a8\u30fc\u30b8\u30a7\u30f3\u30c8\u30b7\u30b9\u30c6\u30e0", "\u30ec\u30b9\u30ad\u30e5\u30fc\u5de5\u5b66", "\u707d\u5bb3\u6551\u52a9", "\u958b\u767a\u74b0\u5883"], "budget": 4420000, "principal_investigator": {"affiliation": "\u611b\u77e5\u5de5\u696d\u5927\u5b66", "name": "\u4f0a\u85e4 \u66a2\u6d69", "researcher_id": "40314075"}}