{"url": "https://kaken.nii.ac.jp/ja/grant/KAKENHI-PROJECT-17K00184", "kaken_id": "17K00184", "project_name": "\u30b5\u30a4\u30d0\u30fc\u30d5\u30a3\u30b8\u30ab\u30eb/IoT\u3067\u7528\u3044\u3089\u308c\u308b\u8efd\u91cf\u6697\u53f7\u306e\u5371\u6b86\u5316\u306b\u95a2\u3059\u308b\u7814\u7a76", "grant_category": "\u57fa\u76e4\u7814\u7a76(C)", "fields": ["\u7dcf\u5408\u7cfb", "\u60c5\u5831\u5b66", "\u8a08\u7b97\u57fa\u76e4", "\u60c5\u5831\u30bb\u30ad\u30e5\u30ea\u30c6\u30a3"], "keywords": ["\u8efd\u91cf\u6697\u53f7", "\u5371\u6b86\u5316", "\u5171\u901a\u9375\u6697\u53f7", "\u6697\u53f7"], "budget": 4550000, "principal_investigator": {"affiliation": "\u795e\u6238\u5927\u5b66", "name": "\u68ee\u4e95 \u660c\u514b", "researcher_id": "00220038"}}