{"url": "https://kaken.nii.ac.jp/ja/grant/KAKENHI-PROJECT-17K00038", "kaken_id": "17K00038", "project_name": "\u914d\u7f6e\u30a2\u30eb\u30b4\u30ea\u30ba\u30e0\u3092\u6838\u3068\u3057\u305f\u5b9f\u7528\u7684\u6700\u9069\u5316\u624b\u6cd5\u306e\u958b\u767a", "grant_category": "\u57fa\u76e4\u7814\u7a76(C)", "fields": ["\u7dcf\u5408\u7cfb", "\u60c5\u5831\u5b66", "\u60c5\u5831\u5b66\u57fa\u790e", "\u6570\u7406\u60c5\u5831\u5b66"], "keywords": ["\u914d\u7f6e\u554f\u984c", "\u6570\u7406\u5de5\u5b66", "\u7d44\u5408\u305b\u6700\u9069\u5316", "\u6570\u7406\u60c5\u5831", "\u30a2\u30eb\u30b4\u30ea\u30ba\u30e0"], "budget": 4550000, "principal_investigator": {"affiliation": "\u4e2d\u592e\u5927\u5b66", "name": "\u4eca\u5800 \u614e\u6cbb", "researcher_id": "90396789"}}