{"url": "https://kaken.nii.ac.jp/ja/grant/KAKENHI-PROJECT-17K00065", "kaken_id": "17K00065", "project_name": "\u52b9\u7387\u7684\u306a\u5b66\u7fd2\u3092\u53ef\u80fd\u3068\u3059\u308b\u30ed\u30d0\u30b9\u30c8\u7d71\u8a08\u624b\u6cd5\u306e\u958b\u767a", "grant_category": "\u57fa\u76e4\u7814\u7a76(C)", "fields": ["\u7dcf\u5408\u7cfb", "\u60c5\u5831\u5b66", "\u60c5\u5831\u5b66\u57fa\u790e", "\u7d71\u8a08\u79d1\u5b66"], "keywords": ["\u30ed\u30d0\u30b9\u30c8\u7d71\u8a08", "\u30c0\u30a4\u30d0\u30fc\u30b8\u30a7\u30f3\u30b9", "\u5b66\u7fd2", "\u30b9\u30d1\u30fc\u30b9\u30fb\u30e2\u30c7\u30ea\u30f3\u30b0"], "budget": 4550000, "principal_investigator": {"affiliation": "\u7d71\u8a08\u6570\u7406\u7814\u7a76\u6240", "name": "\u85e4\u6fa4 \u6d0b\u5fb3", "researcher_id": "00301177"}}