{"url": "https://kaken.nii.ac.jp/ja/grant/KAKENHI-PROJECT-17K00243", "kaken_id": "17K00243", "project_name": "\u4eba\u9593\u306e\u63a5\u89e6\u6e29\u5ea6\u611f\u899a\u3092\u6a21\u64ec\u30fb\u5b9f\u73fe\u3059\u308b\u6e29\u611f\u30bb\u30f3\u30b5\u306e\u958b\u767a", "grant_category": "\u57fa\u76e4\u7814\u7a76(C)", "fields": ["\u7dcf\u5408\u7cfb", "\u60c5\u5831\u5b66", "\u4eba\u9593\u60c5\u5831\u5b66", "\u77e5\u899a\u60c5\u5831\u51e6\u7406"], "keywords": ["\u63a5\u89e6\u30bb\u30f3\u30b7\u30f3\u30b0\u51e6\u7406", "\u30b9\u30de\u30fc\u30c8\u30bb\u30f3\u30b5\u60c5\u5831\u30b7\u30b9\u30c6\u30e0", "\u6e29\u5ea6\u611f\u899a", "\u30bb\u30f3\u30b5"], "budget": 4550000, "principal_investigator": {"affiliation": "\u524d\u6a4b\u5de5\u79d1\u5927\u5b66", "name": "\u738b \u92d2", "researcher_id": "80323046"}}