{"url": "https://kaken.nii.ac.jp/ja/grant/KAKENHI-PROJECT-17K00275", "kaken_id": "17K00275", "project_name": "\u4eee\u60f3\u30fb\u62e1\u5f35\u30fb\u73fe\u5b9f\u7a7a\u9593\u3067\u66f8\u304d\u8fbc\u3080\u7a7a\u4e2d\u7b46\u8a18\u30a4\u30f3\u30bf\u30d5\u30a7\u30fc\u30b9\u306e\u958b\u767a", "grant_category": "\u57fa\u76e4\u7814\u7a76(C)", "fields": ["\u7dcf\u5408\u7cfb", "\u60c5\u5831\u5b66", "\u4eba\u9593\u60c5\u5831\u5b66", "\u30d2\u30e5\u30fc\u30de\u30f3\u30a4\u30f3\u30bf\u30d5\u30a7\u30fc\u30b9\u30fb\u30a4\u30f3\u30bf\u30e9\u30af\u30b7\u30e7\u30f3"], "keywords": ["\u30d1\u30bf\u30fc\u30f3\u8a8d\u8b58", "\u30d2\u30e5\u30fc\u30de\u30f3\u30a4\u30f3\u30bf\u30d5\u30a7\u30fc\u30b9", "\u30d0\u30a4\u30aa\u30e1\u30c8\u30ea\u30af\u30b9"], "budget": 4420000, "principal_investigator": {"affiliation": "\u5bcc\u5c71\u770c\u7acb\u5927\u5b66", "name": "\u4e2d\u4e95 \u6e80", "researcher_id": "60283149"}}