{"url": "https://kaken.nii.ac.jp/ja/grant/KAKENHI-PROJECT-17K00107", "kaken_id": "17K00107", "project_name": "\u8cc7\u6e90\u30a2\u30af\u30bb\u30b9\u60c5\u5831\u3092\u5229\u7528\u3057\u305f\u30d7\u30ed\u30b0\u30e9\u30e0\u5b9f\u884c\u74b0\u5883\u306e\u79fb\u9001\u65b9\u5f0f", "grant_category": "\u57fa\u76e4\u7814\u7a76(C)", "fields": ["\u7dcf\u5408\u7cfb", "\u60c5\u5831\u5b66", "\u8a08\u7b97\u57fa\u76e4", "\u30bd\u30d5\u30c8\u30a6\u30a7\u30a2"], "keywords": ["\u30aa\u30da\u30ec\u30fc\u30c6\u30a3\u30f3\u30b0\u30b7\u30b9\u30c6\u30e0", "\u30af\u30e9\u30a6\u30c9\u30b3\u30f3\u30d4\u30e5\u30fc\u30c6\u30a3\u30f3\u30b0\u57fa\u76e4", "\u4eee\u60f3\u5316\u6280\u8853"], "budget": 4420000, "principal_investigator": {"affiliation": "\u9ad8\u77e5\u5de5\u79d1\u5927\u5b66", "name": "\u6a2a\u5c71 \u548c\u4fca", "researcher_id": "50559135"}}