{"url": "https://kaken.nii.ac.jp/ja/grant/KAKENHI-PROJECT-17K00463", "kaken_id": "17K00463", "project_name": "FinTech\u666e\u53ca\u306e\u305f\u3081\u306e\u5b66\u969b\u7684\u7814\u7a76\uff1a\u793e\u4f1a\u30c7\u30b6\u30a4\u30f3\u69cb\u7bc9\u306b\u5411\u3051\u3066", "grant_category": "\u57fa\u76e4\u7814\u7a76(C)", "fields": ["\u7dcf\u5408\u7cfb", "\u60c5\u5831\u5b66", "\u60c5\u5831\u5b66\u30d5\u30ed\u30f3\u30c6\u30a3\u30a2", "\u56f3\u66f8\u9928\u60c5\u5831\u5b66\u30fb\u4eba\u6587\u793e\u4f1a\u60c5\u5831\u5b66"], "keywords": ["FinTech", "\u30a2\u30f3\u30b1\u30fc\u30c8\u8abf\u67fb", "\u91d1\u878d\u30b5\u30fc\u30d3\u30b9", "\u30c7\u30fc\u30bf\u5206\u6790", "\u5b66\u969b\u7684\u7814\u7a76"], "budget": 4550000, "principal_investigator": {"affiliation": "\u4f50\u8cc0\u5927\u5b66", "name": "\u7fbd\u77f3 \u5bdb\u5fd7", "researcher_id": "30363419"}}