{"url": "https://kaken.nii.ac.jp/ja/grant/KAKENHI-PROJECT-17K00248", "kaken_id": "17K00248", "project_name": "\u5e7e\u4f55\u5b66\u6a21\u69d8\u3078\u306e\u60c5\u5831\u79d8\u533f\u3068\u751f\u5730\u8a8d\u8a3c\u3078\u306e\u5fdc\u7528", "grant_category": "\u57fa\u76e4\u7814\u7a76(C)", "fields": ["\u7dcf\u5408\u7cfb", "\u60c5\u5831\u5b66", "\u4eba\u9593\u60c5\u5831\u5b66", "\u77e5\u899a\u60c5\u5831\u51e6\u7406"], "keywords": ["\u60c5\u5831\u30b7\u30b9\u30c6\u30e0", "\u753b\u50cf", "\u5fdc\u7528\u6570\u5b66", "\u30a2\u30eb\u30b4\u30ea\u30ba\u30e0", "\u6697\u53f7\u30fb\u8a8d\u8a3c\u7b49"], "budget": 2080000, "principal_investigator": {"affiliation": "\u65e5\u672c\u5927\u5b66", "name": "\u4f0a\u85e4 \u6d69", "researcher_id": "10514151"}}