{"url": "https://kaken.nii.ac.jp/ja/grant/KAKENHI-PROJECT-17K00321", "kaken_id": "17K00321", "project_name": "\u30b0\u30e9\u30d5\u69cb\u9020\u306e\u5206\u5e03\u60c5\u5831\u3068\u30b0\u30e9\u30d5\u9805\u306e\u8ad6\u7406\u30d7\u30ed\u30b0\u30e9\u30e0\u306b\u3088\u308b\u5f62\u5f0f\u30b0\u30e9\u30d5\u8a00\u8a9e\u5b66\u7fd2\u7406\u8ad6\u306e\u7814\u7a76", "grant_category": "\u57fa\u76e4\u7814\u7a76(C)", "fields": ["\u7dcf\u5408\u7cfb", "\u60c5\u5831\u5b66", "\u4eba\u9593\u60c5\u5831\u5b66", "\u77e5\u80fd\u60c5\u5831\u5b66"], "keywords": ["\u30c7\u30fc\u30bf\u30de\u30a4\u30cb\u30f3\u30b0", "\u8a08\u7b97\u8ad6\u7684\u5b66\u7fd2", "\u30b0\u30e9\u30d5\u30a2\u30eb\u30b4\u30ea\u30ba\u30e0", "\u6a5f\u68b0\u5b66\u7fd2", "\u5e30\u7d0d\u63a8\u8ad6"], "budget": 4420000, "principal_investigator": {"affiliation": "\u4e5d\u5dde\u56fd\u969b\u5927\u5b66", "name": "\u6b63\u4ee3 \u9686\u7fa9", "researcher_id": "50226304"}}