{"url": "https://kaken.nii.ac.jp/ja/grant/KAKENHI-PROJECT-17K00087", "kaken_id": "17K00087", "project_name": "FPGA\u30af\u30e9\u30b9\u30bf\u306b\u304a\u3051\u308b\u30af\u30e9\u30b9\u30bf\u5185\u30fb\u30af\u30e9\u30b9\u30bf\u9593\u30cd\u30c3\u30c8\u30ef\u30fc\u30af\u306e\u958b\u767a\u306b\u95a2\u3059\u308b\u7814\u7a76", "grant_category": "\u57fa\u76e4\u7814\u7a76(C)", "fields": ["\u7dcf\u5408\u7cfb", "\u60c5\u5831\u5b66", "\u8a08\u7b97\u57fa\u76e4", "\u8a08\u7b97\u6a5f\u30b7\u30b9\u30c6\u30e0"], "keywords": ["\u30b7\u30b9\u30c6\u30e0\u30aa\u30f3\u30c1\u30c3\u30d7", "\u30cf\u30a4\u30d1\u30d5\u30a9\u30fc\u30de\u30f3\u30b9\u30fb\u30b3\u30f3\u30d4\u30e5\u30fc\u30c6\u30a3\u30f3\u30b0", "\u30cd\u30c3\u30c8\u30ef\u30fc\u30af", "FPGA"], "budget": 4160000, "principal_investigator": {"affiliation": "\u6e58\u5357\u5de5\u79d1\u5927\u5b66", "name": "\u4e09\u6d66 \u5eb7\u4e4b", "researcher_id": "40440292"}}