{"url": "https://kaken.nii.ac.jp/ja/grant/KAKENHI-PROJECT-17K00160", "kaken_id": "17K00160", "project_name": "\u611f\u60c5\u306e\u9023\u7d9a\u7684\u306a\u5909\u5316\u3092\u63a8\u5b9a\u3059\u308b\u30ea\u30a2\u30eb\u30bf\u30a4\u30e0\u30de\u30eb\u30c1\u30e2\u30fc\u30c0\u30eb\u611f\u60c5\u8a8d\u8b58\u30b7\u30b9\u30c6\u30e0\u306e\u69cb\u7bc9", "grant_category": "\u57fa\u76e4\u7814\u7a76(C)", "fields": ["\u7dcf\u5408\u7cfb", "\u60c5\u5831\u5b66", "\u8a08\u7b97\u57fa\u76e4", "\u30de\u30eb\u30c1\u30e1\u30c7\u30a3\u30a2\u30fb\u30c7\u30fc\u30bf\u30d9\u30fc\u30b9"], "keywords": ["\u6a5f\u68b0\u5b66\u7fd2", "\u30de\u30eb\u30c1\u30e2\u30fc\u30c0\u30eb", "\u97f3\u58f0\u30fb\u8868\u60c5", "\u81ea\u5f8b\u795e\u7d4c\u7cfb\u53cd\u5fdc", "\u611f\u60c5"], "budget": 4680000, "principal_investigator": {"affiliation": "\u5e1d\u4eac\u5927\u5b66", "name": "\u6709\u672c \u6cf0\u5b50", "researcher_id": "60586957"}}