{"url": "https://kaken.nii.ac.jp/ja/grant/KAKENHI-PROJECT-17K00185", "kaken_id": "17K00185", "project_name": "\u30dd\u30b9\u30c8\u91cf\u5b50\u6697\u53f7\u306e\u6a19\u6e96\u5316\u306b\u5411\u3051\u305f\u5b89\u5168\u306a\u6697\u53f7\u30d1\u30e9\u30e1\u30fc\u30bf\u306e\u5c0e\u51fa", "grant_category": "\u57fa\u76e4\u7814\u7a76(C)", "fields": ["\u7dcf\u5408\u7cfb", "\u60c5\u5831\u5b66", "\u8a08\u7b97\u57fa\u76e4", "\u60c5\u5831\u30bb\u30ad\u30e5\u30ea\u30c6\u30a3"], "keywords": ["\u30dd\u30b9\u30c8\u91cf\u5b50\u6697\u53f7", "\u516c\u958b\u9375\u6697\u53f7", "\u6697\u53f7\u30fb\u8a8d\u8a3c\u7b49", "\u683c\u5b50\u6697\u53f7"], "budget": 4550000, "principal_investigator": {"affiliation": "\u6771\u4eac\u5927\u5b66", "name": "\u9ad8\u6728 \u525b", "researcher_id": "60404802"}}