{"url": "https://kaken.nii.ac.jp/ja/grant/KAKENHI-PROJECT-17K00177", "kaken_id": "17K00177", "project_name": "\u30a2\u30af\u30bb\u30b9\u60c5\u5831\u3082\u79d8\u533f\u3059\u308b\u30ad\u30fc\u30ef\u30fc\u30c9\u691c\u7d22\u53ef\u80fd\u6697\u53f7", "grant_category": "\u57fa\u76e4\u7814\u7a76(C)", "fields": ["\u7dcf\u5408\u7cfb", "\u60c5\u5831\u5b66", "\u8a08\u7b97\u57fa\u76e4", "\u60c5\u5831\u30bb\u30ad\u30e5\u30ea\u30c6\u30a3"], "keywords": ["\u30ad\u30fc\u30ef\u30fc\u30c9\u691c\u7d22", "\u30a2\u30af\u30bb\u30b9\u60c5\u5831", "\u6697\u53f7"], "budget": 4160000, "principal_investigator": {"affiliation": "\u8328\u57ce\u5927\u5b66", "name": "\u9ed2\u6fa4 \u99a8", "researcher_id": "60153409"}}