{"url": "https://kaken.nii.ac.jp/ja/grant/KAKENHI-PROJECT-17K00188", "kaken_id": "17K00188", "project_name": "\u30b9\u30c8\u30ea\u30fc\u30e0\u30c7\u30fc\u30bf\u306b\u5bfe\u3059\u308b\u533f\u540d\u5316\u51e6\u7406\u306e\u60c5\u5831\u640d\u5931\u4f4e\u6e1b\u3068\u9ad8\u901f\u5316\u306b\u95a2\u3059\u308b\u7814\u7a76", "grant_category": "\u57fa\u76e4\u7814\u7a76(C)", "fields": ["\u7dcf\u5408\u7cfb", "\u60c5\u5831\u5b66", "\u8a08\u7b97\u57fa\u76e4", "\u60c5\u5831\u30bb\u30ad\u30e5\u30ea\u30c6\u30a3"], "keywords": ["\u30b9\u30c8\u30ea\u30fc\u30e0\u30c7\u30fc\u30bf", "\u30d7\u30e9\u30a4\u30d0\u30b7\u4fdd\u8b77", "k-\u533f\u540d\u5316", "l-\u591a\u69d8\u6027"], "budget": 4290000, "principal_investigator": {"affiliation": "\u5e83\u5cf6\u5e02\u7acb\u5927\u5b66", "name": "\u82e5\u6797 \u771f\u4e00", "researcher_id": "50210860"}}