{"url": "https://kaken.nii.ac.jp/ja/grant/KAKENHI-PROJECT-17K00383", "kaken_id": "17K00383", "project_name": "\u8133\u79d1\u5b66\u306b\u57fa\u3065\u304f\u8133\u6ce2\u6e2c\u5b9a\u306b\u3088\u308b\u77e5\u7684\u969c\u304c\u3044\u8005\u306e\u9069\u5fdc\u6a5f\u80fd\u8a55\u4fa1\u30b7\u30b9\u30c6\u30e0\u306e\u958b\u767a", "grant_category": "\u57fa\u76e4\u7814\u7a76(C)", "fields": ["\u7dcf\u5408\u7cfb", "\u60c5\u5831\u5b66", "\u4eba\u9593\u60c5\u5831\u5b66", "\u611f\u6027\u60c5\u5831\u5b66"], "keywords": ["\u767a\u9054\u969c\u5bb3", "\u793e\u4f1a\u6027", "\u8133\u6ce2", "\u30df\u30e9\u30fc\u30cb\u30e5\u30fc\u30ed\u30f3", "\u30cb\u30e5\u30fc\u30ed\u30b3\u30f3\u30d4\u30e5\u30fc\u30c6\u30a3\u30f3\u30b0"], "budget": 4550000, "principal_investigator": {"affiliation": "\u4e5d\u5dde\u5de5\u696d\u5927\u5b66", "name": "\u6cb3\u91ce \u82f1\u662d", "researcher_id": "00404096"}}