{"url": "https://kaken.nii.ac.jp/ja/grant/KAKENHI-PROJECT-17K00090", "kaken_id": "17K00090", "project_name": "\u6df1\u5c64\u5b66\u7fd2\u53ca\u3073\u8133\u578b\u30b3\u30f3\u30d4\u30e5\u30fc\u30c6\u30a3\u30f3\u30b0\u306b\u5411\u3051\u305f\u8d85\u8fd1\u63a5\u6709\u7dda\u901a\u4fe1\u306b\u95a2\u3059\u308b\u7814\u7a76", "grant_category": "\u57fa\u76e4\u7814\u7a76(C)", "fields": ["\u7dcf\u5408\u7cfb", "\u60c5\u5831\u5b66", "\u8a08\u7b97\u57fa\u76e4", "\u8a08\u7b97\u6a5f\u30b7\u30b9\u30c6\u30e0"], "keywords": ["TSV", "\u4f4e\u6d88\u8cbb\u96fb\u529b", "\u30a4\u30f3\u30bf\u30fc\u30b3\u30cd\u30af\u30c8", "3\u6b21\u5143\u5b9f\u88c5", "\u8fd1\u63a5\u6709\u7dda\u901a\u4fe1"], "budget": 4420000, "principal_investigator": {"affiliation": "\u9577\u91ce\u5de5\u696d\u9ad8\u7b49\u5c02\u9580\u5b66\u6821", "name": "\u5409\u6cb3 \u6b66\u6587", "researcher_id": "60636702"}}