{"url": "https://kaken.nii.ac.jp/ja/grant/KAKENHI-PROJECT-17K00491", "kaken_id": "17K00491", "project_name": "\u30a2\u30b9\u30ea\u30fc\u30c8\u7af6\u6280\u529b\u5411\u4e0a\u8a8d\u77e5\u884c\u52d5\u7642\u6cd5e-learning\u30b7\u30b9\u30c6\u30e0\u306e\u7814\u7a76", "grant_category": "\u57fa\u76e4\u7814\u7a76(C)", "fields": ["\u7dcf\u5408\u7cfb", "\u60c5\u5831\u5b66", "\u60c5\u5831\u5b66\u30d5\u30ed\u30f3\u30c6\u30a3\u30a2", "\u5b66\u7fd2\u652f\u63f4\u30b7\u30b9\u30c6\u30e0"], "keywords": ["\u30d7\u30ed\u30b8\u30a7\u30af\u30c8\u578b\u5b66\u7fd2\u652f\u63f4\u30b7\u30b9\u30c6\u30e0"], "budget": 4550000, "principal_investigator": {"affiliation": "\u5317\u6d77\u9053\u60c5\u5831\u5927\u5b66", "name": "\u9152\u4e95 \u96c5\u88d5", "researcher_id": "20520323"}}