{"url": "https://kaken.nii.ac.jp/ja/grant/KAKENHI-PROJECT-17K00096", "kaken_id": "17K00096", "project_name": "\u9078\u629e\u7684\u306b\u5b9f\u884c\u5c65\u6b74\u3092\u8a18\u9332\u3059\u308b\u624b\u6cd5\u306e\u6539\u5584\u3068\u65b0\u3057\u3044\u5fdc\u7528\u306e\u958b\u767a", "grant_category": "\u57fa\u76e4\u7814\u7a76(C)", "fields": ["\u7dcf\u5408\u7cfb", "\u60c5\u5831\u5b66", "\u8a08\u7b97\u57fa\u76e4", "\u30bd\u30d5\u30c8\u30a6\u30a7\u30a2"], "keywords": ["\u30bd\u30d5\u30c8\u30a6\u30a7\u30a2\u5de5\u5b66", "\u30bd\u30d5\u30c8\u30a6\u30a8\u30a2\u958b\u767a\u52b9\u7387\u5316", "\u30d7\u30ed\u30b0\u30e9\u30df\u30f3\u30b0"], "budget": 3120000, "principal_investigator": {"affiliation": "\u91d1\u6ca2\u5927\u5b66", "name": "\u6afb\u4e95 \u5b5d\u5e73", "researcher_id": "80597021"}}