{"url": "https://kaken.nii.ac.jp/ja/grant/KAKENHI-PROJECT-17K00382", "kaken_id": "17K00382", "project_name": "\u76ee\u306e\u8abf\u7bc0\u6a5f\u80fd\u8a08\u6e2c\u6280\u8853\u3092\u5fdc\u7528\u3057\u305f\u307c\u3093\u3084\u308a\u72b6\u614b\u53ef\u8996\u5316\u6280\u8853\u306e\u958b\u767a", "grant_category": "\u57fa\u76e4\u7814\u7a76(C)", "fields": ["\u7dcf\u5408\u7cfb", "\u60c5\u5831\u5b66", "\u4eba\u9593\u60c5\u5831\u5b66", "\u611f\u6027\u60c5\u5831\u5b66"], "keywords": ["\u611f\u6027\u60c5\u5831\u5b66", "\u751f\u7269\u30fb\u751f\u4f53\u5de5\u5b66", "\u4ea4\u901a\u4e8b\u6545", "\u8a8d\u77e5\u79d1\u5b66"], "budget": 4160000, "principal_investigator": {"affiliation": "\u5ca1\u5c71\u5927\u5b66", "name": "\u65e9\u898b \u6b66\u4eba", "researcher_id": "60364113"}}