{"url": "https://kaken.nii.ac.jp/ja/grant/KAKENHI-PROJECT-17K00209", "kaken_id": "17K00209", "project_name": "\u5de6\u53f3\u53cd\u8ee2\u7acb\u4f53\u97f3\u97ff\u3092\u7528\u3044\u305f\u4eba\u9593\u306e\u74b0\u5883\u9069\u5fdc\u6027\u306e\u8133\u6a5f\u80fd\u89e3\u6790", "grant_category": "\u57fa\u76e4\u7814\u7a76(C)", "fields": ["\u7dcf\u5408\u7cfb", "\u60c5\u5831\u5b66", "\u4eba\u9593\u60c5\u5831\u5b66", "\u8a8d\u77e5\u79d1\u5b66"], "keywords": ["\u591a\u611f\u899a\u7d71\u5408", "\u8133\u6a5f\u80fd\u8a08\u6e2c", "\u8133\u30fb\u795e\u7d4c", "\u795e\u7d4c\u79d1\u5b66", "\u8133\u60c5\u5831\u5b66"], "budget": 4420000, "principal_investigator": {"affiliation": "\u6176\u61c9\u7fa9\u587e\u5927\u5b66", "name": "\u9752\u5c71 \u6566", "researcher_id": "40508371"}}