{"url": "https://kaken.nii.ac.jp/ja/grant/KAKENHI-PROJECT-17K00193", "kaken_id": "17K00193", "project_name": "\u5354\u8abf\u578b\u81ea\u52d5\u904b\u8ee2\u306b\u5bfe\u3059\u308b\u7121\u7dda\u901a\u4fe1\u56fa\u6709\u653b\u6483\u306e\u9632\u5fa1\u306b\u95a2\u3059\u308b\u7814\u7a76", "grant_category": "\u57fa\u76e4\u7814\u7a76(C)", "fields": ["\u7dcf\u5408\u7cfb", "\u60c5\u5831\u5b66", "\u8a08\u7b97\u57fa\u76e4", "\u60c5\u5831\u30bb\u30ad\u30e5\u30ea\u30c6\u30a3"], "keywords": ["\u9ad8\u5ea6\u9053\u8def\u4ea4\u901a\u30b7\u30b9\u30c6\u30e0(ITS)", "\u30bb\u30ad\u30e5\u30a2\u30fb\u30cd\u30c3\u30c8\u30ef\u30fc\u30af"], "budget": 4160000, "principal_investigator": {"affiliation": "\u5275\u4fa1\u5927\u5b66", "name": "\u5bfa\u5cf6 \u7f8e\u662d", "researcher_id": "90450965"}}