{"url": "https://kaken.nii.ac.jp/ja/grant/KAKENHI-PROJECT-17K00025", "kaken_id": "17K00025", "project_name": "\u7701\u30e1\u30e2\u30ea\u4e0b\u306b\u304a\u3051\u308b\u8a08\u7b97\u306e\u52b9\u7387\u5316\u3068\u57fa\u672c\u7684\u8af8\u7279\u6027\u306e\u7406\u8ad6\u7684\u89e3\u660e", "grant_category": "\u57fa\u76e4\u7814\u7a76(C)", "fields": ["\u7dcf\u5408\u7cfb", "\u60c5\u5831\u5b66", "\u60c5\u5831\u5b66\u57fa\u790e", "\u60c5\u5831\u5b66\u57fa\u790e\u7406\u8ad6"], "keywords": ["\u30aa\u30fc\u30c8\u30de\u30c8\u30f3\u7406\u8ad6", "\u8a08\u7b97\u7406\u8ad6"], "budget": 1820000, "principal_investigator": {"affiliation": "\u5fb3\u5c71\u5de5\u696d\u9ad8\u7b49\u5c02\u9580\u5b66\u6821", "name": "\u7fa9\u6c38 \u5e38\u5b8f", "researcher_id": "50158482"}}