{"url": "https://kaken.nii.ac.jp/ja/grant/KAKENHI-PROJECT-17K00136", "kaken_id": "17K00136", "project_name": "\u30c7\u30a3\u30fc\u30d7\u30e9\u30fc\u30cb\u30f3\u30b0\u306b\u3088\u308b\u81ea\u5f8b\u5206\u6563\u578b\u7121\u7dda\u30cd\u30c3\u30c8\u30ef\u30fc\u30af\u5236\u5fa1\u3068\u6700\u9069\u5316", "grant_category": "\u57fa\u76e4\u7814\u7a76(C)", "fields": ["\u7dcf\u5408\u7cfb", "\u60c5\u5831\u5b66", "\u8a08\u7b97\u57fa\u76e4", "\u60c5\u5831\u30cd\u30c3\u30c8\u30ef\u30fc\u30af"], "keywords": ["\u6a5f\u68b0\u5b66\u7fd2", "\u79fb\u52d5\u4f53\u901a\u4fe1", "\u60c5\u5831\u901a\u4fe1\u5de5\u5b66"], "budget": 4550000, "principal_investigator": {"affiliation": "\u6771\u4eac\u7406\u79d1\u5927\u5b66", "name": "\u9577\u8c37\u5ddd \u5e79\u96c4", "researcher_id": "50358967"}}