{"url": "https://kaken.nii.ac.jp/ja/grant/KAKENHI-PROJECT-17K00500", "kaken_id": "17K00500", "project_name": "\u504f\u308a\u89e3\u6790\u3092\u7528\u3044\u305f\u30d7\u30ed\u30b8\u30a7\u30af\u30c8\u578b\u5b66\u7fd2\u81ea\u52d5\u652f\u63f4\u30b7\u30b9\u30c6\u30e0", "grant_category": "\u57fa\u76e4\u7814\u7a76(C)", "fields": ["\u7dcf\u5408\u7cfb", "\u60c5\u5831\u5b66", "\u60c5\u5831\u5b66\u30d5\u30ed\u30f3\u30c6\u30a3\u30a2", "\u5b66\u7fd2\u652f\u63f4\u30b7\u30b9\u30c6\u30e0"], "keywords": ["PBL", "\u30d7\u30ed\u30b0\u30e9\u30df\u30f3\u30b0\u6559\u80b2", "\u30bd\u30d5\u30c8\u30a6\u30a7\u30a2\u5de5\u5b66\u6559\u80b2", "\u504f\u308a\u89e3\u6790"], "budget": 4420000, "principal_investigator": {"affiliation": "\u5927\u962a\u5de5\u696d\u5927\u5b66", "name": "\u4e95\u57a3 \u5b8f", "researcher_id": "20403355"}}