{"url": "https://kaken.nii.ac.jp/ja/grant/KAKENHI-PROJECT-17K00091", "kaken_id": "17K00091", "project_name": "Tagless-final DSL embedding: how to keep extending the language and be sure it will still work", "grant_category": "\u57fa\u76e4\u7814\u7a76(C)", "fields": ["\u7dcf\u5408\u7cfb", "\u60c5\u5831\u5b66", "\u8a08\u7b97\u57fa\u76e4", "\u30bd\u30d5\u30c8\u30a6\u30a7\u30a2"], "keywords": ["\u30bd\u30d5\u30c8\u30a6\u30a8\u30a2\u958b\u767a\u52b9\u7387\u5316\u30fb\u5b89\u5b9a\u5316", "\u30d7\u30ed\u30b0\u30e9\u30df\u30f3\u30b0\u8a00\u8a9e", "Domain-specific language", "\u30bd\u30d5\u30c8\u30a6\u30a8\u30a2\u5b66", "\u95a2\u6570\u30d7\u30ed\u30b0\u30e9\u30df\u30f3\u30b0"], "budget": 4550000, "principal_investigator": {"affiliation": "\u6771\u5317\u5927\u5b66", "name": "Kiselyov Oleg", "researcher_id": "50754602"}}