{"url": "https://kaken.nii.ac.jp/ja/grant/KAKENHI-PROJECT-17K00033", "kaken_id": "17K00033", "project_name": "\u975e\u30de\u30eb\u30b3\u30d5\u30e2\u30c7\u30eb\u306b\u5bfe\u3059\u308b\u4f4d\u76f8\u578b\u8fd1\u4f3c\u306e\u9069\u7528\u53ef\u80fd\u6027\u306e\u62e1\u5927", "grant_category": "\u57fa\u76e4\u7814\u7a76(C)", "fields": ["\u7dcf\u5408\u7cfb", "\u60c5\u5831\u5b66", "\u60c5\u5831\u5b66\u57fa\u790e", "\u6570\u7406\u60c5\u5831\u5b66"], "keywords": ["\u78ba\u7387\u30e2\u30c7\u30eb", "\u6027\u80fd\u8a55\u4fa1", "\u30da\u30c8\u30ea\u30cd\u30c3\u30c8", "\u30b7\u30b9\u30c6\u30e0\u5de5\u5b66", "\u30e2\u30c7\u30eb\u691c\u67fb"], "budget": 4420000, "principal_investigator": {"affiliation": "\u5e83\u5cf6\u5927\u5b66", "name": "\u5ca1\u6751 \u5bdb\u4e4b", "researcher_id": "10311812"}}