{"url": "https://kaken.nii.ac.jp/ja/grant/KAKENHI-PROJECT-17K00422", "kaken_id": "17K00422", "project_name": "\u30df\u30c4\u30d0\u30c1\u30e9\u30a4\u30d5\u30ed\u30b0\u89e3\u6790\u30b7\u30b9\u30c6\u30e0\u306e\u958b\u767a", "grant_category": "\u57fa\u76e4\u7814\u7a76(C)", "fields": ["\u7dcf\u5408\u7cfb", "\u60c5\u5831\u5b66", "\u60c5\u5831\u5b66\u30d5\u30ed\u30f3\u30c6\u30a3\u30a2", "\u751f\u547d\u30fb\u5065\u5eb7\u30fb\u533b\u7642\u60c5\u5831\u5b66"], "keywords": ["\u30e9\u30a4\u30d5\u30ed\u30b0", "\u30d0\u30a4\u30aa\u30a4\u30e1\u30fc\u30b8\u30a4\u30f3\u30d5\u30a9\u30de\u30c6\u30a3\u30af\u30b9", "\u30df\u30c4\u30d0\u30c1", "\u884c\u52d5\u5206\u6790", "\u30c8\u30e9\u30c3\u30ad\u30f3\u30b0"], "budget": 4550000, "principal_investigator": {"affiliation": "\u798f\u5ca1\u5927\u5b66", "name": "\u9ad8\u6a4b \u4f38\u5f25", "researcher_id": "40330899"}}