{"url": "https://kaken.nii.ac.jp/ja/grant/KAKENHI-PROJECT-17K00254", "kaken_id": "17K00254", "project_name": "\u8996\u899a\u7279\u6027\u306b\u57fa\u3065\u304f\u591c\u9593\u666f\u89b3\u753b\u50cf\u306e\u9ad8\u5fe0\u5b9f\u5ea6\u518d\u73fe", "grant_category": "\u57fa\u76e4\u7814\u7a76(C)", "fields": ["\u7dcf\u5408\u7cfb", "\u60c5\u5831\u5b66", "\u4eba\u9593\u60c5\u5831\u5b66", "\u77e5\u899a\u60c5\u5831\u51e6\u7406"], "keywords": ["\u8272\u518d\u73fe", "\u5206\u5149\u5206\u5e03", "\u5206\u5149\u8a08\u6e2c", "\u4f4e\u7167\u5ea6\u74b0\u5883"], "budget": 3900000, "principal_investigator": {"affiliation": "\u5927\u962a\u96fb\u6c17\u901a\u4fe1\u5927\u5b66", "name": "\u897f \u7701\u543e", "researcher_id": "70411478"}}