{"url": "https://kaken.nii.ac.jp/ja/grant/KAKENHI-PROJECT-17K00385", "kaken_id": "17K00385", "project_name": "\u751f\u4f53\u60c5\u5831\u8a08\u6e2c\u306b\u57fa\u3065\u304f\u7a7a\u9593\u5468\u6ce2\u6570\u7279\u6027\u304c\u6f5c\u5728\u7684\u306a\u611f\u899a\u306b\u4e0e\u3048\u308b\u5f71\u97ff\u8a55\u4fa1", "grant_category": "\u57fa\u76e4\u7814\u7a76(C)", "fields": ["\u7dcf\u5408\u7cfb", "\u60c5\u5831\u5b66", "\u4eba\u9593\u60c5\u5831\u5b66", "\u611f\u6027\u60c5\u5831\u5b66"], "keywords": ["\u611f\u6027\u8a08\u6e2c\u8a55\u4fa1"], "budget": 4550000, "principal_investigator": {"affiliation": "\u6771\u5317\u5b66\u9662\u5927\u5b66", "name": "\u52a0\u85e4 \u548c\u592b", "researcher_id": "60416609"}}