{"url": "https://kaken.nii.ac.jp/ja/grant/KAKENHI-PROJECT-17K00263", "kaken_id": "17K00263", "project_name": "\u81ea\u5df1\u904b\u52d5\u4e2d\u306e\u97f3\u7a7a\u9593\u77e5\u899a\u306b\u304a\u3051\u308b\u7a7a\u9593\u975e\u5bfe\u79f0\u6027", "grant_category": "\u57fa\u76e4\u7814\u7a76(C)", "fields": ["\u7dcf\u5408\u7cfb", "\u60c5\u5831\u5b66", "\u4eba\u9593\u60c5\u5831\u5b66", "\u30d2\u30e5\u30fc\u30de\u30f3\u30a4\u30f3\u30bf\u30d5\u30a7\u30fc\u30b9\u30fb\u30a4\u30f3\u30bf\u30e9\u30af\u30b7\u30e7\u30f3"], "keywords": ["\u30d0\u30fc\u30c1\u30e3\u30eb\u30ea\u30a2\u30ea\u30c6\u30a3", "\u4eba\u9593\u60c5\u5831\u5b66"], "budget": 4680000, "principal_investigator": {"affiliation": "\u6771\u5317\u5927\u5b66", "name": "\u5d14 \u6b63\u70c8", "researcher_id": "60398097"}}