{"url": "https://kaken.nii.ac.jp/ja/grant/KAKENHI-PROJECT-17K00086", "kaken_id": "17K00086", "project_name": "\u30a4\u30f3\u30c7\u30c3\u30af\u30b9\u751f\u6210\u95a2\u6570\u306e\u5206\u89e3\u306b\u95a2\u3059\u308b\u7814\u7a76", "grant_category": "\u57fa\u76e4\u7814\u7a76(C)", "fields": ["\u7dcf\u5408\u7cfb", "\u60c5\u5831\u5b66", "\u8a08\u7b97\u57fa\u76e4", "\u8a08\u7b97\u6a5f\u30b7\u30b9\u30c6\u30e0"], "keywords": ["\u8ad6\u7406\u8a2d\u8a08", "\u95a2\u6570\u5206\u89e3"], "budget": 4420000, "principal_investigator": {"affiliation": "\u660e\u6cbb\u5927\u5b66", "name": "\u7b39\u5c3e \u52e4", "researcher_id": "20112013"}}