{"url": "https://kaken.nii.ac.jp/ja/grant/KAKENHI-PROJECT-17K00222", "kaken_id": "17K00222", "project_name": "\u30b9\u30dd\u30c3\u30c8\u4f1d\u9054\u75282\u30d3\u30fc\u30e0\u30b9\u30c6\u30a2\u30ea\u30f3\u30b0\u5f0f\u30d1\u30e9\u30e1\u30c8\u30ea\u30c3\u30af\u30b9\u30d4\u30fc\u30ab\u306e\u958b\u767a", "grant_category": "\u57fa\u76e4\u7814\u7a76(C)", "fields": ["\u7dcf\u5408\u7cfb", "\u60c5\u5831\u5b66", "\u4eba\u9593\u60c5\u5831\u5b66", "\u77e5\u899a\u60c5\u5831\u51e6\u7406"], "keywords": ["2\u30d3\u30fc\u30e0\u65b9\u5f0f", "\u30b9\u30c6\u30a2\u30ea\u30f3\u30b0", "\u30d4\u30f3\u30dd\u30a4\u30f3\u30c8", "\u30d1\u30e9\u30e1\u30c8\u30ea\u30c3\u30af\u30b9\u30d4\u30fc\u30ab", "\u30e9\u30f3\u30c0\u30e0\u7d20\u5b50\u914d\u7f6e"], "budget": 3250000, "principal_investigator": {"affiliation": "\u5ca9\u624b\u5927\u5b66", "name": "\u6c38\u7530 \u4ec1\u53f2", "researcher_id": "40301030"}}