{"url": "https://kaken.nii.ac.jp/ja/grant/KAKENHI-PROJECT-17K00307", "kaken_id": "17K00307", "project_name": "Ramsey\u6570\u306b\u95a2\u3059\u308b\u8a08\u7b97\u79d1\u5b66\u7684\u7814\u7a76", "grant_category": "\u57fa\u76e4\u7814\u7a76(C)", "fields": ["\u7dcf\u5408\u7cfb", "\u60c5\u5831\u5b66", "\u4eba\u9593\u60c5\u5831\u5b66", "\u77e5\u80fd\u60c5\u5831\u5b66"], "keywords": ["SAT solver", "Ramsey number"], "budget": 4680000, "principal_investigator": {"affiliation": "\u4e5d\u5dde\u5927\u5b66", "name": "\u85e4\u7530 \u535a", "researcher_id": "70284552"}}