{"url": "https://kaken.nii.ac.jp/ja/grant/KAKENHI-PROJECT-17K00371", "kaken_id": "17K00371", "project_name": "\u53cd\u52d5\u96f6\u7a7a\u9593\u306b\u57fa\u3065\u304f\u30d2\u30e5\u30fc\u30de\u30ce\u30a4\u30c9\u30ed\u30dc\u30c3\u30c8\u306e\u30e2\u30fc\u30b7\u30e7\u30f3\u30fb\u30d5\u30a9\u30fc\u30b9\u8907\u5408\u5236\u5fa1", "grant_category": "\u57fa\u76e4\u7814\u7a76(C)", "fields": ["\u7dcf\u5408\u7cfb", "\u60c5\u5831\u5b66", "\u4eba\u9593\u60c5\u5831\u5b66", "\u77e5\u80fd\u30ed\u30dc\u30c6\u30a3\u30af\u30b9"], "keywords": ["\u53cd\u52d5\u96f6\u7a7a\u9593", "\u30e2\u30fc\u30b7\u30e7\u30f3\u30d7\u30e9\u30f3\u30cb\u30f3\u30b0", "\u30d2\u30e5\u30fc\u30de\u30ce\u30a4\u30c9\u30ed\u30dc\u30c3\u30c8", "\u77e5\u80fd\u30ed\u30dc\u30c6\u30a3\u30af\u30b9", "\u30e2\u30fc\u30b7\u30e7\u30f3/\u30d5\u30a9\u30fc\u30b9\u5236\u5fa1"], "budget": 4550000, "principal_investigator": {"affiliation": "\u6771\u4eac\u90fd\u5e02\u5927\u5b66", "name": "\u4f50\u85e4 \u5927\u7950", "researcher_id": "40344692"}}