{"url": "https://kaken.nii.ac.jp/ja/grant/KAKENHI-PROJECT-17K00347", "kaken_id": "17K00347", "project_name": "\u96c6\u5408\u77e5\u306e\u60c5\u5831\u96c6\u7d04\u904e\u7a0b\u306e\u5b9a\u91cf\u7684\u8a18\u8ff0\u3068\u793e\u4f1a\u7684\u5b66\u7fd2\u306e\u5f71\u97ff", "grant_category": "\u57fa\u76e4\u7814\u7a76(C)", "fields": ["\u7dcf\u5408\u7cfb", "\u60c5\u5831\u5b66", "\u4eba\u9593\u60c5\u5831\u5b66", "\u30bd\u30d5\u30c8\u30b3\u30f3\u30d4\u30e5\u30fc\u30c6\u30a3\u30f3\u30b0"], "keywords": ["\u78ba\u7387\u30e2\u30c7\u30eb", "\u8a08\u7b97\u793e\u4f1a\u79d1\u5b66", "\u793e\u4f1a\u7684\u5b66\u7fd2", "\u7d4c\u6e08\u7269\u7406\u5b66", "\u96c6\u5408\u77e5"], "budget": 4160000, "principal_investigator": {"affiliation": "\u5317\u91cc\u5927\u5b66", "name": "\u5b88 \u771f\u592a\u90ce", "researcher_id": "70296424"}}