{"url": "https://kaken.nii.ac.jp/ja/grant/KAKENHI-PROJECT-17K00235", "kaken_id": "17K00235", "project_name": "\u60c5\u5831\u30bb\u30ad\u30e5\u30ea\u30c6\u30a3\u30ec\u30d9\u30eb\u306e\u9ad8\u3044\u30b5\u30fc\u30d0\u30fb\u30af\u30e9\u30a4\u30a2\u30f3\u30c8\u578b\u30e1\u30c7\u30a3\u30a2\u8a8d\u8b58\u6a5f\u69cb\u306e\u958b\u767a", "grant_category": "\u57fa\u76e4\u7814\u7a76(C)", "fields": ["\u7dcf\u5408\u7cfb", "\u60c5\u5831\u5b66", "\u4eba\u9593\u60c5\u5831\u5b66", "\u77e5\u899a\u60c5\u5831\u51e6\u7406"], "keywords": ["\u8996\u899a\u30e1\u30c7\u30a3\u30a2\u51e6\u7406", "\u30d1\u30bf\u30fc\u30f3\u8a8d\u8b58", "\u30d7\u30e9\u30a4\u30d0\u30b7\u30fc\u4fdd\u8b77"], "budget": 4680000, "principal_investigator": {"affiliation": "\u5927\u962a\u5927\u5b66", "name": "\u4e2d\u6751 \u548c\u6643", "researcher_id": "10584047"}}