{"url": "https://kaken.nii.ac.jp/ja/grant/KAKENHI-PROJECT-17K00306", "kaken_id": "17K00306", "project_name": "\u6b21\u4e16\u4ee3\u578b\u81ea\u52d5\u885d\u7a81\u56de\u907f\u30b7\u30b9\u30c6\u30e0\u306e\u305f\u3081\u306e\u57fa\u76e4\u6280\u8853\u306e\u5275\u51fa", "grant_category": "\u57fa\u76e4\u7814\u7a76(C)", "fields": ["\u7dcf\u5408\u7cfb", "\u60c5\u5831\u5b66", "\u4eba\u9593\u60c5\u5831\u5b66", "\u77e5\u80fd\u60c5\u5831\u5b66"], "keywords": ["\u6570\u7406\u5de5\u5b66", "\u30a8\u30fc\u30b8\u30a7\u30f3\u30c8", "\u4eba\u5de5\u77e5\u80fd"], "budget": 4160000, "principal_investigator": {"affiliation": "\u795e\u6238\u5927\u5b66", "name": "\u5e73\u5c71 \u52dd\u654f", "researcher_id": "00273813"}}