{"url": "https://kaken.nii.ac.jp/ja/grant/KAKENHI-PROJECT-17K00281", "kaken_id": "17K00281", "project_name": "\u8a71\u8005\u306e\u72b6\u614b\u306b\u9069\u5fdc\u3059\u308b\u8a71\u901f\u5909\u63db\u4f1a\u8a71\u30b7\u30b9\u30c6\u30e0\u306e\u97f3\u58f0\u30fb\u6620\u50cf\u51e6\u7406\u3068\u305d\u306e\u30e2\u30c7\u30eb\u5316", "grant_category": "\u57fa\u76e4\u7814\u7a76(C)", "fields": ["\u7dcf\u5408\u7cfb", "\u60c5\u5831\u5b66", "\u4eba\u9593\u60c5\u5831\u5b66", "\u30d2\u30e5\u30fc\u30de\u30f3\u30a4\u30f3\u30bf\u30d5\u30a7\u30fc\u30b9\u30fb\u30a4\u30f3\u30bf\u30e9\u30af\u30b7\u30e7\u30f3"], "keywords": ["\u8a71\u901f\u5909\u63db"], "budget": 4420000, "principal_investigator": {"affiliation": "\u6771\u4eac\u96fb\u6a5f\u5927\u5b66", "name": "\u658e\u85e4 \u535a\u4eba", "researcher_id": "00328519"}}