{"url": "https://kaken.nii.ac.jp/ja/grant/KAKENHI-PROJECT-17K00433", "kaken_id": "17K00433", "project_name": "\u5354\u8abf\u30fb\u7af6\u5408\u69cb\u9020\u3092\u8003\u616e\u3057\u305f\u30a2\u30c6\u30f3\u30b7\u30e7\u30f3\u30c0\u30a4\u30ca\u30df\u30af\u30b9\u306e\u6570\u7406\u30e2\u30c7\u30ea\u30f3\u30b0", "grant_category": "\u57fa\u76e4\u7814\u7a76(C)", "fields": ["\u7dcf\u5408\u7cfb", "\u60c5\u5831\u5b66", "\u60c5\u5831\u5b66\u30d5\u30ed\u30f3\u30c6\u30a3\u30a2", "\u30a6\u30a7\u30d6\u60c5\u5831\u5b66\u30fb\u30b5\u30fc\u30d3\u30b9\u60c5\u5831\u5b66"], "keywords": ["\u6a5f\u68b0\u5b66\u7fd2", "\u793e\u4f1a\u30cd\u30c3\u30c8\u30ef\u30fc\u30af\u5206\u6790", "\u4eba\u5de5\u77e5\u80fd"], "budget": 4420000, "principal_investigator": {"affiliation": "\u9f8d\u8c37\u5927\u5b66", "name": "\u6728\u6751 \u660c\u5f18", "researcher_id": "10396153"}}