{"url": "https://kaken.nii.ac.jp/ja/grant/KAKENHI-PROJECT-17K00253", "kaken_id": "17K00253", "project_name": "3\u6b21\u5143\u58f0\u9053\u5f62\u72b6\u3068\u58f0\u5e2f\u97f3\u6e90\u306e\u9ad8\u7cbe\u5ea6\u62bd\u51fa\u304c\u53ef\u80fd\u306a\u9ad8\u54c1\u8cea\u97f3\u58f0\u5206\u6790\u5909\u63db\u5408\u6210\u65b9\u5f0f\u306e\u958b\u767a", "grant_category": "\u57fa\u76e4\u7814\u7a76(C)", "fields": ["\u7dcf\u5408\u7cfb", "\u60c5\u5831\u5b66", "\u4eba\u9593\u60c5\u5831\u5b66", "\u77e5\u899a\u60c5\u5831\u51e6\u7406"], "keywords": ["\u97f3\u58f0\u60c5\u5831\u51e6\u7406"], "budget": 4550000, "principal_investigator": {"affiliation": "\u540d\u57ce\u5927\u5b66", "name": "\u5742\u91ce \u79c0\u6a39", "researcher_id": "20335003"}}