{"url": "https://kaken.nii.ac.jp/ja/grant/KAKENHI-PROJECT-17K00258", "kaken_id": "17K00258", "project_name": "\u5589\u982d\u5168\u6458\u51fa\u8005\u306e\u4ee3\u66ff\u767a\u58f0\u3092\u5bfe\u8c61\u3068\u3057\u305f\u58f0\u8cea\u6539\u5584\u88c5\u7f6e\u306e\u7814\u7a76\u958b\u767a", "grant_category": "\u57fa\u76e4\u7814\u7a76(C)", "fields": ["\u7dcf\u5408\u7cfb", "\u60c5\u5831\u5b66", "\u4eba\u9593\u60c5\u5831\u5b66", "\u77e5\u899a\u60c5\u5831\u51e6\u7406"], "keywords": ["\u97f3\u58f0\u60c5\u5831\u51e6\u7406"], "budget": 4550000, "principal_investigator": {"affiliation": "\u56fd\u7acb\u7814\u7a76\u958b\u767a\u6cd5\u4eba\u7523\u696d\u6280\u8853\u7dcf\u5408\u7814\u7a76\u6240", "name": "\u4f50\u5b97 \u6643", "researcher_id": "50318169"}}