{"url": "https://kaken.nii.ac.jp/ja/grant/KAKENHI-PROJECT-17K00117", "kaken_id": "17K00117", "project_name": "\u30e2\u30c7\u30eb\u99c6\u52d5\u578b\u884c\u52d5\u8907\u88fd\u306b\u3088\u308b\u90fd\u5e02\u30bb\u30f3\u30b7\u30f3\u30b0", "grant_category": "\u57fa\u76e4\u7814\u7a76(C)", "fields": ["\u7dcf\u5408\u7cfb", "\u60c5\u5831\u5b66", "\u8a08\u7b97\u57fa\u76e4", "\u60c5\u5831\u30cd\u30c3\u30c8\u30ef\u30fc\u30af"], "keywords": ["\u90fd\u5e02\u30bb\u30f3\u30b7\u30f3\u30b0", "\u30e6\u30d3\u30ad\u30bf\u30b9\u30b3\u30f3\u30d4\u30e5\u30fc\u30c6\u30a3\u30f3\u30b0"], "budget": 4290000, "principal_investigator": {"affiliation": "\u4e5d\u5dde\u5927\u5b66", "name": "\u6728\u5be6 \u65b0\u4e00", "researcher_id": "70234804"}}