{"url": "https://kaken.nii.ac.jp/ja/grant/KAKENHI-PROJECT-17K00341", "kaken_id": "17K00341", "project_name": "\u975e\u5bfe\u79f0\u7d50\u5408\u3092\u6709\u3059\u308b\u53cd\u5fdc\u62e1\u6563\u30cd\u30c3\u30c8\u30ef\u30fc\u30af\uff1a\u30b9\u30c6\u30ec\u30aa\u8996\u5dee\u30fb\u904b\u52d5\u691c\u51fa\u306e\u6570\u7406\u30e2\u30c7\u30eb", "grant_category": "\u57fa\u76e4\u7814\u7a76(C)", "fields": ["\u7dcf\u5408\u7cfb", "\u60c5\u5831\u5b66", "\u4eba\u9593\u60c5\u5831\u5b66", "\u30bd\u30d5\u30c8\u30b3\u30f3\u30d4\u30e5\u30fc\u30c6\u30a3\u30f3\u30b0"], "keywords": ["FitzHugh-Nagumo", "\u8996\u899a\u60c5\u5831\u51e6\u7406", "\u975e\u7dda\u5f62\u53cd\u5fdc", "\u53cd\u5fdc\u62e1\u6563", "\u975e\u5bfe\u79f0\u7d50\u5408"], "budget": 4290000, "principal_investigator": {"affiliation": "\u5c71\u53e3\u5927\u5b66", "name": "\u91ce\u6751 \u539a\u5fd7", "researcher_id": "40264973"}}