{"url": "https://kaken.nii.ac.jp/ja/grant/KAKENHI-PROJECT-17K00511", "kaken_id": "17K00511", "project_name": "\u5927\u898f\u6a21\u30de\u30f3\u30ac\u30c7\u30fc\u30bf\u30d9\u30fc\u30b9\u306e\u305f\u3081\u306e\u81ea\u52d5\u8981\u7d04\u751f\u6210\u306e\u7814\u7a76", "grant_category": "\u57fa\u76e4\u7814\u7a76(C)", "fields": ["\u7dcf\u5408\u7cfb", "\u60c5\u5831\u5b66", "\u60c5\u5831\u5b66\u30d5\u30ed\u30f3\u30c6\u30a3\u30a2", "\u30a8\u30f3\u30bf\u30c6\u30a4\u30f3\u30e1\u30f3\u30c8\u30fb\u30b2\u30fc\u30e0\u60c5\u5831\u5b66"], "keywords": ["\u6a5f\u68b0\u5b66\u7fd2", "\u30c7\u30a3\u30b8\u30bf\u30eb\u30a2\u30fc\u30ab\u30a4\u30d6\u30ba", "\u60c5\u5831\u30b7\u30b9\u30c6\u30e0", "\u753b\u50cf"], "budget": 4160000, "principal_investigator": {"affiliation": "\u65e9\u7a32\u7530\u5927\u5b66", "name": "\u6e21\u8fba \u88d5", "researcher_id": "10329154"}}