{"url": "https://kaken.nii.ac.jp/ja/grant/KAKENHI-PROJECT-17K00044", "kaken_id": "17K00044", "project_name": "\u9ad8\u6b21\u5143\u30c7\u30fc\u30bf\u306e\u7406\u89e3\u306e\u305f\u3081\u306e\u6700\u9069\u306a\u30b9\u30b1\u30fc\u30ea\u30f3\u30b0\u3068\u53ef\u8996\u5316\u6280\u6cd5", "grant_category": "\u57fa\u76e4\u7814\u7a76(C)", "fields": ["\u7dcf\u5408\u7cfb", "\u60c5\u5831\u5b66", "\u60c5\u5831\u5b66\u57fa\u790e", "\u7d71\u8a08\u79d1\u5b66"], "keywords": ["\u6700\u9069\u30b9\u30b1\u30fc\u30ea\u30f3\u30b0", "\u60c5\u5831\u5e7e\u4f55", "\u30c7\u30fc\u30bf\u53ef\u8996\u5316", "\u591a\u5909\u91cf\u89e3\u6790", "\u5fae\u5206\u5e7e\u4f55"], "budget": 4550000, "principal_investigator": {"affiliation": "\u6771\u4eac\u5927\u5b66", "name": "\u6e05 \u667a\u4e5f", "researcher_id": "20401242"}}