{"url": "https://kaken.nii.ac.jp/ja/grant/KAKENHI-PROJECT-17K00137", "kaken_id": "17K00137", "project_name": "\u6fc0\u751a\u707d\u5bb3\u304b\u3089\u306e\u8a2d\u5099\u5fa9\u65e7\u9806\u5e8f\u306b\u7740\u76ee\u3057\u305f\u52b9\u7387\u7684\u306a\u901a\u4fe1\u30cd\u30c3\u30c8\u30ef\u30fc\u30af\u5fa9\u65e7\u65b9\u6cd5", "grant_category": "\u57fa\u76e4\u7814\u7a76(C)", "fields": ["\u7dcf\u5408\u7cfb", "\u60c5\u5831\u5b66", "\u8a08\u7b97\u57fa\u76e4", "\u60c5\u5831\u30cd\u30c3\u30c8\u30ef\u30fc\u30af"], "keywords": ["\u6700\u9069\u5316", "\u81ea\u7136\u707d\u5bb3", "\u30a2\u30eb\u30b4\u30ea\u30ba\u30e0"], "budget": 4680000, "principal_investigator": {"affiliation": "\u65e5\u672c\u5927\u5b66", "name": "\u6e90\u7530 \u6d69\u4e00", "researcher_id": "00564105"}}