{"url": "https://kaken.nii.ac.jp/ja/grant/KAKENHI-PROJECT-17K00080", "kaken_id": "17K00080", "project_name": "\u52d5\u4f5c\u30e2\u30fc\u30c9\u3092\u6709\u3059\u308b\u8eca\u8f09\u30cd\u30c3\u30c8\u30ef\u30fc\u30af\u30b7\u30b9\u30c6\u30e0\u306e\u8a2d\u8a08\u6280\u8853\u306b\u95a2\u3059\u308b\u7814\u7a76", "grant_category": "\u57fa\u76e4\u7814\u7a76(C)", "fields": ["\u7dcf\u5408\u7cfb", "\u60c5\u5831\u5b66", "\u8a08\u7b97\u57fa\u76e4", "\u8a08\u7b97\u6a5f\u30b7\u30b9\u30c6\u30e0"], "keywords": ["\u8a2d\u8a08\u81ea\u52d5\u5316", "\u52d5\u4f5c\u30e2\u30fc\u30c9", "TDMA", "\u8eca\u8f09\u30cd\u30c3\u30c8\u30ef\u30fc\u30af"], "budget": 4420000, "principal_investigator": {"affiliation": "\u5317\u4e5d\u5dde\u5e02\u7acb\u5927\u5b66", "name": "\u6749\u539f \u771f", "researcher_id": "80373538"}}