{"url": "https://kaken.nii.ac.jp/ja/grant/KAKENHI-PROJECT-17K00116", "kaken_id": "17K00116", "project_name": "\u81ea\u7136\u8a00\u8a9e\u51e6\u7406\u6280\u8853\u306b\u3088\u308b\u65e2\u5b58\u958b\u767a\u6587\u66f8\u304b\u3089\u306e\u8ffd\u52a0\u7684\u8981\u6c42\u5b9a\u7fa9\u306b\u95a2\u3059\u308b\u7814\u7a76", "grant_category": "\u57fa\u76e4\u7814\u7a76(C)", "fields": ["\u7dcf\u5408\u7cfb", "\u60c5\u5831\u5b66", "\u8a08\u7b97\u57fa\u76e4", "\u30bd\u30d5\u30c8\u30a6\u30a7\u30a2"], "keywords": ["\u30d7\u30ed\u30c0\u30af\u30c8\u30e9\u30a4\u30f3", "HAZOP", "\u6d3e\u751f\u958b\u767a", "\u8981\u6c42\u7372\u5f97", "\u81ea\u7136\u8a00\u8a9e\u51e6\u7406"], "budget": 4550000, "principal_investigator": {"affiliation": "\u798f\u5ca1\u5927\u5b66", "name": "\u4e2d\u897f \u6052\u592b", "researcher_id": "70311785"}}