{"url": "https://kaken.nii.ac.jp/ja/grant/KAKENHI-PROJECT-17K00008", "kaken_id": "17K00008", "project_name": "\u96e2\u6563\u304a\u3088\u3073\u9023\u7d9a\u901a\u4fe1\u8def\u306e\u901a\u4fe1\u8def\u5bb9\u91cf\u3092\u9054\u6210\u3059\u308b\u5206\u5e03\u306b\u95a2\u3059\u308b\u7814\u7a76", "grant_category": "\u57fa\u76e4\u7814\u7a76(C)", "fields": ["\u7dcf\u5408\u7cfb", "\u60c5\u5831\u5b66", "\u60c5\u5831\u5b66\u57fa\u790e", "\u60c5\u5831\u5b66\u57fa\u790e\u7406\u8ad6"], "keywords": ["\u60c5\u5831\u5e7e\u4f55\u5b66", "\u901a\u4fe1\u8def\u5bb9\u91cf", "\u60c5\u5831\u7406\u8ad6"], "budget": 4420000, "principal_investigator": {"affiliation": "\u9577\u5ca1\u6280\u8853\u79d1\u5b66\u5927\u5b66", "name": "\u4e2d\u5ddd \u5065\u6cbb", "researcher_id": "80242452"}}