{"url": "https://kaken.nii.ac.jp/ja/grant/KAKENHI-PROJECT-17K00425", "kaken_id": "17K00425", "project_name": "\u8a3a\u65ad\u652f\u63f4\u30b7\u30b9\u30c6\u30e0\u306e\u30e6\u30fc\u30b6\u30fc\u30a4\u30f3\u30bf\u30fc\u30d5\u30a7\u30fc\u30b9\u306b\u95a2\u3059\u308b\u7814\u7a76", "grant_category": "\u57fa\u76e4\u7814\u7a76(C)", "fields": ["\u7dcf\u5408\u7cfb", "\u60c5\u5831\u5b66", "\u60c5\u5831\u5b66\u30d5\u30ed\u30f3\u30c6\u30a3\u30a2", "\u751f\u547d\u30fb\u5065\u5eb7\u30fb\u533b\u7642\u60c5\u5831\u5b66"], "keywords": ["\u30e6\u30fc\u30b6\u30fc\u30a4\u30f3\u30bf\u30fc\u30d5\u30a7\u30fc\u30b9", "\u8a3a\u65ad\u652f\u63f4\u30b7\u30b9\u30c6\u30e0"], "budget": 4550000, "principal_investigator": {"affiliation": "\u56fd\u7acb\u4fdd\u5065\u533b\u7642\u79d1\u5b66\u9662", "name": "\u5965\u6751 \u8cb4\u53f2", "researcher_id": "50553400"}}