{"url": "https://kaken.nii.ac.jp/ja/grant/KAKENHI-PROJECT-17K00398", "kaken_id": "17K00398", "project_name": "\u5236\u5fa1\u5de5\u5b66\u306b\u57fa\u3065\u304f\u3001\u751f\u547d\u30b7\u30b9\u30c6\u30e0\u63a8\u5b9a\u6cd5\u3068\u751f\u547d\u5236\u5fa1\u8ad6\u306e\u78ba\u7acb", "grant_category": "\u57fa\u76e4\u7814\u7a76(C)", "fields": ["\u7dcf\u5408\u7cfb", "\u60c5\u5831\u5b66", "\u60c5\u5831\u5b66\u30d5\u30ed\u30f3\u30c6\u30a3\u30a2", "\u751f\u547d\u30fb\u5065\u5eb7\u30fb\u533b\u7642\u60c5\u5831\u5b66"], "keywords": ["\u30c8\u30e9\u30f3\u30b9\u30af\u30ea\u30d7\u30c8\u30fc\u30e0", "\u30a4\u30cd", "\u5236\u5fa1\u5de5\u5b66", "\u30d0\u30a4\u30aa\u30c6\u30af\u30ce\u30ed\u30b8\u30fc", "\u30d0\u30a4\u30aa\u30a4\u30f3\u30d5\u30a9\u30de\u30c6\u30a3\u30af\u30b9"], "budget": 4680000, "principal_investigator": {"affiliation": "\u6771\u4eac\u5927\u5b66", "name": "\u6728\u7acb \u5c1a\u5b5d", "researcher_id": "80415778"}}