{"url": "https://kaken.nii.ac.jp/ja/grant/KAKENHI-PROJECT-17K00002", "kaken_id": "17K00002", "project_name": "\u8a08\u7b97\u5e7e\u4f55\u3092\u7528\u3044\u305f\u77e5\u8b58\u767a\u898b\u3068\u30c7\u30fc\u30bf\u89e3\u6790\u624b\u6cd5\u306b\u95a2\u3059\u308b\u7814\u7a76", "grant_category": "\u57fa\u76e4\u7814\u7a76(C)", "fields": ["\u7dcf\u5408\u7cfb", "\u60c5\u5831\u5b66", "\u60c5\u5831\u5b66\u57fa\u790e", "\u60c5\u5831\u5b66\u57fa\u790e\u7406\u8ad6"], "keywords": ["\u30c7\u30fc\u30bf\u30de\u30a4\u30cb\u30f3\u30b0", "\u30a2\u30eb\u30b4\u30ea\u30ba\u30e0", "\u8a08\u7b97\u5e7e\u4f55", "\u8a08\u7b97\u7406\u8ad6"], "budget": 4550000, "principal_investigator": {"affiliation": "\u6771\u5317\u5927\u5b66", "name": "\u5168 \u771e\u5b09", "researcher_id": "80431550"}}