{"url": "https://kaken.nii.ac.jp/ja/grant/KAKENHI-PROJECT-17K00392", "kaken_id": "17K00392", "project_name": "\u8996\u7dda\u60c5\u5831\u3092\u5229\u7528\u3057\u305fWeb\u30b5\u30a4\u30c8\u30c7\u30b6\u30a4\u30f3", "grant_category": "\u57fa\u76e4\u7814\u7a76(C)", "fields": ["\u7dcf\u5408\u7cfb", "\u60c5\u5831\u5b66", "\u4eba\u9593\u60c5\u5831\u5b66", "\u611f\u6027\u60c5\u5831\u5b66"], "keywords": ["\u773c\u7403\u904b\u52d5", "\u78ba\u7387\u63a8\u8ad6", "\u611f\u6027\u60c5\u5831\u5b66", "Web\u30b5\u30a4\u30c8", "\u611f\u6027\u8a08\u6e2c\u8a55\u4fa1"], "budget": 4680000, "principal_investigator": {"affiliation": "\u91d1\u6ca2\u5de5\u696d\u5927\u5b66", "name": "\u677e\u4e0b \u88d5", "researcher_id": "60393568"}}