{"url": "https://kaken.nii.ac.jp/ja/grant/KAKENHI-PROJECT-17K00205", "kaken_id": "17K00205", "project_name": "\u5358\u773c\u3067\u8996\u8a8d\u3059\u308b\u62e1\u5f35\u73fe\u5b9f\u30c7\u30a3\u30b9\u30d7\u30ec\u30a4\u306e\u5b9f\u969b\u5834\u9762\u3067\u306e\u5229\u7528\uff0d\u8a8d\u77e5\u904e\u7a0b\u306e\u89e3\u660e\u3068\u6709\u52b9\u6027\u691c\u8a3c", "grant_category": "\u57fa\u76e4\u7814\u7a76(C)", "fields": ["\u7dcf\u5408\u7cfb", "\u60c5\u5831\u5b66", "\u4eba\u9593\u60c5\u5831\u5b66", "\u8a8d\u77e5\u79d1\u5b66"], "keywords": ["\u30a4\u30f3\u30bf\u30d5\u30a7\u30fc\u30b9", "\u8996\u899a\u7684\u6ce8\u610f", "\u5358\u773c", "\u8a8d\u77e5\u79d1\u5b66", "\u62e1\u5f35\u73fe\u5b9f"], "budget": 4160000, "principal_investigator": {"affiliation": "\u5927\u962a\u5927\u5b66", "name": "\u7be0\u539f \u4e00\u5149", "researcher_id": "60260642"}}