{"url": "https://kaken.nii.ac.jp/ja/grant/KAKENHI-PROJECT-17K00480", "kaken_id": "17K00480", "project_name": "\u5b66\u4fee\u30de\u30c3\u30d7\u69cb\u7bc9\u30b7\u30b9\u30c6\u30e0\u306b\u3088\u308b\u81ea\u767a\u7684\u5b66\u3073\u306e\u652f\u63f4", "grant_category": "\u57fa\u76e4\u7814\u7a76(C)", "fields": ["\u7dcf\u5408\u7cfb", "\u60c5\u5831\u5b66", "\u60c5\u5831\u5b66\u30d5\u30ed\u30f3\u30c6\u30a3\u30a2", "\u5b66\u7fd2\u652f\u63f4\u30b7\u30b9\u30c6\u30e0"], "keywords": ["\u30c7\u30fc\u30bf\u53ef\u8996\u5316", "\u54c1\u8cea\u6a5f\u80fd\u5c55\u958b", "\u5b66\u7fd2\u5206\u6790"], "budget": 4290000, "principal_investigator": {"affiliation": "\u5c71\u68a8\u5927\u5b66", "name": "\u5409\u5ddd \u96c5\u4fee", "researcher_id": "70200962"}}