{"url": "https://kaken.nii.ac.jp/ja/grant/KAKENHI-PROJECT-17K00301", "kaken_id": "17K00301", "project_name": "\u30aa\u30f3\u30e9\u30a4\u30f3\u8fd1\u4f3c\u5727\u7e2e\u306b\u57fa\u3065\u304f\u6b21\u4e16\u4ee3\u30b9\u30c8\u30ea\u30fc\u30e0\u30c7\u30fc\u30bf\u30de\u30a4\u30cb\u30f3\u30b0\u6cd5\u306e\u958b\u767a", "grant_category": "\u57fa\u76e4\u7814\u7a76(C)", "fields": ["\u7dcf\u5408\u7cfb", "\u60c5\u5831\u5b66", "\u4eba\u9593\u60c5\u5831\u5b66", "\u77e5\u80fd\u60c5\u5831\u5b66"], "keywords": ["\u30b9\u30c8\u30ea\u30fc\u30e0\u30c7\u30fc\u30bf", "\u7570\u5e38\u30fb\u5909\u5316\u691c\u77e5", "\u30aa\u30f3\u30e9\u30a4\u30f3\u30a2\u30eb\u30b4\u30ea\u30ba\u30e0"], "budget": 4680000, "principal_investigator": {"affiliation": "\u5c71\u68a8\u5927\u5b66", "name": "\u5c71\u672c \u6cf0\u751f", "researcher_id": "30550793"}}