{"url": "https://kaken.nii.ac.jp/ja/grant/KAKENHI-PROJECT-17K00228", "kaken_id": "17K00228", "project_name": "\u97f3\u8272\u306e\u611f\u6027\u6559\u80b2\u306b\u7528\u3044\u308b\u97f3\u6e90\u7d20\u6750\u306e\u97f3\u8272\u306e\u5b9a\u91cf\u7684\u8a55\u4fa1\u6cd5", "grant_category": "\u57fa\u76e4\u7814\u7a76(C)", "fields": ["\u7dcf\u5408\u7cfb", "\u60c5\u5831\u5b66", "\u4eba\u9593\u60c5\u5831\u5b66", "\u77e5\u899a\u60c5\u5831\u51e6\u7406"], "keywords": ["\u97f3\u97ff\u6559\u80b2", "\u8074\u80fd\u5f62\u6210", "\u97f3\u8272\u77e5\u899a"], "budget": 4550000, "principal_investigator": {"affiliation": "\u6771\u4eac\u85dd\u8853\u5927\u5b66", "name": "\u4e38\u4e95 \u6df3\u53f2", "researcher_id": "90447516"}}