{"url": "https://kaken.nii.ac.jp/ja/grant/KAKENHI-PROJECT-17K00272", "kaken_id": "17K00272", "project_name": "\u30ea\u30a2\u30eb\u30bf\u30a4\u30e0\u51e6\u7406\u53ef\u80fd\u306a\u7a81\u767a\u6027\u96d1\u97f3\u9664\u53bb\u30b7\u30b9\u30c6\u30e0\u306e\u958b\u767a", "grant_category": "\u57fa\u76e4\u7814\u7a76(C)", "fields": ["\u7dcf\u5408\u7cfb", "\u60c5\u5831\u5b66", "\u4eba\u9593\u60c5\u5831\u5b66", "\u30d2\u30e5\u30fc\u30de\u30f3\u30a4\u30f3\u30bf\u30d5\u30a7\u30fc\u30b9\u30fb\u30a4\u30f3\u30bf\u30e9\u30af\u30b7\u30e7\u30f3"], "keywords": ["\u30b9\u30de\u30fc\u30c8\u30bb\u30f3\u30b5\u60c5\u5831\u30b7\u30b9\u30c6\u30e0", "\u4fe1\u53f7\u51e6\u7406", "\u60c5\u5831\u901a\u4fe1\u5de5\u5b66"], "budget": 3640000, "principal_investigator": {"affiliation": "\u9ce5\u53d6\u5927\u5b66", "name": "\u7b39\u5ca1 \u76f4\u4eba", "researcher_id": "80432607"}}