{"url": "https://kaken.nii.ac.jp/ja/grant/KAKENHI-PROJECT-17K00063", "kaken_id": "17K00063", "project_name": "\u5c3a\u5ea6\u6df7\u5728\u30fb\u8907\u96d1\u5316\u5927\u898f\u6a21\u30c7\u30fc\u30bf\u306e\u7279\u5fb4\u62bd\u51fa\u3068\u5bfe\u8a71\u7684\u60c5\u5831\u628a\u63e1\u306e\u7814\u7a76", "grant_category": "\u57fa\u76e4\u7814\u7a76(C)", "fields": ["\u7dcf\u5408\u7cfb", "\u60c5\u5831\u5b66", "\u60c5\u5831\u5b66\u57fa\u790e", "\u7d71\u8a08\u79d1\u5b66"], "keywords": ["\u7d71\u8a08\u8a08\u7b97", "\u30b3\u30f3\u30d4\u30e5\u30fc\u30bf\u652f\u63f4\u7d71\u8a08"], "budget": 4680000, "principal_investigator": {"affiliation": "\u5ca1\u5c71\u7406\u79d1\u5927\u5b66", "name": "\u68ee \u88d5\u4e00", "researcher_id": "80230085"}}