{"url": "https://kaken.nii.ac.jp/ja/grant/KAKENHI-PROJECT-17K00100", "kaken_id": "17K00100", "project_name": "\u518d\u5408\u6210\u53ef\u80fd\u306a\u975e\u5faa\u74b0\u95a2\u4fc2\u5206\u5272\u306b\u3088\u308b\u8907\u6570\u30b7\u30ca\u30ea\u30aa\u306b\u5bfe\u5fdc\u3057\u305f\u632f\u308b\u821e\u3044\u30e2\u30c7\u30eb\u81ea\u52d5\u5408\u6210", "grant_category": "\u57fa\u76e4\u7814\u7a76(C)", "fields": ["\u7dcf\u5408\u7cfb", "\u60c5\u5831\u5b66", "\u8a08\u7b97\u57fa\u76e4", "\u30bd\u30d5\u30c8\u30a6\u30a7\u30a2"], "keywords": ["\u30bd\u30d5\u30c8\u30a6\u30a8\u30a2\u958b\u767a\u52b9\u7387\u5316\u30fb\u5b89\u5b9a\u5316", "\u30bd\u30d5\u30c8\u30a6\u30a7\u30a2\u5b66", "\u60c5\u5831\u30b7\u30b9\u30c6\u30e0"], "budget": 4420000, "principal_investigator": {"affiliation": "\u5927\u962a\u5927\u5b66", "name": "\u5bae\u672c \u4fca\u5e78", "researcher_id": "00294041"}}