{"url": "https://kaken.nii.ac.jp/ja/grant/KAKENHI-PROJECT-17K00141", "kaken_id": "17K00141", "project_name": "\u9577\u671f\u8fd1\u63a5\u906d\u9047\u7279\u6027\u3092\u53cd\u6620\u3059\u308b\u6a19\u6e96\u79fb\u52d5\u30e2\u30c7\u30eb\u306e\u958b\u767a\u3068\u9045\u5ef6\u8010\u6027\u901a\u4fe1\u306e\u5b89\u5b9a\u6027\u8a55\u4fa1", "grant_category": "\u57fa\u76e4\u7814\u7a76(C)", "fields": ["\u7dcf\u5408\u7cfb", "\u60c5\u5831\u5b66", "\u8a08\u7b97\u57fa\u76e4", "\u60c5\u5831\u30cd\u30c3\u30c8\u30ef\u30fc\u30af"], "keywords": ["\u7d71\u8a08\u6570\u5b66", "\u79fb\u52d5\u4f53\u901a\u4fe1", "\u975e\u5e38\u6642\u901a\u4fe1"], "budget": 4550000, "principal_investigator": {"affiliation": "\u5343\u8449\u5de5\u696d\u5927\u5b66", "name": "\u85e4\u539f \u660e\u5e83", "researcher_id": "70448687"}}