{"url": "https://kaken.nii.ac.jp/ja/grant/KAKENHI-PROJECT-17K00043", "kaken_id": "17K00043", "project_name": "\u9ad8\u6b21\u8a08\u91cf\u306b\u3088\u308b\u9ad8\u6b21\u5143\u5c0f\u6a19\u672c\u578b\u30d3\u30c3\u30af\u30c7\u30fc\u30bf\u89e3\u6790\u3068\u305d\u306e\u793e\u4f1a\u7684\u5fdc\u7528", "grant_category": "\u57fa\u76e4\u7814\u7a76(C)", "fields": ["\u7dcf\u5408\u7cfb", "\u60c5\u5831\u5b66", "\u60c5\u5831\u5b66\u57fa\u790e", "\u7d71\u8a08\u79d1\u5b66"], "keywords": ["\u9ad8\u6b21\u8a08\u91cf", "\u7d71\u8a08\u79d1\u5b66", "\u30af\u30e9\u30b9\u30bf\u30ea\u30f3\u30b0"], "budget": 4550000, "principal_investigator": {"affiliation": "\u7b51\u6ce2\u5927\u5b66", "name": "\u30a4\u30ea\u30c1\u30e5 \u7f8e\u4f73", "researcher_id": "60269214"}}