{"url": "https://kaken.nii.ac.jp/ja/grant/KAKENHI-PROJECT-17K12701", "kaken_id": "17K12701", "project_name": "\u81ea\u5df1\u304c\u8d77\u3053\u3057\u305f\u611f\u899a\u4e8b\u8c61\u306e\u8a8d\u77e5\u306e\u6642\u7a7a\u9593\u7279\u6027", "grant_category": "\u82e5\u624b\u7814\u7a76(B)", "fields": ["\u7dcf\u5408\u7cfb", "\u60c5\u5831\u5b66", "\u4eba\u9593\u60c5\u5831\u5b66", "\u8a8d\u77e5\u79d1\u5b66"], "keywords": ["\u6642\u9593\u77e5\u899a", "\u8eab\u4f53\u904b\u52d5", "\u81ea\u5df1\u8868\u8c61", "\u5b9f\u9a13\u7cfb\u5fc3\u7406\u5b66", "\u4e3b\u4f53\u611f"], "budget": 3120000, "principal_investigator": {"affiliation": "\u6771\u4eac\u5927\u5b66", "name": "\u4eca\u6cc9 \u4fee", "researcher_id": "60779453"}}