{"url": "https://kaken.nii.ac.jp/ja/grant/KAKENHI-PROJECT-17K17617", "kaken_id": "17K17617", "project_name": "\u660e\u6cbb\u5927\u6b63\u671f\u306e\u753a\u6751\u5f79\u5834\u6587\u66f8\u306e\u30c7\u30b8\u30bf\u30eb\u30c7\u30fc\u30bf\u306e\u4f5c\u6210\u3068\u516c\u958b\u306b\u95a2\u3059\u308b\u7814\u7a76", "grant_category": "\u82e5\u624b\u7814\u7a76(B)", "fields": ["\u4eba\u6587\u793e\u4f1a\u7cfb", "\u4eba\u6587\u5b66", "\u53f2\u5b66", "\u65e5\u672c\u53f2", "\u7dcf\u5408\u7cfb", "\u60c5\u5831\u5b66", "\u60c5\u5831\u5b66\u30d5\u30ed\u30f3\u30c6\u30a3\u30a2", "\u56f3\u66f8\u9928\u60c5\u5831\u5b66\u30fb\u4eba\u6587\u793e\u4f1a\u60c5\u5831\u5b66"], "keywords": ["\u65e5\u672c\u53f2", "\u60c5\u5831\u56f3\u66f8\u9928\u5b66"], "budget": 2470000, "principal_investigator": {"affiliation": "\u798f\u5cf6\u5927\u5b66", "name": "\u5fb3\u7af9 \u525b", "researcher_id": "80625658"}}