{"url": "https://kaken.nii.ac.jp/ja/grant/KAKENHI-PROJECT-17K17990", "kaken_id": "17K17990", "project_name": "\u30bc\u30df\u30ca\u30fc\u30eb\u5b9f\u8df5\u306b\u304a\u3051\u308b\u6280\u6cd5\u306e\u7406\u8ad6\u5316\uff0d\u6559\u54e1\u306e\u7d4c\u9a13\u306b\u57fa\u3065\u304f\u6697\u9ed9\u77e5\u306e\u89e3\u660e\uff0d", "grant_category": "\u82e5\u624b\u7814\u7a76(B)", "fields": ["\u4eba\u6587\u793e\u4f1a\u7cfb", "\u793e\u4f1a\u79d1\u5b66", "\u6559\u80b2\u5b66", "\u6559\u80b2\u5b66", "\u7dcf\u5408\u7cfb", "\u60c5\u5831\u5b66", "\u60c5\u5831\u5b66\u30d5\u30ed\u30f3\u30c6\u30a3\u30a2", "\u56f3\u66f8\u9928\u60c5\u5831\u5b66\u30fb\u4eba\u6587\u793e\u4f1a\u60c5\u5831\u5b66"], "keywords": ["\u6559\u80b2\u7cfb\u5fc3\u7406\u5b66", "\u6559\u80b2\u5b66"], "budget": 2210000, "principal_investigator": {"affiliation": "\u9996\u90fd\u5927\u5b66\u6771\u4eac", "name": "\u4f0f\u6728\u7530 \u7a1a\u5b50", "researcher_id": "40737128"}}