{"url": "https://kaken.nii.ac.jp/ja/grant/KAKENHI-PROJECT-17K12635", "kaken_id": "17K12635", "project_name": "Geometric Algorithms for Portable devices", "grant_category": "\u82e5\u624b\u7814\u7a76(B)", "fields": ["\u7dcf\u5408\u7cfb", "\u60c5\u5831\u5b66", "\u60c5\u5831\u5b66\u57fa\u790e", "\u60c5\u5831\u5b66\u57fa\u790e\u7406\u8ad6"], "keywords": ["Geometric Graphs", "Sensor Networks", "Algorithms", "Computational Geometry", "Ad-hoc Networks"], "budget": 3900000, "principal_investigator": {"affiliation": "\u6771\u5317\u5927\u5b66", "name": "Korman Matias", "researcher_id": "80732718"}}