{"url": "https://kaken.nii.ac.jp/ja/grant/KAKENHI-PROJECT-17K12642", "kaken_id": "17K12642", "project_name": "\u5305\u62ec\u7684\u30b0\u30ec\u30d6\u30ca\u30fc\u57fa\u5e95\u7cfb\u306b\u3088\u308b\u9650\u91cf\u5b50\u6d88\u53bb\u306e\u52b9\u7387\u5316", "grant_category": "\u82e5\u624b\u7814\u7a76(B)", "fields": ["\u7dcf\u5408\u7cfb", "\u60c5\u5831\u5b66", "\u60c5\u5831\u5b66\u57fa\u790e", "\u60c5\u5831\u5b66\u57fa\u790e\u7406\u8ad6"], "keywords": ["\u5305\u62ec\u7684\u30b0\u30ec\u30d6\u30ca\u30fc\u57fa\u5e95\u7cfb", "\u8a08\u7b97\u6a5f\u4ee3\u6570", "\u9650\u91cf\u5b50\u6d88\u53bb", "\u6570\u5f0f\u51e6\u7406", "\u30a2\u30eb\u30b4\u30ea\u30ba\u30e0"], "budget": 2860000, "principal_investigator": {"affiliation": "\u6771\u4eac\u7406\u79d1\u5927\u5b66", "name": "\u6df1\u4f5c \u4eae\u4e5f", "researcher_id": "40778924"}}