{"url": "https://kaken.nii.ac.jp/ja/grant/KAKENHI-PROJECT-17K17725", "kaken_id": "17K17725", "project_name": "\u5927\u898f\u6a21\u5236\u7d04\u5145\u8db3\u554f\u984c\u306e\u5168\u89e3\u63a2\u7d22\u306e\u305f\u3081\u306e\u5b9f\u7528\u7684\u306a\u8a08\u7b97\u57fa\u76e4\u306e\u78ba\u7acb\u3068\u305d\u306e\u5fdc\u7528", "grant_category": "\u82e5\u624b\u7814\u7a76(B)", "fields": ["\u7dcf\u5408\u7cfb", "\u60c5\u5831\u5b66", "\u4eba\u9593\u60c5\u5831\u5b66", "\u77e5\u80fd\u60c5\u5831\u5b66", "\u7dcf\u5408\u7cfb", "\u60c5\u5831\u5b66", "\u60c5\u5831\u5b66\u57fa\u790e", "\u60c5\u5831\u5b66\u57fa\u790e\u7406\u8ad6"], "keywords": ["\u30cd\u30c3\u30c8\u30ef\u30fc\u30af", "\u30c7\u30fc\u30bf\u30de\u30a4\u30cb\u30f3\u30b0", "\u30a2\u30eb\u30b4\u30ea\u30ba\u30e0"], "budget": 4290000, "principal_investigator": {"affiliation": "\u96fb\u6c17\u901a\u4fe1\u5927\u5b66", "name": "\u6238\u7530 \u8cb4\u4e45", "researcher_id": "50451159"}}