{"url": "https://kaken.nii.ac.jp/ja/grant/KAKENHI-PROJECT-17K12691", "kaken_id": "17K12691", "project_name": "A Scale-Aware Layout for Adaptive Cartographic Generalization", "grant_category": "\u82e5\u624b\u7814\u7a76(B)", "fields": ["\u7dcf\u5408\u7cfb", "\u60c5\u5831\u5b66", "\u8a08\u7b97\u57fa\u76e4", "\u9ad8\u6027\u80fd\u8a08\u7b97"], "keywords": ["visualization", "schematization", "map", "annotation"], "budget": 4030000, "principal_investigator": {"affiliation": "\u6176\u61c9\u7fa9\u587e\u5927\u5b66", "name": "\u30a6\u30fc \u30b7\u30e3\u30f3\u30e6\u30f3", "researcher_id": "00706749"}}