{"url": "https://kaken.nii.ac.jp/ja/grant/KAKENHI-PROJECT-17K12652", "kaken_id": "17K12652", "project_name": "\u6642\u7a7a\u9593\u30c7\u30fc\u30bf\u306e\u30d6\u30fc\u30c8\u30b9\u30c8\u30e9\u30c3\u30d7\u6cd5\u3068\u7d4c\u9a13\u5c24\u5ea6\u6cd5\u306e\u7406\u8ad6\u7684\u5c55\u958b", "grant_category": "\u82e5\u624b\u7814\u7a76(B)", "fields": ["\u7dcf\u5408\u7cfb", "\u60c5\u5831\u5b66", "\u60c5\u5831\u5b66\u57fa\u790e", "\u7d71\u8a08\u79d1\u5b66"], "keywords": ["\u89e3\u6790\u30fb\u8a55\u4fa1", "\u6642\u7a7a\u9593\u30c7\u30fc\u30bf", "\u7d71\u8a08\u5b66", "\u7d4c\u9a13\u5c24\u5ea6\u6cd5", "\u30d6\u30fc\u30c8\u30b9\u30c8\u30e9\u30c3\u30d7\u6cd5"], "budget": 4030000, "principal_investigator": {"affiliation": "\u65e9\u7a32\u7530\u5927\u5b66", "name": "\u5289 \u8a00", "researcher_id": "10754856"}}