{"url": "https://kaken.nii.ac.jp/ja/grant/KAKENHI-PROJECT-17K17616", "kaken_id": "17K17616", "project_name": "\u6f22\u5b57\u30d1\u30bf\u30fc\u30f3\u8a8d\u77e5\u306b\u7740\u76ee\u3057\u305f\u66f8\u5b57\u30a8\u30e9\u30fc\u306e\u767a\u751f\u30e1\u30ab\u30cb\u30ba\u30e0\u306b\u95a2\u3059\u308b\u8a8d\u77e5\u30e2\u30c7\u30eb\u306e\u63d0\u6848", "grant_category": "\u82e5\u624b\u7814\u7a76(B)", "fields": ["\u4eba\u6587\u793e\u4f1a\u7cfb", "\u793e\u4f1a\u79d1\u5b66", "\u5fc3\u7406\u5b66", "\u5b9f\u9a13\u5fc3\u7406\u5b66", "\u7dcf\u5408\u7cfb", "\u60c5\u5831\u5b66", "\u4eba\u9593\u60c5\u5831\u5b66", "\u8a8d\u77e5\u79d1\u5b66"], "keywords": ["\u8a8d\u77e5\u30e2\u30c7\u30eb", "\u66f8\u5b57\u969c\u5bb3", "\u30d1\u30bf\u30fc\u30f3\u8a8d\u77e5"], "budget": 3770000, "principal_investigator": {"affiliation": "\u798f\u5cf6\u5927\u5b66", "name": "\u9ad8\u6a4b \u7d14\u4e00", "researcher_id": "10723538"}}