{"url": "https://kaken.nii.ac.jp/ja/grant/KAKENHI-PROJECT-17K12767", "kaken_id": "17K12767", "project_name": "\u5302\u3044\u611f\u6027\u306e\u4e88\u6e2c\uff1a\u8133\u6d3b\u52d5\u2015\u81ea\u5f8b\u795e\u7d4c\u6d3b\u52d5\u2015\u611f\u6027\u6307\u6a19\u306e\u30e2\u30c7\u30eb\u5316\u3068\u4eba\u5de5\u5b98\u80fd\u691c\u67fb\u6cd5\u306e\u63d0\u6848", "grant_category": "\u82e5\u624b\u7814\u7a76(B)", "fields": ["\u7dcf\u5408\u7cfb", "\u60c5\u5831\u5b66", "\u4eba\u9593\u60c5\u5831\u5b66", "\u611f\u6027\u60c5\u5831\u5b66"], "keywords": ["fMRI", "\u751f\u4f53\u4fe1\u53f7", "\u5302\u3044", "\u611f\u6027\u8a08\u6e2c\u8a55\u4fa1"], "budget": 4160000, "principal_investigator": {"affiliation": "\u5e83\u5cf6\u5927\u5b66", "name": "\u66fd \u667a", "researcher_id": "80724351"}}