{"url": "https://kaken.nii.ac.jp/ja/grant/KAKENHI-PROJECT-17K12785", "kaken_id": "17K12785", "project_name": "\u8a2a\u554f\u5730\u3078\u306e\u30e6\u30fc\u30b6\u306e\u77e5\u8b58\u91cf\u3092\u8003\u616e\u3057\u305f\uff0c\u6700\u9069\u306a\u8a8d\u77e5\u5ea6\u306e\u5834\u6240\u306e\u63a8\u85a6", "grant_category": "\u82e5\u624b\u7814\u7a76(B)", "fields": ["\u7dcf\u5408\u7cfb", "\u60c5\u5831\u5b66", "\u60c5\u5831\u5b66\u30d5\u30ed\u30f3\u30c6\u30a3\u30a2", "\u30a6\u30a7\u30d6\u60c5\u5831\u5b66\u30fb\u30b5\u30fc\u30d3\u30b9\u60c5\u5831\u5b66"], "keywords": [], "budget": 3250000, "principal_investigator": {"affiliation": "\u65e9\u7a32\u7530\u5927\u5b66", "name": "\u97d3 \u6b63\u572d", "researcher_id": "00558851"}}