{"url": "https://kaken.nii.ac.jp/ja/grant/KAKENHI-PROJECT-17K12736", "kaken_id": "17K12736", "project_name": "\u767a\u898b\u306b\u95a2\u3059\u308b\u7d71\u8a08\u7684\u4fdd\u8a3c\u306e\u3042\u308b\u30d1\u30bf\u30fc\u30f3\u30de\u30a4\u30cb\u30f3\u30b0", "grant_category": "\u82e5\u624b\u7814\u7a76(B)", "fields": ["\u7dcf\u5408\u7cfb", "\u60c5\u5831\u5b66", "\u4eba\u9593\u60c5\u5831\u5b66", "\u77e5\u80fd\u60c5\u5831\u5b66"], "keywords": ["\u6a5f\u68b0\u5b66\u7fd2", "\u7d71\u8a08\u6570\u5b66"], "budget": 4030000, "principal_investigator": {"affiliation": "\u6771\u4eac\u5927\u5b66", "name": "\u5c0f\u5bae\u5c71 \u7d14\u5e73", "researcher_id": "20780042"}}