{"url": "https://kaken.nii.ac.jp/ja/grant/KAKENHI-PROJECT-17K12710", "kaken_id": "17K12710", "project_name": "\u4e71\u629e\u30cf\u30a4\u30d1\u30fc\u30b9\u30da\u30af\u30c8\u30eb\u30a4\u30e1\u30fc\u30b8\u30f3\u30b0\u306e\u5275\u6210\u3068\u5fdc\u7528", "grant_category": "\u82e5\u624b\u7814\u7a76(B)", "fields": ["\u7dcf\u5408\u7cfb", "\u60c5\u5831\u5b66", "\u4eba\u9593\u60c5\u5831\u5b66", "\u77e5\u899a\u60c5\u5831\u51e6\u7406"], "keywords": ["\u30cf\u30a4\u30d1\u30fc\u30b9\u30da\u30af\u30c8\u30eb\u753b\u50cf", "\u4e71\u629e\u6700\u9069\u5316", "\u753b\u50cf\u5fa9\u5143"], "budget": 4160000, "principal_investigator": {"affiliation": "\u6771\u4eac\u5de5\u696d\u5927\u5b66", "name": "\u5c0f\u91ce \u5cfb\u4f51", "researcher_id": "60752269"}}