{"url": "https://kaken.nii.ac.jp/ja/grant/KAKENHI-PROJECT-17K17997", "kaken_id": "17K17997", "project_name": "\u81ea\u52d5\u8d70\u884c\u8eca\u4e21\u30b7\u30b9\u30c6\u30e0\u306e\u4f5c\u52d5\u72b6\u614b\u3092\u4eba\u306b\u4f1d\u3048\u308b\u305f\u3081\u306e\u30ed\u30dc\u30c3\u30c8\u30a2\u30af\u30b7\u30e7\u30f3", "grant_category": "\u82e5\u624b\u7814\u7a76(B)", "fields": ["\u7dcf\u5408\u7cfb", "\u60c5\u5831\u5b66", "\u4eba\u9593\u60c5\u5831\u5b66", "\u77e5\u80fd\u30ed\u30dc\u30c6\u30a3\u30af\u30b9", "\u7406\u5de5\u7cfb", "\u5de5\u5b66", "\u6a5f\u68b0\u5de5\u5b66", "\u77e5\u80fd\u6a5f\u68b0\u5b66\u30fb\u6a5f\u68b0\u30b7\u30b9\u30c6\u30e0"], "keywords": ["\u81ea\u52d5\u904b\u8ee2", "\u30ed\u30dc\u30c3\u30c8\u30a4\u30f3\u30bf\u30e9\u30af\u30b7\u30e7\u30f3", "\u77e5\u80fd\u30ed\u30dc\u30c6\u30a3\u30af\u30b9"], "budget": 3640000, "principal_investigator": {"affiliation": "\u5bcc\u5c71\u770c\u7acb\u5927\u5b66", "name": "\u5897\u7530 \u5bdb\u4e4b", "researcher_id": "50586336"}}