{"url": "https://kaken.nii.ac.jp/ja/grant/KAKENHI-PROJECT-17K18198", "kaken_id": "17K18198", "project_name": "\u30c8\u30ea\u30d7\u30eb\u30cd\u30ac\u30c6\u30a3\u30d6\u4e73\u764c\u306e\u4e88\u5f8c\u4e0d\u826f\u30d0\u30a4\u30aa\u30de\u30fc\u30ab\u30fc\u306e\u540c\u5b9a\u3068\u52b9\u679c\u7684\u6cbb\u7642\u6cd5\u306e\u78ba\u7acb", "grant_category": "\u82e5\u624b\u7814\u7a76(B)", "fields": ["\u7dcf\u5408\u7cfb", "\u60c5\u5831\u5b66", "\u60c5\u5831\u5b66\u30d5\u30ed\u30f3\u30c6\u30a3\u30a2", "\u751f\u547d\u30fb\u5065\u5eb7\u30fb\u533b\u7642\u60c5\u5831\u5b66", "\u751f\u7269\u7cfb", "\u7dcf\u5408\u751f\u7269", "\u816b\u760d\u5b66", "\u816b\u760d\u6cbb\u7642\u5b66"], "keywords": ["\u30d0\u30a4\u30aa\u30a4\u30f3\u30d5\u30a9\u30de\u30c6\u30a3\u30af\u30b9"], "budget": 4160000, "principal_investigator": {"affiliation": "\u8056\u30de\u30ea\u30a2\u30f3\u30ca\u533b\u79d1\u5927\u5b66", "name": "\u7686\u5ddd \u8cb4\u7f8e\u4e43", "researcher_id": "20793780"}}