{"url": "https://kaken.nii.ac.jp/ja/grant/KAKENHI-PROJECT-17K18204", "kaken_id": "17K18204", "project_name": "\u30de\u30eb\u30c1\u30e2\u30fc\u30c0\u30eb\u30fb\u30de\u30eb\u30c1\u30e6\u30fc\u30b9\u306b\u5bfe\u5fdc\u3057\u305f\u5b9f\u4e16\u754c\u30b3\u30f3\u30d4\u30e5\u30fc\u30c6\u30a3\u30f3\u30b0\u74b0\u5883\u306e\u69cb\u7bc9", "grant_category": "\u82e5\u624b\u7814\u7a76(B)", "fields": ["\u7dcf\u5408\u7cfb", "\u60c5\u5831\u5b66", "\u8a08\u7b97\u57fa\u76e4", "\u60c5\u5831\u30cd\u30c3\u30c8\u30ef\u30fc\u30af", "\u7dcf\u5408\u7cfb", "\u60c5\u5831\u5b66", "\u8a08\u7b97\u57fa\u76e4", "\u30bd\u30d5\u30c8\u30a6\u30a7\u30a2"], "keywords": ["\u60c5\u5831\u30b7\u30b9\u30c6\u30e0", "\u30e6\u30d3\u30ad\u30bf\u30b9\u30b3\u30f3\u30d4\u30e5\u30fc\u30c6\u30a3\u30f3\u30b0", "\u30de\u30eb\u30c1\u30e2\u30fc\u30c0\u30eb", "\u30de\u30eb\u30c1\u30e6\u30fc\u30b9", "\u30eb\u30fc\u30eb\u51e6\u7406"], "budget": 4160000, "principal_investigator": {"affiliation": "\u91d1\u6ca2\u5de5\u696d\u5927\u5b66", "name": "\u4f50\u91ce \u6e09\u4e8c", "researcher_id": "20638564"}}