{"url": "https://kaken.nii.ac.jp/ja/grant/KAKENHI-PROJECT-17K12672", "kaken_id": "17K12672", "project_name": "\u7121\u7dda\u8d85\u81e8\u5834\u611f\u30b7\u30b9\u30c6\u30e0\u5b9f\u73fe\u3092\u76ee\u6307\u3059\u9ad8\u54c1\u8cea\u7121\u7dda\u30b9\u30c8\u30ea\u30fc\u30df\u30f3\u30b0\u306b\u95a2\u3059\u308b\u57fa\u790e\u7814\u7a76", "grant_category": "\u82e5\u624b\u7814\u7a76(B)", "fields": ["\u7dcf\u5408\u7cfb", "\u60c5\u5831\u5b66", "\u8a08\u7b97\u57fa\u76e4", "\u60c5\u5831\u30cd\u30c3\u30c8\u30ef\u30fc\u30af"], "keywords": ["\u7121\u7dda\u8d85\u81e8\u5834\u611f\u30b7\u30b9\u30c6\u30e0", "\u6620\u50cf\u7b26\u53f7\u5316", "\u30cd\u30c3\u30c8\u30ef\u30fc\u30af"], "budget": 4030000, "principal_investigator": {"affiliation": "\u611b\u5a9b\u5927\u5b66", "name": "\u85e4\u6a4b \u5353\u4e5f", "researcher_id": "10785520"}}