{"url": "https://kaken.nii.ac.jp/ja/grant/KAKENHI-PROJECT-17K12792", "kaken_id": "17K12792", "project_name": "\u30b0\u30e9\u30d5\u69cb\u9020\u306b\u57fa\u3065\u304f\u51fa\u6765\u4e8b\u691c\u51fa\u306b\u95a2\u3059\u308b\u7814\u7a76", "grant_category": "\u82e5\u624b\u7814\u7a76(B)", "fields": ["\u7dcf\u5408\u7cfb", "\u60c5\u5831\u5b66", "\u60c5\u5831\u5b66\u30d5\u30ed\u30f3\u30c6\u30a3\u30a2", "\u56f3\u66f8\u9928\u60c5\u5831\u5b66\u30fb\u4eba\u6587\u793e\u4f1a\u60c5\u5831\u5b66"], "keywords": ["\u60c5\u5831\u691c\u7d22", "\u30d2\u30b9\u30c8\u30a4\u30f3\u30d5\u30a9\u30de\u30c6\u30a3\u30af\u30b9"], "budget": 2470000, "principal_investigator": {"affiliation": "\u6771\u4eac\u7406\u79d1\u5927\u5b66", "name": "\u6f84\u5ddd \u9756\u4fe1", "researcher_id": "70756303"}}