{"url": "https://kaken.nii.ac.jp/ja/grant/KAKENHI-PROJECT-17K12678", "kaken_id": "17K12678", "project_name": "\u60c5\u5831\u767a\u4fe1\u4e3b\u4f53\u306e\u64ec\u614b\u5316\u306b\u3088\u308b\u53c2\u52a0\u578b\u30bb\u30f3\u30b7\u30f3\u30b0\u624b\u6cd5", "grant_category": "\u82e5\u624b\u7814\u7a76(B)", "fields": ["\u7dcf\u5408\u7cfb", "\u60c5\u5831\u5b66", "\u8a08\u7b97\u57fa\u76e4", "\u60c5\u5831\u30cd\u30c3\u30c8\u30ef\u30fc\u30af"], "keywords": ["\u30a2\u30fc\u30d0\u30f3\u30b3\u30f3\u30d4\u30e5\u30fc\u30c6\u30a3\u30f3\u30b0", "\u30af\u30e9\u30a6\u30c9\u30bb\u30f3\u30b7\u30f3\u30b0", "\u30e6\u30fc\u30b6\u30a4\u30f3\u30bf\u30d5\u30a7\u30fc\u30b9"], "budget": 4030000, "principal_investigator": {"affiliation": "\u6176\u61c9\u7fa9\u587e\u5927\u5b66", "name": "\u7c73\u6fa4 \u62d3\u90ce", "researcher_id": "90596917"}}