{"url": "https://kaken.nii.ac.jp/ja/grant/KAKENHI-PROJECT-17K12737", "kaken_id": "17K12737", "project_name": "\u30aa\u30f3\u30e9\u30a4\u30f3\u93e1\u50cf\u964d\u4e0b\u6cd5\u306b\u57fa\u3065\u304f\u9ad8\u6b21\u5143\u5f37\u5316\u5b66\u7fd2\u30a2\u30eb\u30b4\u30ea\u30ba\u30e0\u306e\u69cb\u7bc9\u3068\u5fdc\u7528", "grant_category": "\u82e5\u624b\u7814\u7a76(B)", "fields": ["\u7dcf\u5408\u7cfb", "\u60c5\u5831\u5b66", "\u4eba\u9593\u60c5\u5831\u5b66", "\u77e5\u80fd\u60c5\u5831\u5b66"], "keywords": ["\u6a5f\u68b0\u5b66\u7fd2", "\u5f37\u5316\u5b66\u7fd2"], "budget": 4160000, "principal_investigator": {"affiliation": "\u6771\u4eac\u8fb2\u5de5\u5927\u5b66", "name": "\u77e2\u91ce \u53f2\u6717", "researcher_id": "90636789"}}