{"url": "https://kaken.nii.ac.jp/ja/grant/KAKENHI-PROJECT-17K12716", "kaken_id": "17K12716", "project_name": "\u30a6\u30a7\u30fc\u30d6\u30ec\u30c3\u30c8\u5909\u63db\u306e\u62e1\u5f35\u3068\u591a\u6b21\u5143\u30c7\u30fc\u30bf\u89e3\u6790\u3078\u306e\u5fdc\u7528", "grant_category": "\u82e5\u624b\u7814\u7a76(B)", "fields": ["\u7dcf\u5408\u7cfb", "\u60c5\u5831\u5b66", "\u4eba\u9593\u60c5\u5831\u5b66", "\u77e5\u899a\u60c5\u5831\u51e6\u7406"], "keywords": ["\u30a6\u30a7\u30fc\u30d6\u30ec\u30c3\u30c8", "\u4fe1\u53f7\u51e6\u7406", "\u753b\u50cf", "\u89e3\u6790\u5b66"], "budget": 4030000, "principal_investigator": {"affiliation": "\u6771\u6d77\u5927\u5b66", "name": "\u85e4\u30ce\u6728 \u5065\u4ecb", "researcher_id": "80613629"}}