{"url": "https://kaken.nii.ac.jp/ja/grant/KAKENHI-PROJECT-17K12726", "kaken_id": "17K12726", "project_name": "Gaze understanding in Optical-see-through Head-mounted Displays", "grant_category": "\u82e5\u624b\u7814\u7a76(B)", "fields": ["\u7dcf\u5408\u7cfb", "\u60c5\u5831\u5b66", "\u4eba\u9593\u60c5\u5831\u5b66", "\u30d2\u30e5\u30fc\u30de\u30f3\u30a4\u30f3\u30bf\u30d5\u30a7\u30fc\u30b9\u30fb\u30a4\u30f3\u30bf\u30e9\u30af\u30b7\u30e7\u30f3"], "keywords": ["\u30a6\u30a7\u30a2\u30e9\u30d6\u30eb\u6a5f\u5668"], "budget": 4160000, "principal_investigator": {"affiliation": "\u5948\u826f\u5148\u7aef\u79d1\u5b66\u6280\u8853\u5927\u5b66\u9662\u5927\u5b66", "name": "Plopski Alex", "researcher_id": "70780071"}}