{"url": "https://kaken.nii.ac.jp/ja/grant/KAKENHI-PROJECT-17K18096", "kaken_id": "17K18096", "project_name": "HS\u7269\u4f53\u8a8d\u8b58\u306e\u305f\u3081\u306e\u7a7a\u9593\uff5e\u6ce2\u9577\u7a7a\u9593\u306e\u4f4e\u6b21\u5143\u5316\u3068\u305d\u306e\u30ed\u30dc\u30c3\u30c8\u8996\u899a\u3078\u306e\u5b9f\u88c5", "grant_category": "\u82e5\u624b\u7814\u7a76(B)", "fields": ["\u7dcf\u5408\u7cfb", "\u60c5\u5831\u5b66", "\u4eba\u9593\u60c5\u5831\u5b66", "\u77e5\u899a\u60c5\u5831\u51e6\u7406", "\u7dcf\u5408\u7cfb", "\u60c5\u5831\u5b66", "\u4eba\u9593\u60c5\u5831\u5b66", "\u77e5\u80fd\u30ed\u30dc\u30c6\u30a3\u30af\u30b9"], "keywords": ["\u30cf\u30a4\u30d1\u30fc\u30b9\u30da\u30af\u30c8\u30eb"], "budget": 3510000, "principal_investigator": {"affiliation": "\u6176\u61c9\u7fa9\u587e\u5927\u5b66", "name": "\u5c0f\u7be0 \u88d5\u5b50", "researcher_id": "20782098"}}