{"url": "https://kaken.nii.ac.jp/ja/grant/KAKENHI-PROJECT-17K18235", "kaken_id": "17K18235", "project_name": "\u81ea\u5df1\u99c6\u52d5\u7c92\u5b50\u7cfb\u306b\u304a\u3051\u308b\u60c5\u5831\u4f1d\u64ad\u306b\u95a2\u3059\u308b\u7814\u7a76", "grant_category": "\u82e5\u624b\u7814\u7a76(B)", "fields": ["\u7dcf\u5408\u7cfb", "\u60c5\u5831\u5b66", "\u4eba\u9593\u60c5\u5831\u5b66", "\u30bd\u30d5\u30c8\u30b3\u30f3\u30d4\u30e5\u30fc\u30c6\u30a3\u30f3\u30b0", "\u7dcf\u5408\u7cfb", "\u60c5\u5831\u5b66", "\u4eba\u9593\u60c5\u5831\u5b66", "\u77e5\u80fd\u60c5\u5831\u5b66"], "keywords": ["\u30bd\u30d5\u30c8\u30b3\u30f3\u30d4\u30e5\u30fc\u30c6\u30a3\u30f3\u30b0"], "budget": 3250000, "principal_investigator": {"affiliation": "\u7acb\u547d\u9928\u5927\u5b66", "name": "\u5712\u7530 \u8015\u5e73", "researcher_id": "90638628"}}