{"url": "https://kaken.nii.ac.jp/ja/grant/KAKENHI-PROJECT-17K12741", "kaken_id": "17K12741", "project_name": "\u30c7\u30fc\u30bf\u30d9\u30fc\u30b9\u4e0a\u3067\u306e\u8868\u73fe\u5b66\u7fd2\u306b\u3088\u308b\u85ac\u7269\u95a2\u4fc2\u4e88\u6e2c", "grant_category": "\u82e5\u624b\u7814\u7a76(B)", "fields": ["\u7dcf\u5408\u7cfb", "\u60c5\u5831\u5b66", "\u4eba\u9593\u60c5\u5831\u5b66", "\u77e5\u80fd\u60c5\u5831\u5b66"], "keywords": ["\u8868\u73fe\u5b66\u7fd2", "\u8a00\u8a9e\u51e6\u7406", "\u85ac\u7269\u9593\u76f8\u4e92\u4f5c\u7528", "\u30c7\u30fc\u30bf\u30d9\u30fc\u30b9", "\u6df1\u5c64\u5b66\u7fd2"], "budget": 4160000, "principal_investigator": {"affiliation": "\u8c4a\u7530\u5de5\u696d\u5927\u5b66", "name": "\u4e09\u8f2a \u8aa0", "researcher_id": "00529646"}}