{"url": "https://kaken.nii.ac.jp/ja/grant/KAKENHI-PROJECT-17K12673", "kaken_id": "17K12673", "project_name": "\u5927\u898f\u6a21\u707d\u5bb3\u6642\u306b\u304a\u3051\u308b\u60c5\u5831\u53ce\u96c6\u30fb\u4f1d\u9054\u306e\u305f\u3081\u306e\u81ea\u5f8b\u79fb\u52d5\u578b\u30bb\u30f3\u30b5\u7aef\u672b\u306e\u52d5\u4f5c\u5236\u5fa1", "grant_category": "\u82e5\u624b\u7814\u7a76(B)", "fields": ["\u7dcf\u5408\u7cfb", "\u60c5\u5831\u5b66", "\u8a08\u7b97\u57fa\u76e4", "\u60c5\u5831\u30cd\u30c3\u30c8\u30ef\u30fc\u30af"], "keywords": ["\u60c5\u5831\u53ce\u96c6\u30fb\u4f1d\u9054", "\u30bb\u30f3\u30b5\u30cd\u30c3\u30c8\u30ef\u30fc\u30af", "\u5354\u8abf\u52d5\u4f5c", "\u81ea\u5f8b\u79fb\u52d5\u578b\u30bb\u30f3\u30b5\u7aef\u672b"], "budget": 3900000, "principal_investigator": {"affiliation": "\u5cf6\u6839\u5927\u5b66", "name": "\u795e\u5d0e \u6620\u5149", "researcher_id": "80403038"}}