{"url": "https://kaken.nii.ac.jp/ja/grant/KAKENHI-PROJECT-17K12757", "kaken_id": "17K12757", "project_name": "Dynamic braking of omni-wheel rollers for dual robot cooperative task execution", "grant_category": "\u82e5\u624b\u7814\u7a76(B)", "fields": ["\u7dcf\u5408\u7cfb", "\u60c5\u5831\u5b66", "\u4eba\u9593\u60c5\u5831\u5b66", "\u77e5\u80fd\u30ed\u30dc\u30c6\u30a3\u30af\u30b9"], "keywords": ["Omni-wheel"], "budget": 4160000, "principal_investigator": {"affiliation": "\u798f\u5cf6\u5927\u5b66", "name": "CANETE LUIS", "researcher_id": "80795708"}}