{"url": "https://kaken.nii.ac.jp/ja/grant/KAKENHI-PROJECT-17K18327", "kaken_id": "17K18327", "project_name": "\u6295\u7403\u52d5\u4f5c\u89e3\u6790\u8a55\u4fa1\u7528\u7b4b\u9aa8\u683c\u30e2\u30c7\u30eb\u306e\u69cb\u7bc9\u306b\u95a2\u3059\u308b\u7814\u7a76", "grant_category": "\u82e5\u624b\u7814\u7a76(B)", "fields": ["\u7dcf\u5408\u7cfb", "\u8907\u5408\u9818\u57df", "\u5065\u5eb7\u30fb\u30b9\u30dd\u30fc\u30c4\u79d1\u5b66", "\u30b9\u30dd\u30fc\u30c4\u79d1\u5b66", "\u7dcf\u5408\u7cfb", "\u60c5\u5831\u5b66", "\u4eba\u9593\u60c5\u5831\u5b66", "\u77e5\u899a\u60c5\u5831\u51e6\u7406"], "keywords": ["\u751f\u7269\u30fb\u751f\u4f53\u5de5\u5b66", "\u6295\u7403\u52d5\u4f5c", "\u89e3\u6790\u30fb\u8a55\u4fa1", "\u4e0a\u80a2\u7b4b\u9aa8\u683c\u30e2\u30c7\u30eb"], "budget": 4420000, "principal_investigator": {"affiliation": "\u718a\u672c\u9ad8\u7b49\u5c02\u9580\u5b66\u6821", "name": "\u91ce\u5c3b \u7d18\u8056", "researcher_id": "80435487"}}