{"url": "https://kaken.nii.ac.jp/ja/grant/KAKENHI-PROJECT-17K12771", "kaken_id": "17K12771", "project_name": "\u591a\u69d8\u306a\u611f\u899a\u523a\u6fc0\u306b\u5bfe\u3059\u308b\u5370\u8c61\u306e\u30d6\u30ec\u30a4\u30f3\u30fb\u30c7\u30b3\u30fc\u30c7\u30a3\u30f3\u30b0", "grant_category": "\u82e5\u624b\u7814\u7a76(B)", "fields": ["\u7dcf\u5408\u7cfb", "\u60c5\u5831\u5b66", "\u4eba\u9593\u60c5\u5831\u5b66", "\u611f\u6027\u60c5\u5831\u5b66"], "keywords": ["fMRI", "\u5370\u8c61", "\u611f\u6027\u60c5\u5831\u5b66", "\u30c7\u30b3\u30fc\u30c7\u30a3\u30f3\u30b0"], "budget": 4290000, "principal_investigator": {"affiliation": "\u682a\u5f0f\u4f1a\u793e\u56fd\u969b\u96fb\u6c17\u901a\u4fe1\u57fa\u790e\u6280\u8853\u7814\u7a76\u6240", "name": "\u5800\u5ddd \u53cb\u6148", "researcher_id": "60721876"}}