{"url": "https://kaken.nii.ac.jp/ja/grant/KAKENHI-PROJECT-17K12659", "kaken_id": "17K12659", "project_name": "\u4e00\u822c\u540c\u671f\u5f0f\u56de\u8def\u306b\u304a\u3051\u308b\u6295\u6a5f\u5b9f\u884c\u3092\u5229\u7528\u3057\u305f\u67d4\u8edf\u306a\u8fd1\u4f3c\u6f14\u7b97\u56de\u8def\u8a2d\u8a08\u6280\u8853", "grant_category": "\u82e5\u624b\u7814\u7a76(B)", "fields": ["\u7dcf\u5408\u7cfb", "\u60c5\u5831\u5b66", "\u8a08\u7b97\u57fa\u76e4", "\u8a08\u7b97\u6a5f\u30b7\u30b9\u30c6\u30e0"], "keywords": ["\u6295\u6a5f\u5b9f\u884c", "\u56de\u8def\u8a2d\u8a08", "\u8fd1\u4f3c\u6f14\u7b97"], "budget": 3900000, "principal_investigator": {"affiliation": "\u6771\u4eac\u5de5\u696d\u5927\u5b66", "name": "\u4f50\u85e4 \u771f\u5e73", "researcher_id": "80782763"}}