{"url": "https://kaken.nii.ac.jp/ja/grant/KAKENHI-PROJECT-17K12690", "kaken_id": "17K12690", "project_name": "\u8907\u7d20\u30e2\u30fc\u30e1\u30f3\u30c8\u578b\u8d85\u4e26\u5217\u56fa\u6709\u5024\u89e3\u6790\u624b\u6cd5\u306b\u5bfe\u3059\u308b\u6570\u7406\u7684\u8010\u969c\u5bb3\u6280\u8853\u306e\u958b\u767a", "grant_category": "\u82e5\u624b\u7814\u7a76(B)", "fields": ["\u7dcf\u5408\u7cfb", "\u60c5\u5831\u5b66", "\u8a08\u7b97\u57fa\u76e4", "\u9ad8\u6027\u80fd\u8a08\u7b97"], "keywords": ["\u6570\u5024\u89e3\u6790", "\u8010\u969c\u5bb3\u6280\u8853", "\u9ad8\u6027\u80fd\u8a08\u7b97"], "budget": 4030000, "principal_investigator": {"affiliation": "\u7b51\u6ce2\u5927\u5b66", "name": "\u4eca\u5009 \u6681", "researcher_id": "60610045"}}