{"url": "https://kaken.nii.ac.jp/ja/grant/KAKENHI-PROJECT-17K17755", "kaken_id": "17K17755", "project_name": "\u6587\u7406\u89e3\u306b\u304a\u3051\u308b\u300c\u4e88\u6e2c\u300d\u306e\u50cd\u304d\uff1a\u8a8d\u77e5\u80fd\u529b\u306e\u500b\u4eba\u5dee\u3068\u6bcd\u8a9e\u30fb\u975e\u6bcd\u8a9e\u306e\u5dee\u7570\u306b\u6ce8\u76ee\u3057\u305f\u7814\u7a76", "grant_category": "\u82e5\u624b\u7814\u7a76(B)", "fields": ["\u4eba\u6587\u793e\u4f1a\u7cfb", "\u4eba\u6587\u5b66", "\u8a00\u8a9e\u5b66", "\u8a00\u8a9e\u5b66", "\u7dcf\u5408\u7cfb", "\u60c5\u5831\u5b66", "\u4eba\u9593\u60c5\u5831\u5b66", "\u8a8d\u77e5\u79d1\u5b66"], "keywords": ["\u5fc3\u7406\u8a00\u8a9e\u5b66", "\u6587\u7406\u89e3", "\u4e88\u6e2c"], "budget": 3640000, "principal_investigator": {"affiliation": "\u91d1\u6ca2\u5927\u5b66", "name": "\u5b89\u6c38 \u5927\u5730", "researcher_id": "00707979"}}