{"url": "https://kaken.nii.ac.jp/ja/grant/KAKENHI-PROJECT-17K12675", "kaken_id": "17K12675", "project_name": "\u707d\u5bb3\u5fa9\u65e7\u30af\u30e9\u30a6\u30c9\u30bd\u30fc\u30b7\u30f3\u30b0\u306b\u304a\u3051\u308b\u5206\u6563\u578b\u30bf\u30b9\u30af\u30eb\u30fc\u30c6\u30a3\u30f3\u30b0\u306b\u95a2\u3059\u308b\u7814\u7a76", "grant_category": "\u82e5\u624b\u7814\u7a76(B)", "fields": ["\u7dcf\u5408\u7cfb", "\u60c5\u5831\u5b66", "\u8a08\u7b97\u57fa\u76e4", "\u60c5\u5831\u30cd\u30c3\u30c8\u30ef\u30fc\u30af"], "keywords": ["\u9045\u5ef6\u8010\u6027\u30cd\u30c3\u30c8\u30ef\u30fc\u30af", "\u707d\u5bb3\u5fa9\u65e7", "\u30af\u30e9\u30a6\u30c9\u30bd\u30fc\u30b7\u30f3\u30b0"], "budget": 4030000, "principal_investigator": {"affiliation": "\u9996\u90fd\u5927\u5b66\u6771\u4eac", "name": "\u9152\u4e95 \u548c\u54c9", "researcher_id": "80730746"}}