{"url": "https://kaken.nii.ac.jp/ja/grant/KAKENHI-PROJECT-17K12711", "kaken_id": "17K12711", "project_name": "\u30ac\u30a6\u30b9\u904e\u7a0b\u6f5c\u5728\u5909\u6570\u30e2\u30c7\u30eb\u3092\u7528\u3044\u305f\u97fb\u5f8b\u306e\u5206\u6563\u8868\u73fe", "grant_category": "\u82e5\u624b\u7814\u7a76(B)", "fields": ["\u7dcf\u5408\u7cfb", "\u60c5\u5831\u5b66", "\u4eba\u9593\u60c5\u5831\u5b66", "\u77e5\u899a\u60c5\u5831\u51e6\u7406"], "keywords": ["\u97f3\u58f0\u60c5\u5831\u51e6\u7406"], "budget": 4160000, "principal_investigator": {"affiliation": "\u6771\u4eac\u5de5\u696d\u5927\u5b66", "name": "\u90e1\u5c71 \u77e5\u6a39", "researcher_id": "50749124"}}