{"url": "https://kaken.nii.ac.jp/ja/grant/KAKENHI-PROJECT-17K12679", "kaken_id": "17K12679", "project_name": "\u52a3\u901a\u4fe1\u74b0\u5883\u306b\u304a\u3051\u308b\u653b\u6483\u8010\u6027\u3092\u5099\u3048\u305f\u9ad8\u4fe1\u983c\u901a\u4fe1\u30b7\u30b9\u30c6\u30e0\u306e\u69cb\u7bc9", "grant_category": "\u82e5\u624b\u7814\u7a76(B)", "fields": ["\u7dcf\u5408\u7cfb", "\u60c5\u5831\u5b66", "\u8a08\u7b97\u57fa\u76e4", "\u60c5\u5831\u30cd\u30c3\u30c8\u30ef\u30fc\u30af"], "keywords": ["\u52a3\u901a\u4fe1\u74b0\u5883", "\u84c4\u7a4d\u904b\u642c\u8ee2\u9001", "\u30bb\u30ad\u30e5\u30ea\u30c6\u30a3\u6280\u8853"], "budget": 4030000, "principal_investigator": {"affiliation": "\u6771\u4eac\u7406\u79d1\u5927\u5b66", "name": "\u6728\u6751 \u5171\u5b5d", "researcher_id": "20756382"}}