{"url": "https://kaken.nii.ac.jp/ja/grant/KAKENHI-PROJECT-17K12805", "kaken_id": "17K12805", "project_name": "\u4e3b\u4f53\u7684\u306a\u5b66\u3073\u3092\u52a0\u901f\u3057e\u30dd\u30fc\u30c8\u30d5\u30a9\u30ea\u30aa\u3068\u9023\u643a\u53ef\u80fd\u306a\u30eb\u30fc\u30d6\u30ea\u30c3\u30af\u5171\u6709\u30b5\u30a4\u30c8\u306e\u69cb\u7bc9", "grant_category": "\u82e5\u624b\u7814\u7a76(B)", "fields": ["\u7dcf\u5408\u7cfb", "\u60c5\u5831\u5b66", "\u60c5\u5831\u5b66\u30d5\u30ed\u30f3\u30c6\u30a3\u30a2", "\u5b66\u7fd2\u652f\u63f4\u30b7\u30b9\u30c6\u30e0"], "keywords": ["\u30ea\u30dd\u30b8\u30c8\u30ea", "e\u30dd\u30fc\u30c8\u30d5\u30a9\u30ea\u30aa", "\u6559\u80b2\u5de5\u5b66", "\u30eb\u30fc\u30d6\u30ea\u30c3\u30af"], "budget": 4030000, "principal_investigator": {"affiliation": "\u757f\u592e\u5927\u5b66", "name": "\u5bae\u5d0e \u8aa0", "researcher_id": "60613065"}}