{"url": "https://kaken.nii.ac.jp/ja/grant/KAKENHI-PROJECT-17K12747", "kaken_id": "17K12747", "project_name": "Recognizing Phrasal Entailments using Image Groundings", "grant_category": "\u82e5\u624b\u7814\u7a76(B)", "fields": ["\u7dcf\u5408\u7cfb", "\u60c5\u5831\u5b66", "\u4eba\u9593\u60c5\u5831\u5b66", "\u77e5\u80fd\u60c5\u5831\u5b66"], "keywords": ["RTE", "Image grounding", "Lexical semantics", "NLP"], "budget": 4160000, "principal_investigator": {"affiliation": "\u56fd\u7acb\u7814\u7a76\u958b\u767a\u6cd5\u4eba\u7523\u696d\u6280\u8853\u7dcf\u5408\u7814\u7a76\u6240", "name": "\u97d3 \u4e39", "researcher_id": "40789541"}}