{"url": "https://kaken.nii.ac.jp/ja/grant/KAKENHI-PROJECT-17K12662", "kaken_id": "17K12662", "project_name": "\u30e1\u30c3\u30bb\u30fc\u30b8\u306e\u5230\u9054\u6027\u3092\u4fdd\u8a3c\u3057\u306a\u3044\u901a\u4fe1\u74b0\u5883\u306b\u304a\u3051\u308b\u30bb\u30c3\u30b7\u30e7\u30f3\u578b\u4ed8\u304d\u30d7\u30ed\u30b0\u30e9\u30df\u30f3\u30b0", "grant_category": "\u82e5\u624b\u7814\u7a76(B)", "fields": ["\u7dcf\u5408\u7cfb", "\u60c5\u5831\u5b66", "\u8a08\u7b97\u57fa\u76e4", "\u30bd\u30d5\u30c8\u30a6\u30a7\u30a2"], "keywords": ["\u4e26\u884c\u8a08\u7b97", "\u30bb\u30c3\u30b7\u30e7\u30f3\u578b", "\u95a2\u6570\u578b\u30d7\u30ed\u30b0\u30e9\u30df\u30f3\u30b0", "\u30d7\u30ed\u30c8\u30b3\u30eb", "\u578b\u7406\u8ad6"], "budget": 4030000, "principal_investigator": {"affiliation": "\u5c90\u961c\u5927\u5b66", "name": "\u4eca\u4e95 \u656c\u543e", "researcher_id": "70456630"}}