{"url": "https://kaken.nii.ac.jp/ja/grant/KAKENHI-PROJECT-17K12674", "kaken_id": "17K12674", "project_name": "\u6b21\u4e16\u4ee3\u7121\u7ddaLAN\u306e\u5b9f\u7528\u5316\u306b\u5bfe\u3059\u308b\u691c\u8a3c\u3068\u30c1\u30e3\u30cd\u30eb\u5229\u7528\u72b6\u6cc1\u3092\u7528\u3044\u305f\u6027\u80fd\u6539\u5584\u624b\u6cd5\u306e\u7814\u7a76", "grant_category": "\u82e5\u624b\u7814\u7a76(B)", "fields": ["\u7dcf\u5408\u7cfb", "\u60c5\u5831\u5b66", "\u8a08\u7b97\u57fa\u76e4", "\u60c5\u5831\u30cd\u30c3\u30c8\u30ef\u30fc\u30af"], "keywords": ["\u7121\u7ddaLAN", "\u30c1\u30e3\u30cd\u30eb\u5272\u5f53", "\u30cd\u30c3\u30c8\u30ef\u30fc\u30af", "\u30ec\u30fc\u30c8\u5236\u5fa1"], "budget": 4030000, "principal_investigator": {"affiliation": "\u4e5d\u5dde\u5de5\u696d\u5927\u5b66", "name": "\u91ce\u6797 \u5927\u8d77", "researcher_id": "40632906"}}