{"url": "https://kaken.nii.ac.jp/ja/grant/KAKENHI-PROJECT-17K12720", "kaken_id": "17K12720", "project_name": "Harnessing Latent Variation in DNN-Based Speech Synthesis", "grant_category": "\u82e5\u624b\u7814\u7a76(B)", "fields": ["\u7dcf\u5408\u7cfb", "\u60c5\u5831\u5b66", "\u4eba\u9593\u60c5\u5831\u5b66", "\u77e5\u899a\u60c5\u5831\u51e6\u7406"], "keywords": ["\u97f3\u58f0\u5408\u6210", "\u30c7\u30a3\u30fc\u30d7\u30e9\u30fc\u30cb\u30f3\u30b0", "\u5236\u5fa1", "\u6f5c\u5728\u5909\u6570"], "budget": 3250000, "principal_investigator": {"affiliation": "\u56fd\u7acb\u60c5\u5831\u5b66\u7814\u7a76\u6240", "name": "Henter Gustav", "researcher_id": "30793096"}}