{"url": "https://kaken.nii.ac.jp/ja/grant/KAKENHI-PROJECT-17K12750", "kaken_id": "17K12750", "project_name": "\u591a\u76ee\u7684\u9032\u5316\u8a08\u7b97\u306e\u6700\u9069\u306a\u30a2\u30eb\u30b4\u30ea\u30ba\u30e0\u30de\u30c3\u30d7\u69cb\u7bc9\u3068\u672a\u77e5\u554f\u984c\u3078\u306e\u5c55\u958b", "grant_category": "\u82e5\u624b\u7814\u7a76(B)", "fields": ["\u7dcf\u5408\u7cfb", "\u60c5\u5831\u5b66", "\u4eba\u9593\u60c5\u5831\u5b66", "\u30bd\u30d5\u30c8\u30b3\u30f3\u30d4\u30e5\u30fc\u30c6\u30a3\u30f3\u30b0"], "keywords": ["\u30bd\u30d5\u30c8\u30b3\u30f3\u30d4\u30e5\u30fc\u30c6\u30a3\u30f3\u30b0"], "budget": 4160000, "principal_investigator": {"affiliation": "\u96fb\u6c17\u901a\u4fe1\u5927\u5b66", "name": "\u4f50\u85e4 \u5bdb\u4e4b", "researcher_id": "60550978"}}