{"url": "https://kaken.nii.ac.jp/ja/grant/KAKENHI-PROJECT-17K12653", "kaken_id": "17K12653", "project_name": "\u8ee2\u79fb\u5b66\u7fd2\u306e\u7406\u8ad6\u7684\u89e3\u6790\u3068\u305d\u306e\u5fdc\u7528", "grant_category": "\u82e5\u624b\u7814\u7a76(B)", "fields": ["\u7dcf\u5408\u7cfb", "\u60c5\u5831\u5b66", "\u60c5\u5831\u5b66\u57fa\u790e", "\u7d71\u8a08\u79d1\u5b66"], "keywords": ["\u6c4e\u5316\u8aa4\u5dee", "\u8ee2\u79fb\u5b66\u7fd2", "\u6a5f\u68b0\u5b66\u7fd2"], "budget": 4030000, "principal_investigator": {"affiliation": "\u56fd\u7acb\u7814\u7a76\u958b\u767a\u6cd5\u4eba\u7406\u5316\u5b66\u7814\u7a76\u6240", "name": "\u718a\u8c37 \u4e98", "researcher_id": "20747167"}}