{"url": "https://kaken.nii.ac.jp/ja/grant/KAKENHI-PROJECT-17K12655", "kaken_id": "17K12655", "project_name": "Large Scale Regularized Regression with Multi-way Array Data", "grant_category": "\u82e5\u624b\u7814\u7a76(B)", "fields": ["\u7dcf\u5408\u7cfb", "\u60c5\u5831\u5b66", "\u60c5\u5831\u5b66\u57fa\u790e", "\u7d71\u8a08\u79d1\u5b66"], "keywords": [], "budget": 3250000, "principal_investigator": {"affiliation": "\u56fd\u7acb\u7814\u7a76\u958b\u767a\u6cd5\u4eba\u7406\u5316\u5b66\u7814\u7a76\u6240", "name": "LEE NAMGIL", "researcher_id": "20717574"}}