{"url": "https://kaken.nii.ac.jp/ja/grant/KAKENHI-PROJECT-17K12777", "kaken_id": "17K12777", "project_name": "\u5e79\u7d30\u80de\u30d0\u30f3\u30af\u30cd\u30c3\u30c8\u30ef\u30fc\u30af\u69cb\u7bc9\u3068\u7d71\u5408\u60c5\u5831\u691c\u7d22\u30b7\u30b9\u30c6\u30e0\u306e\u958b\u767a", "grant_category": "\u82e5\u624b\u7814\u7a76(B)", "fields": ["\u7dcf\u5408\u7cfb", "\u60c5\u5831\u5b66", "\u60c5\u5831\u5b66\u30d5\u30ed\u30f3\u30c6\u30a3\u30a2", "\u751f\u547d\u30fb\u5065\u5eb7\u30fb\u533b\u7642\u60c5\u5831\u5b66"], "keywords": ["\u5e79\u7d30\u80de\u30d0\u30f3\u30af\u30cd\u30c3\u30c8\u30ef\u30fc\u30af", "\u30c7\u30fc\u30bf\u30d9\u30fc\u30b9", "\u30d0\u30a4\u30aa\u30a4\u30f3\u30d5\u30a9\u30de\u30c6\u30a3\u30af\u30b9"], "budget": 4030000, "principal_investigator": {"affiliation": "\u4eac\u90fd\u5927\u5b66", "name": "\u685c\u4e95 \u90fd\u8863", "researcher_id": "40795879"}}