{"url": "https://kaken.nii.ac.jp/ja/grant/KAKENHI-PROJECT-17K12803", "kaken_id": "17K12803", "project_name": "\u30e2\u30c7\u30eb\u30d9\u30fc\u30b9\u958b\u767a\uff08MBD\uff09\u30a2\u30d7\u30ed\u30fc\u30c1\u306b\u3088\u308b\u9069\u5fdc\u5b66\u7fd2\u652f\u63f4\u30b7\u30b9\u30c6\u30e0\u306e\u958b\u767a", "grant_category": "\u82e5\u624b\u7814\u7a76(B)", "fields": ["\u7dcf\u5408\u7cfb", "\u60c5\u5831\u5b66", "\u60c5\u5831\u5b66\u30d5\u30ed\u30f3\u30c6\u30a3\u30a2", "\u5b66\u7fd2\u652f\u63f4\u30b7\u30b9\u30c6\u30e0"], "keywords": ["\u77e5\u7684\u5b66\u7fd2\u652f\u63f4\u30b7\u30b9\u30c6\u30e0", "\u30c7\u30fc\u30bf\u30d9\u30fc\u30b9", "\u30e2\u30c7\u30eb\u30d9\u30fc\u30b9\u958b\u767a", "\u5236\u5fa1\u5de5\u5b66"], "budget": 4160000, "principal_investigator": {"affiliation": "\u5e83\u5cf6\u5927\u5b66", "name": "\u8107\u8c37 \u4f38", "researcher_id": "00728818"}}