{"url": "https://kaken.nii.ac.jp/ja/grant/KAKENHI-PROJECT-17K12756", "kaken_id": "17K12756", "project_name": "\u707d\u5bb3\u73fe\u5834\u306b\u304a\u3051\u308b\u52b9\u7387\u7684\u306a\u4e0d\u6574\u5730\u8e0f\u7834\u30ed\u30dc\u30c3\u30c8\u306e\u958b\u767a\u306b\u5411\u3051\u305f\u9032\u5316\u30bd\u30d5\u30c8\u30ed\u30dc\u30c6\u30a3\u30af\u30b9", "grant_category": "\u82e5\u624b\u7814\u7a76(B)", "fields": ["\u7dcf\u5408\u7cfb", "\u60c5\u5831\u5b66", "\u4eba\u9593\u60c5\u5831\u5b66", "\u77e5\u80fd\u30ed\u30dc\u30c6\u30a3\u30af\u30b9"], "keywords": ["\u707d\u5bb3\u30ed\u30dc\u30c6\u30a3\u30af\u30b9", "\u6a5f\u68b0\u5b66\u7fd2", "\u9032\u5316\u30ed\u30dc\u30c6\u30a3\u30af\u30b9", "3D\u30d7\u30ea\u30f3\u30c8", "\u30bd\u30d5\u30c8\u30ed\u30dc\u30c6\u30a3\u30af\u30b9"], "budget": 3250000, "principal_investigator": {"affiliation": "\u4f1a\u6d25\u5927\u5b66", "name": "\u5c0f\u5ddd \u7d14", "researcher_id": "20773724"}}