{"url": "https://kaken.nii.ac.jp/ja/grant/KAKENHI-PROJECT-17K18116", "kaken_id": "17K18116", "project_name": "\u30a8\u30d4\u30bd\u30fc\u30c9\u8a18\u61b6\u306b\u304a\u3051\u308b\u5831\u916c\u3078\u306e\u9078\u629e\u7684\u6ce8\u610f\u3068\u5206\u5272\u7684\u6ce8\u610f\u306e\u7af6\u5408\u306e\u8133\u5185\u30e1\u30ab\u30cb\u30ba\u30e0", "grant_category": "\u82e5\u624b\u7814\u7a76(B)", "fields": ["\u4eba\u6587\u793e\u4f1a\u7cfb", "\u793e\u4f1a\u79d1\u5b66", "\u5fc3\u7406\u5b66", "\u5b9f\u9a13\u5fc3\u7406\u5b66", "\u7dcf\u5408\u7cfb", "\u60c5\u5831\u5b66", "\u4eba\u9593\u60c5\u5831\u5b66", "\u8a8d\u77e5\u79d1\u5b66"], "keywords": ["\u8a8d\u77e5\u5fc3\u7406\u5b66", "\u8133\u30fb\u795e\u7d4c", "\u795e\u7d4c\u79d1\u5b66"], "budget": 4160000, "principal_investigator": {"affiliation": "\u4e2d\u592e\u5927\u5b66", "name": "\u91cd\u5b97 \u5f25\u751f", "researcher_id": "70547273"}}