{"url": "https://kaken.nii.ac.jp/ja/grant/KAKENHI-PROJECT-17K12760", "kaken_id": "17K12760", "project_name": "SS\u8d85\u97f3\u6ce2\u3092\u7528\u3044\u305f\u4eba\u30fb\u30ed\u30dc\u30c3\u30c8\u306e\u5c4b\u5185\u4f4d\u7f6e\u60c5\u5831\u8a08\u6e2c\u30fb\u84c4\u7a4d\u30b7\u30b9\u30c6\u30e0", "grant_category": "\u82e5\u624b\u7814\u7a76(B)", "fields": ["\u7dcf\u5408\u7cfb", "\u60c5\u5831\u5b66", "\u4eba\u9593\u60c5\u5831\u5b66", "\u77e5\u80fd\u30ed\u30dc\u30c6\u30a3\u30af\u30b9"], "keywords": ["\u8a08\u6e2c\u5de5\u5b66"], "budget": 2990000, "principal_investigator": {"affiliation": "\u5ca9\u624b\u770c\u7acb\u5927\u5b66", "name": "\u9234\u6728 \u5f70\u771f", "researcher_id": "10609423"}}