{"url": "https://kaken.nii.ac.jp/ja/grant/KAKENHI-PROJECT-17K18075", "kaken_id": "17K18075", "project_name": "Pedagogical Agent\u3092\u5229\u7528\u3057\u305fMOOC\u306e\u69cb\u7bc9", "grant_category": "\u82e5\u624b\u7814\u7a76(B)", "fields": ["\u7dcf\u5408\u7cfb", "\u8907\u5408\u9818\u57df", "\u79d1\u5b66\u6559\u80b2\u30fb\u6559\u80b2\u5de5\u5b66", "\u6559\u80b2\u5de5\u5b66", "\u7dcf\u5408\u7cfb", "\u60c5\u5831\u5b66", "\u4eba\u9593\u60c5\u5831\u5b66", "\u77e5\u80fd\u60c5\u5831\u5b66"], "keywords": ["IDML", "\u30b8\u30a7\u30b9\u30c1\u30e3\u81ea\u52d5\u751f\u6210", "Pedagogical Agent", "MOOC"], "budget": 4290000, "principal_investigator": {"affiliation": "\u9752\u5c71\u5b66\u9662\u5927\u5b66", "name": "\u9577\u8c37\u5ddd \u5927", "researcher_id": "30633268"}}