{"url": "https://kaken.nii.ac.jp/ja/grant/KAKENHI-PROJECT-17K12751", "kaken_id": "17K12751", "project_name": "Improving evolutionary algorithms from population structures and interaction networks", "grant_category": "\u82e5\u624b\u7814\u7a76(B)", "fields": ["\u7dcf\u5408\u7cfb", "\u60c5\u5831\u5b66", "\u4eba\u9593\u60c5\u5831\u5b66", "\u30bd\u30d5\u30c8\u30b3\u30f3\u30d4\u30e5\u30fc\u30c6\u30a3\u30f3\u30b0"], "keywords": ["\u30a2\u30eb\u30b4\u30ea\u30ba\u30e0", "\u4eba\u5de5\u77e5\u80fd"], "budget": 4160000, "principal_investigator": {"affiliation": "\u5bcc\u5c71\u5927\u5b66", "name": "\u9ad8 \u5c1a\u7b56", "researcher_id": "60734572"}}