{"url": "https://kaken.nii.ac.jp/ja/grant/KAKENHI-PROJECT-17K12681", "kaken_id": "17K12681", "project_name": "\u7121\u7dda\u901a\u4fe1\u54c1\u8cea\u4e88\u6e2c\u3092\u6d3b\u7528\u3057\u305f\u9ad8\u901f\u304b\u3064\u7701\u96fb\u529b\u306a\u30b3\u30f3\u30c6\u30f3\u30c4\u914d\u4fe1\u624b\u6cd5", "grant_category": "\u82e5\u624b\u7814\u7a76(B)", "fields": ["\u7dcf\u5408\u7cfb", "\u60c5\u5831\u5b66", "\u8a08\u7b97\u57fa\u76e4", "\u60c5\u5831\u30cd\u30c3\u30c8\u30ef\u30fc\u30af"], "keywords": ["\u30de\u30eb\u30c1\u30e1\u30c7\u30a3\u30a2\u901a\u4fe1", "\u30e2\u30d0\u30a4\u30eb\u30cd\u30c3\u30c8\u30ef\u30fc\u30af"], "budget": 4160000, "principal_investigator": {"affiliation": "\u65e9\u7a32\u7530\u5927\u5b66", "name": "\u91d1\u4e95 \u8b19\u6cbb", "researcher_id": "40732160"}}