{"url": "https://kaken.nii.ac.jp/ja/grant/KAKENHI-PROJECT-17K18331", "kaken_id": "17K18331", "project_name": "\u4eee\u60f3\u73fe\u5b9f\u74b0\u5883\u3092\u6d3b\u7528\u3057\u305f\u30ed\u30dc\u30c3\u30c8\u306e\u6587\u8108\u6982\u5ff5\u7372\u5f97\u304a\u3088\u3073\u305d\u306e\u5fdc\u7528", "grant_category": "\u82e5\u624b\u7814\u7a76(B)", "fields": ["\u7dcf\u5408\u7cfb", "\u60c5\u5831\u5b66", "\u4eba\u9593\u60c5\u5831\u5b66", "\u77e5\u80fd\u30ed\u30dc\u30c6\u30a3\u30af\u30b9", "\u7dcf\u5408\u7cfb", "\u60c5\u5831\u5b66", "\u4eba\u9593\u60c5\u5831\u5b66", "\u77e5\u80fd\u60c5\u5831\u5b66"], "keywords": ["Virtual Reality", "\u77e5\u80fd\u30ed\u30dc\u30c6\u30a3\u30af\u30b9", "\u884c\u52d5\u6c7a\u5b9a", "\u6982\u5ff5\u7372\u5f97", "Human-Robot Interaction"], "budget": 2080000, "principal_investigator": {"affiliation": "\u56fd\u7acb\u60c5\u5831\u5b66\u7814\u7a76\u6240", "name": "\u5742\u6238 \u9054\u967d", "researcher_id": "10780679"}}