{"url": "https://kaken.nii.ac.jp/ja/grant/KAKENHI-PROJECT-17K12680", "kaken_id": "17K12680", "project_name": "\u30a2\u30c9\u30db\u30c3\u30af\u30cd\u30c3\u30c8\u30ef\u30fc\u30af\u306b\u304a\u3051\u308b\u9069\u5fdc\u7684\u8ee2\u9001\u9818\u57df\u5236\u5fa1", "grant_category": "\u82e5\u624b\u7814\u7a76(B)", "fields": ["\u7dcf\u5408\u7cfb", "\u60c5\u5831\u5b66", "\u8a08\u7b97\u57fa\u76e4", "\u60c5\u5831\u30cd\u30c3\u30c8\u30ef\u30fc\u30af"], "keywords": ["\u8ee2\u9001\u5236\u5fa1", "\u30cd\u30c3\u30c8\u30ef\u30fc\u30af", "\u8ee2\u9001\u9818\u57df\u5236\u5fa1", "\u30a2\u30c9\u30db\u30c3\u30af\u30cd\u30c3\u30c8\u30ef\u30fc\u30af", "Opportunistic Routing"], "budget": 3640000, "principal_investigator": {"affiliation": "\u65e9\u7a32\u7530\u5927\u5b66", "name": "\u5c71\u5d0e \u8a17", "researcher_id": "40775243"}}