{"url": "https://kaken.nii.ac.jp/ja/grant/KAKENHI-PROJECT-17K12707", "kaken_id": "17K12707", "project_name": "\u79fb\u52d5\u306b\u968f\u4f34\u3059\u308b\u6ce8\u610f\u306e\u795e\u7d4c\u30e1\u30ab\u30cb\u30ba\u30e0", "grant_category": "\u82e5\u624b\u7814\u7a76(B)", "fields": ["\u7dcf\u5408\u7cfb", "\u60c5\u5831\u5b66", "\u4eba\u9593\u60c5\u5831\u5b66", "\u8a8d\u77e5\u79d1\u5b66"], "keywords": ["\u6ce8\u610f", "fMRI", "\u8133"], "budget": 3900000, "principal_investigator": {"affiliation": "\u56fd\u7acb\u7814\u7a76\u958b\u767a\u6cd5\u4eba\u7523\u696d\u6280\u8853\u7dcf\u5408\u7814\u7a76\u6240", "name": "\u7fbd\u9ce5 \u5eb7\u88d5", "researcher_id": "30750955"}}