{"url": "https://kaken.nii.ac.jp/ja/grant/KAKENHI-PROJECT-17K12663", "kaken_id": "17K12663", "project_name": "\u591a\u6b21\u5143\u30a6\u30a7\u30fc\u30d6\u30ec\u30c3\u30c8\u89e3\u6790\u306b\u3088\u308b\u30bd\u30d5\u30c8\u30a6\u30a7\u30a2\u4fe1\u983c\u6027\u533a\u9593\u8a55\u4fa1\u65b9\u6cd5", "grant_category": "\u82e5\u624b\u7814\u7a76(B)", "fields": ["\u7dcf\u5408\u7cfb", "\u60c5\u5831\u5b66", "\u8a08\u7b97\u57fa\u76e4", "\u30bd\u30d5\u30c8\u30a6\u30a7\u30a2"], "keywords": ["\u30bd\u30d5\u30c8\u30a6\u30a7\u30a2", "\u4fe1\u983c\u6027", "\u30d6\u30fc\u30c8\u30b9\u30c8\u30e9\u30c3\u30d7", "\u30a6\u30a7\u30fc\u30d6\u30ec\u30c3\u30c8", "\u533a\u9593\u63a8\u5b9a"], "budget": 4160000, "principal_investigator": {"affiliation": "\u9996\u90fd\u5927\u5b66\u6771\u4eac", "name": "\u8096 \u9704", "researcher_id": "30707477"}}