{"url": "https://kaken.nii.ac.jp/ja/grant/KAKENHI-PROJECT-17K17909", "kaken_id": "17K17909", "project_name": "\u30e2\u30ce\u306b\u5bbf\u3063\u305f\u81ea\u5df1\u304c\u5f62\u6210\u3059\u308b\u5fc3\u7406\u7a7a\u9593\u306e\u89e3\u660e", "grant_category": "\u82e5\u624b\u7814\u7a76(B)", "fields": ["\u4eba\u6587\u793e\u4f1a\u7cfb", "\u793e\u4f1a\u79d1\u5b66", "\u5fc3\u7406\u5b66", "\u5b9f\u9a13\u5fc3\u7406\u5b66", "\u7dcf\u5408\u7cfb", "\u60c5\u5831\u5b66", "\u4eba\u9593\u60c5\u5831\u5b66", "\u8a8d\u77e5\u79d1\u5b66"], "keywords": ["\u5b9f\u9a13\u7cfb\u5fc3\u7406\u5b66"], "budget": 4160000, "principal_investigator": {"affiliation": "\u5e83\u5cf6\u5927\u5b66", "name": "\u6709\u8cc0 \u6566\u7d00", "researcher_id": "20609565"}}