{"url": "https://kaken.nii.ac.jp/ja/grant/KAKENHI-PROJECT-17K12740", "kaken_id": "17K12740", "project_name": "\u773c\u5e95\u753b\u50cf\u53ca\u3073\u773c\u5e95\u52d5\u753b\u89e3\u6790\u306b\u3088\u308b\u8133\u5185\u8840\u7ba1\u306e\u52d5\u8108\u786c\u5316\u4e88\u6e2c\u306b\u95a2\u3059\u308b\u7814\u7a76", "grant_category": "\u82e5\u624b\u7814\u7a76(B)", "fields": ["\u7dcf\u5408\u7cfb", "\u60c5\u5831\u5b66", "\u4eba\u9593\u60c5\u5831\u5b66", "\u77e5\u80fd\u60c5\u5831\u5b66"], "keywords": ["\u773c\u5e95\u753b\u50cf", "\u8108\u6ce2\u89e3\u6790", "\u8840\u7ba1\u62bd\u51fa", "OCT"], "budget": 4420000, "principal_investigator": {"affiliation": "\u9e7f\u5150\u5cf6\u5de5\u696d\u9ad8\u7b49\u5c02\u9580\u5b66\u6821", "name": "\u53e4\u5ddd \u7fd4\u5927", "researcher_id": "50794989"}}