{"url": "https://kaken.nii.ac.jp/ja/grant/KAKENHI-PROJECT-17K18243", "kaken_id": "17K18243", "project_name": "\u9854\u9762\u795e\u7d4c\u9854\u306e\u4e09\u6b21\u5143\u30e2\u30c7\u30eb\u30b7\u30df\u30e5\u30ec\u30fc\u30b7\u30e7\u30f3\u3068\u9ebb\u75fa\u7a0b\u5ea6\u306e\u5b9a\u91cf\u8a55\u4fa1", "grant_category": "\u82e5\u624b\u7814\u7a76(B)", "fields": ["\u7dcf\u5408\u7cfb", "\u60c5\u5831\u5b66", "\u4eba\u9593\u60c5\u5831\u5b66", "\u77e5\u80fd\u60c5\u5831\u5b66", "\u7dcf\u5408\u7cfb", "\u60c5\u5831\u5b66", "\u4eba\u9593\u60c5\u5831\u5b66", "\u77e5\u899a\u60c5\u5831\u51e6\u7406"], "keywords": ["\u8a3a\u65ad\u652f\u63f4", "\u4e09\u6b21\u5143\u30b7\u30df\u30e5\u30ec\u30fc\u30b7\u30e7\u30f3", "\u6a5f\u68b0\u5b66\u7fd2", "Deep Learning", "\u9854\u9762\u795e\u7d4c\u9ebb\u75fa"], "budget": 4160000, "principal_investigator": {"affiliation": "\u7acb\u547d\u9928\u5927\u5b66", "name": "\u702c\u5c3e \u660c\u5b5d", "researcher_id": "60725943"}}