{"url": "https://kaken.nii.ac.jp/ja/grant/KAKENHI-PROJECT-17K12766", "kaken_id": "17K12766", "project_name": "\u5b66\u7fd2\u8005\u306b\u719f\u8003\u3092\u4fc3\u3059\u5b66\u7fd2\u652f\u63f4\u30ed\u30dc\u30c3\u30c8\u306e\u958b\u767a", "grant_category": "\u82e5\u624b\u7814\u7a76(B)", "fields": ["\u7dcf\u5408\u7cfb", "\u60c5\u5831\u5b66", "\u4eba\u9593\u60c5\u5831\u5b66", "\u611f\u6027\u60c5\u5831\u5b66"], "keywords": ["\u5b66\u7fd2\u652f\u63f4", "\u8a8d\u77e5\u7684\u5f92\u5f1f\u5236", "\u5fc3\u7406\u72b6\u614b\u8a8d\u8b58\u30b7\u30b9\u30c6\u30e0", "\u30ed\u30dc\u30c3\u30c8"], "budget": 4030000, "principal_investigator": {"affiliation": "\u540d\u53e4\u5c4b\u5927\u5b66", "name": "\u30b8\u30e1\u30cd\u30b9 \u30d5\u30a7\u30ea\u30c3\u30af\u30b9", "researcher_id": "60781507"}}