{"url": "https://kaken.nii.ac.jp/ja/grant/KAKENHI-PROJECT-17K12664", "kaken_id": "17K12664", "project_name": "\u30b9\u30c6\u30fc\u30af\u30db\u30eb\u30c0\u30fc\u30cd\u30c3\u30c8\u30ef\u30fc\u30af\u306b\u3088\u308b\u5408\u610f\u5f62\u6210\u652f\u63f4\u624b\u6cd5\u3068\u30c4\u30fc\u30eb\u306e\u958b\u767a", "grant_category": "\u82e5\u624b\u7814\u7a76(B)", "fields": ["\u7dcf\u5408\u7cfb", "\u60c5\u5831\u5b66", "\u8a08\u7b97\u57fa\u76e4", "\u30bd\u30d5\u30c8\u30a6\u30a7\u30a2"], "keywords": ["\u30bd\u30d5\u30c8\u30a6\u30a8\u30a2\u5b66"], "budget": 3640000, "principal_investigator": {"affiliation": "\u65e5\u672c\u5927\u5b66", "name": "\u677e\u91ce \u88d5", "researcher_id": "70534220"}}