{"url": "https://kaken.nii.ac.jp/ja/grant/KAKENHI-PROJECT-17K12648", "kaken_id": "17K12648", "project_name": "\u4e88\u6e2c\u53ef\u80fd\u306a\u30af\u30e9\u30b9\u30bf\u30fc\u69cb\u9020\u306e\u63a8\u5b9a\u65b9\u6cd5\u306e\u958b\u767a\u3068\u81e8\u5e8a\u533b\u5b66\u3078\u306e\u5fdc\u7528", "grant_category": "\u82e5\u624b\u7814\u7a76(B)", "fields": ["\u7dcf\u5408\u7cfb", "\u60c5\u5831\u5b66", "\u60c5\u5831\u5b66\u57fa\u790e", "\u7d71\u8a08\u79d1\u5b66"], "keywords": ["\u7b26\u53f7\u5316", "\u7d71\u8a08\u79d1\u5b66", "\u591a\u5909\u91cf\u89e3\u6790", "\u30af\u30e9\u30b9\u30bf\u30ea\u30f3\u30b0"], "budget": 4030000, "principal_investigator": {"affiliation": "\u4eac\u90fd\u5927\u5b66", "name": "\u5c71\u672c \u502b\u751f", "researcher_id": "50721396"}}