{"url": "https://kaken.nii.ac.jp/ja/grant/KAKENHI-PROJECT-17K12700", "kaken_id": "17K12700", "project_name": "\u30e1\u30bf\u8a8d\u77e5\u3068\u885d\u52d5\u6027\u306e\u6bd4\u8f03\u8a8d\u77e5\u79d1\u5b66\uff1a\u30e1\u30bf\u8a8d\u77e5\u7814\u7a76\u306e\u65b0\u305f\u306a\u67a0\u7d44\u307f\u306e\u63d0\u6848", "grant_category": "\u82e5\u624b\u7814\u7a76(B)", "fields": ["\u7dcf\u5408\u7cfb", "\u60c5\u5831\u5b66", "\u4eba\u9593\u60c5\u5831\u5b66", "\u8a8d\u77e5\u79d1\u5b66"], "keywords": ["\u885d\u52d5\u6027", "\u6bd4\u8f03\u8a8d\u77e5\u5fc3\u7406\u5b66", "\u30e1\u30bf\u8a8d\u77e5"], "budget": 4160000, "principal_investigator": {"affiliation": "\u5343\u8449\u5927\u5b66", "name": "\u6e21\u8fba \u5b89\u91cc\u4f9d", "researcher_id": "90738949"}}