{"url": "https://kaken.nii.ac.jp/ja/grant/KAKENHI-PROJECT-17K12706", "kaken_id": "17K12706", "project_name": "\u81ea\u9589\u75c7\u8005\u306b\u304a\u3051\u308b\u7bb8\u64cd\u4f5c\u3068\u305d\u308c\u306b\u4f34\u3046\u8eab\u4f53\u56f3\u5f0f\u306e\u5909\u8abf\u904e\u7a0b\u306b\u95a2\u3059\u308b\u904b\u52d5\u5b66\u7684\u691c\u8a0e", "grant_category": "\u82e5\u624b\u7814\u7a76(B)", "fields": ["\u7dcf\u5408\u7cfb", "\u60c5\u5831\u5b66", "\u4eba\u9593\u60c5\u5831\u5b66", "\u8a8d\u77e5\u79d1\u5b66"], "keywords": ["\u8eab\u4f53\u56f3\u5f0f", "\u81ea\u9589\u30b9\u30da\u30af\u30c8\u30e9\u30e0\u75c7", "\u9053\u5177\u4f7f\u7528", "\u8a8d\u77e5\u79d1\u5b66", "\u4e09\u6b21\u5143\u52d5\u4f5c\u89e3\u6790"], "budget": 4030000, "principal_investigator": {"affiliation": "\u9996\u90fd\u5927\u5b66\u6771\u4eac", "name": "\u798f\u4e95 \u9686\u96c4", "researcher_id": "80447036"}}