{"url": "https://kaken.nii.ac.jp/ja/grant/KAKENHI-PROJECT-17K12669", "kaken_id": "17K12669", "project_name": "Edge computing network systems for emergency management and disaster recovery", "grant_category": "\u82e5\u624b\u7814\u7a76(B)", "fields": ["\u7dcf\u5408\u7cfb", "\u60c5\u5831\u5b66", "\u8a08\u7b97\u57fa\u76e4", "\u60c5\u5831\u30cd\u30c3\u30c8\u30ef\u30fc\u30af"], "keywords": ["\u30a8\u30c3\u30b8\u30b3\u30f3\u30d4\u30e5\u30fc\u30c6\u30a3\u30f3\u30b0", "\u8010\u707d\u5bb3"], "budget": 4160000, "principal_investigator": {"affiliation": "\u5ba4\u862d\u5de5\u696d\u5927\u5b66", "name": "\u674e \u9db4", "researcher_id": "40759891"}}