{"url": "https://kaken.nii.ac.jp/ja/grant/KAKENHI-PROJECT-17K17963", "kaken_id": "17K17963", "project_name": "\u5730\u57df\u6620\u50cf\u3068\u30f4\u30a1\u30ca\u30ad\u30e5\u30e9\u30fc\u6587\u5316", "grant_category": "\u82e5\u624b\u7814\u7a76(B)", "fields": ["\u4eba\u6587\u793e\u4f1a\u7cfb", "\u4eba\u6587\u5b66", "\u82b8\u8853\u5b66", "\u82b8\u8853\u4e00\u822c", "\u7dcf\u5408\u7cfb", "\u60c5\u5831\u5b66", "\u60c5\u5831\u5b66\u30d5\u30ed\u30f3\u30c6\u30a3\u30a2", "\u56f3\u66f8\u9928\u60c5\u5831\u5b66\u30fb\u4eba\u6587\u793e\u4f1a\u60c5\u5831\u5b66"], "keywords": ["\u6620\u753b", "\u30f4\u30a1\u30ca\u30ad\u30e5\u30e9\u30fc", "\u30a2\u30fc\u30ab\u30a4\u30d6", "\u30e1\u30c7\u30a3\u30a2", "\u5730\u57df"], "budget": 4290000, "principal_investigator": {"affiliation": "\u9e7f\u5150\u5cf6\u5927\u5b66", "name": "\u4e2d\u8def \u6b66\u58eb", "researcher_id": "50736254"}}