{"url": "https://kaken.nii.ac.jp/ja/grant/KAKENHI-PROJECT-17K12784", "kaken_id": "17K12784", "project_name": "A Novel Interactive Information Retrieval System Using Deep Neural Network", "grant_category": "\u82e5\u624b\u7814\u7a76(B)", "fields": ["\u7dcf\u5408\u7cfb", "\u60c5\u5831\u5b66", "\u60c5\u5831\u5b66\u30d5\u30ed\u30f3\u30c6\u30a3\u30a2", "\u30a6\u30a7\u30d6\u60c5\u5831\u5b66\u30fb\u30b5\u30fc\u30d3\u30b9\u60c5\u5831\u5b66"], "keywords": ["\u6a5f\u68b0\u5b66\u7fd2", "\u30a6\u30a7\u30d6\u30b7\u30b9\u30c6\u30e0"], "budget": 3900000, "principal_investigator": {"affiliation": "\u7b51\u6ce2\u5927\u5b66", "name": "\u4e8e \u6d77\u6d9b", "researcher_id": "30751052"}}