{"url": "https://kaken.nii.ac.jp/ja/grant/KAKENHI-PROJECT-17K12795", "kaken_id": "17K12795", "project_name": "\u30b3\u30f3\u30c6\u30f3\u30c4\u306b\u3088\u308b\u691c\u7d22\u53ef\u80fd\u306a\u30c7\u30a3\u30b8\u30bf\u30eb\u53e4\u697d\u8b5c\u30e9\u30a4\u30d6\u30e9\u30ea\u69cb\u7bc9", "grant_category": "\u82e5\u624b\u7814\u7a76(B)", "fields": ["\u7dcf\u5408\u7cfb", "\u60c5\u5831\u5b66", "\u60c5\u5831\u5b66\u30d5\u30ed\u30f3\u30c6\u30a3\u30a2", "\u56f3\u66f8\u9928\u60c5\u5831\u5b66\u30fb\u4eba\u6587\u793e\u4f1a\u60c5\u5831\u5b66"], "keywords": ["\u753b\u50cf"], "budget": 2340000, "principal_investigator": {"affiliation": "\u7acb\u547d\u9928\u5927\u5b66", "name": "\u65b0\u59bb \u96c5\u5f18", "researcher_id": "50733135"}}