{"url": "https://kaken.nii.ac.jp/ja/grant/KAKENHI-PROJECT-17K12643", "kaken_id": "17K12643", "project_name": "\u534a\u6574\u6570\u7de9\u548c\u3068FPT\u30a2\u30eb\u30b4\u30ea\u30ba\u30e0\u3078\u306e\u5fdc\u7528\u306b\u95a2\u3059\u308b\u7814\u7a76", "grant_category": "\u82e5\u624b\u7814\u7a76(B)", "fields": ["\u7dcf\u5408\u7cfb", "\u60c5\u5831\u5b66", "\u60c5\u5831\u5b66\u57fa\u790e", "\u60c5\u5831\u5b66\u57fa\u790e\u7406\u8ad6"], "keywords": ["\u534a\u6574\u6570\u7de9\u548c", "\u96e2\u6563\u6700\u9069\u5316", "\u30d1\u30e9\u30e1\u30fc\u30bf\u5316\u8a08\u7b97\u91cf", "\u30a2\u30eb\u30b4\u30ea\u30ba\u30e0", "\u30d1\u30b9\u8a70\u3081\u8fbc\u307f"], "budget": 2860000, "principal_investigator": {"affiliation": "\u56fd\u7acb\u60c5\u5831\u5b66\u7814\u7a76\u6240", "name": "\u5ca9\u7530 \u967d\u4e00", "researcher_id": "10784902"}}