{"url": "https://kaken.nii.ac.jp/ja/grant/KAKENHI-PROJECT-17K12696", "kaken_id": "17K12696", "project_name": "\u4eba\u5de5\u77e5\u80fd\u5229\u7528\u306b\u4f34\u3046\u30d7\u30e9\u30a4\u30d0\u30b7\u30ea\u30b9\u30af\u306e\u8a55\u4fa1\u624b\u6cd5\u306e\u958b\u767a", "grant_category": "\u82e5\u624b\u7814\u7a76(B)", "fields": ["\u7dcf\u5408\u7cfb", "\u60c5\u5831\u5b66", "\u8a08\u7b97\u57fa\u76e4", "\u60c5\u5831\u30bb\u30ad\u30e5\u30ea\u30c6\u30a3"], "keywords": ["\u30d7\u30e9\u30a4\u30d0\u30b7\u30fc\u4fdd\u8b77", "\u60c5\u5831\u30bb\u30ad\u30e5\u30ea\u30c6\u30a3"], "budget": 4030000, "principal_investigator": {"affiliation": "\u56fd\u7acb\u7814\u7a76\u958b\u767a\u6cd5\u4eba\u60c5\u5831\u901a\u4fe1\u7814\u7a76\u6a5f\u69cb", "name": "\u8352\u4e95 \u3072\u308d\u307f", "researcher_id": "20631782"}}