{"url": "https://kaken.nii.ac.jp/ja/grant/KAKENHI-PROJECT-17K12687", "kaken_id": "17K12687", "project_name": "\u6620\u50cf\u30b7\u30fc\u30f3\u691c\u7d22\u3092\u76ee\u7684\u3068\u3057\u305f\u30b3\u30fc\u30d1\u30b9\u306e\u81ea\u52d5\u69cb\u7bc9\u3068\u6642\u7cfb\u5217\u30a2\u30ce\u30c6\u30fc\u30b7\u30e7\u30f3\u6cd5\u306e\u958b\u767a", "grant_category": "\u82e5\u624b\u7814\u7a76(B)", "fields": ["\u7dcf\u5408\u7cfb", "\u60c5\u5831\u5b66", "\u8a08\u7b97\u57fa\u76e4", "\u30de\u30eb\u30c1\u30e1\u30c7\u30a3\u30a2\u30fb\u30c7\u30fc\u30bf\u30d9\u30fc\u30b9"], "keywords": ["\u6620\u50cf\u8a8d\u8b58", "\u6620\u50cf\u691c\u7d22"], "budget": 4030000, "principal_investigator": {"affiliation": "\u95a2\u897f\u5927\u5b66", "name": "\u5409\u7530 \u58ee", "researcher_id": "70780584"}}