{"url": "https://kaken.nii.ac.jp/ja/grant/KAKENHI-PROJECT-17K12697", "kaken_id": "17K12697", "project_name": "\u9375\u6f0f\u6d29\u306b\u8010\u6027\u306e\u3042\u308bID\u30d9\u30fc\u30b9\u6697\u53f7\u306e\u9ad8\u5b89\u5168\u304b\u3064\u9ad8\u52b9\u7387\u306a\u5b9f\u73fe", "grant_category": "\u82e5\u624b\u7814\u7a76(B)", "fields": ["\u7dcf\u5408\u7cfb", "\u60c5\u5831\u5b66", "\u8a08\u7b97\u57fa\u76e4", "\u60c5\u5831\u30bb\u30ad\u30e5\u30ea\u30c6\u30a3"], "keywords": ["\u6697\u53f7\u30fb\u8a8d\u8a3c\u7b49"], "budget": 3900000, "principal_investigator": {"affiliation": "\u96fb\u6c17\u901a\u4fe1\u5927\u5b66", "name": "\u6e21\u9089 \u6d0b\u5e73", "researcher_id": "40792263"}}