{"url": "https://kaken.nii.ac.jp/ja/grant/KAKENHI-PROJECT-17K17889", "kaken_id": "17K17889", "project_name": "\u30e9\u30a4\u30c8\u30d5\u30a3\u30fc\u30eb\u30c9\u30ab\u30e1\u30e9\u306b\u304a\u3051\u308bGPU\u3092\u7528\u3044\u305f\u9ad8\u901f\u5965\u884c\u304d\u63a8\u5b9a\u30a2\u30eb\u30b4\u30ea\u30ba\u30e0\u306e\u69cb\u7bc9", "grant_category": "\u82e5\u624b\u7814\u7a76(B)", "fields": ["\u7406\u5de5\u7cfb", "\u5de5\u5b66", "\u96fb\u6c17\u96fb\u5b50\u5de5\u5b66", "\u901a\u4fe1\u30fb\u30cd\u30c3\u30c8\u30ef\u30fc\u30af\u5de5\u5b66", "\u7dcf\u5408\u7cfb", "\u60c5\u5831\u5b66", "\u4eba\u9593\u60c5\u5831\u5b66", "\u77e5\u899a\u60c5\u5831\u51e6\u7406"], "keywords": ["\u30e9\u30a4\u30c8\u30d5\u30a3\u30fc\u30eb\u30c9", "\u9ad8\u901f\u5316", "\u5965\u884c\u304d\u63a8\u5b9a", "GPU"], "budget": 3510000, "principal_investigator": {"affiliation": "\u9ce5\u53d6\u5927\u5b66", "name": "\u4e09\u67f4 \u6570", "researcher_id": "40609038"}}