{"url": "https://kaken.nii.ac.jp/ja/grant/KAKENHI-PROJECT-17K18424", "kaken_id": "17K18424", "project_name": "\u4e8c\u7a2e\u985e\u306e\u611f\u52d5\u306b\u3088\u3063\u3066\u751f\u3058\u308b\u8133\u6d3b\u52d5\u306e\u89e3\u660e", "grant_category": "\u82e5\u624b\u7814\u7a76(B)", "fields": ["\u7dcf\u5408\u7cfb", "\u60c5\u5831\u5b66", "\u4eba\u9593\u60c5\u5831\u5b66", "\u8a8d\u77e5\u79d1\u5b66", "\u4eba\u6587\u793e\u4f1a\u7cfb", "\u793e\u4f1a\u79d1\u5b66", "\u5fc3\u7406\u5b66", "\u5b9f\u9a13\u5fc3\u7406\u5b66"], "keywords": ["\u611f\u52d5", "\u60c5\u52d5", "\u97f3\u697d\u60c5\u5831\u51e6\u7406", "\u751f\u7406", "\u8133\u8a8d\u77e5\u79d1\u5b66"], "budget": 4160000, "principal_investigator": {"affiliation": "\u56fd\u7acb\u7814\u7a76\u958b\u767a\u6cd5\u4eba\u60c5\u5831\u901a\u4fe1\u7814\u7a76\u6a5f\u69cb", "name": "\u68ee \u6570\u99ac", "researcher_id": "70754696"}}