{"url": "https://kaken.nii.ac.jp/ja/grant/KAKENHI-PROJECT-17K12761", "kaken_id": "17K12761", "project_name": "\u4eba\u9593\u52d5\u4f5c\u306e\u30ed\u30ae\u30f3\u30b0\u306b\u57fa\u3065\u304f\u65e5\u7528\u54c1\u306e\u64cd\u4f5c\u65b9\u6cd5\u7372\u5f97\u306b\u95a2\u3059\u308b\u7814\u7a76", "grant_category": "\u82e5\u624b\u7814\u7a76(B)", "fields": ["\u7dcf\u5408\u7cfb", "\u60c5\u5831\u5b66", "\u4eba\u9593\u60c5\u5831\u5b66", "\u77e5\u80fd\u30ed\u30dc\u30c6\u30a3\u30af\u30b9"], "keywords": ["\u753b\u50cf", "\u77e5\u80fd\u30ed\u30dc\u30c6\u30a3\u30c3\u30af\u30b9"], "budget": 4030000, "principal_investigator": {"affiliation": "\u6176\u61c9\u7fa9\u587e\u5927\u5b66", "name": "\u79cb\u6708 \u79c0\u4e00", "researcher_id": "40796182"}}