{"url": "https://kaken.nii.ac.jp/ja/grant/KAKENHI-PROJECT-17K17630", "kaken_id": "17K17630", "project_name": "\u9ad8\u901f\u306a\u591a\u500d\u9577\u7b97\u8853\u6f14\u7b97\u30cf\u30fc\u30c9\u30a6\u30a7\u30a2\u30a2\u30eb\u30b4\u30ea\u30ba\u30e0\u306e\u958b\u767a", "grant_category": "\u82e5\u624b\u7814\u7a76(B)", "fields": ["\u7dcf\u5408\u7cfb", "\u60c5\u5831\u5b66", "\u8a08\u7b97\u57fa\u76e4", "\u8a08\u7b97\u6a5f\u30b7\u30b9\u30c6\u30e0", "\u7dcf\u5408\u7cfb", "\u60c5\u5831\u5b66", "\u8a08\u7b97\u57fa\u76e4", "\u9ad8\u6027\u80fd\u8a08\u7b97"], "keywords": ["\u8a08\u7b97\u6a5f\u30b7\u30b9\u30c6\u30e0"], "budget": 3510000, "principal_investigator": {"affiliation": "\u7fa4\u99ac\u5927\u5b66", "name": "\u7530\u4e2d \u52c7\u6a39", "researcher_id": "90447269"}}