{"url": "https://kaken.nii.ac.jp/ja/grant/KAKENHI-PROJECT-17K12776", "kaken_id": "17K12776", "project_name": "DNA\u30e1\u30c1\u30eb\u5316\u60c5\u5831\u306b\u57fa\u3065\u304f\u7d30\u80de\u306e\u8a73\u7d30\u306a\u5206\u985e\u3068\u8a55\u4fa1\u624b\u6cd5\u306e\u958b\u767a", "grant_category": "\u82e5\u624b\u7814\u7a76(B)", "fields": ["\u7dcf\u5408\u7cfb", "\u60c5\u5831\u5b66", "\u60c5\u5831\u5b66\u30d5\u30ed\u30f3\u30c6\u30a3\u30a2", "\u751f\u547d\u30fb\u5065\u5eb7\u30fb\u533b\u7642\u60c5\u5831\u5b66"], "keywords": ["\u518d\u751f\u533b\u7642", "DNA\u30e1\u30c1\u30eb\u5316", "\u6a5f\u68b0\u5b66\u7fd2", "\u5358\u4e00\u7d30\u80de", "\u7d30\u80de\u5206\u985e"], "budget": 1300000, "principal_investigator": {"affiliation": "\u4eac\u90fd\u5927\u5b66", "name": "\u68ee \u667a\u5f25", "researcher_id": "50795333"}}