{"url": "https://kaken.nii.ac.jp/ja/grant/KAKENHI-PROJECT-17K18069", "kaken_id": "17K18069", "project_name": "\u8996\u8074\u899a\u60c5\u5831\u306e\u7d71\u5408\u904e\u7a0b\u306b\u304a\u3044\u3066\u611f\u60c5\u30b7\u30b9\u30c6\u30e0\u304c\u679c\u305f\u3059\u5f79\u5272\u306e\u5b9f\u9a13\u7684\u691c\u8a0e", "grant_category": "\u82e5\u624b\u7814\u7a76(B)", "fields": ["\u4eba\u6587\u793e\u4f1a\u7cfb", "\u793e\u4f1a\u79d1\u5b66", "\u5fc3\u7406\u5b66", "\u5b9f\u9a13\u5fc3\u7406\u5b66", "\u7dcf\u5408\u7cfb", "\u60c5\u5831\u5b66", "\u4eba\u9593\u60c5\u5831\u5b66", "\u8a8d\u77e5\u79d1\u5b66"], "keywords": ["\u6ce8\u610f", "\u611f\u60c5", "\u591a\u611f\u899a\u7d71\u5408", "\u8996\u8074\u899a\u76f8\u4e92\u4f5c\u7528"], "budget": 4290000, "principal_investigator": {"affiliation": "\u540c\u5fd7\u793e\u5927\u5b66", "name": "\u7af9\u5cf6 \u5eb7\u535a", "researcher_id": "50755387"}}