{"url": "https://kaken.nii.ac.jp/ja/grant/KAKENHI-PROJECT-17K12809", "kaken_id": "17K12809", "project_name": "\u8a8d\u77e5\u7684\u6e80\u8db3\u5316\u306b\u57fa\u3065\u304f\u63a2\u7d22\u6280\u6cd5\u306e\u958b\u767a", "grant_category": "\u82e5\u624b\u7814\u7a76(B)", "fields": ["\u7dcf\u5408\u7cfb", "\u60c5\u5831\u5b66", "\u60c5\u5831\u5b66\u30d5\u30ed\u30f3\u30c6\u30a3\u30a2", "\u30a8\u30f3\u30bf\u30c6\u30a4\u30f3\u30e1\u30f3\u30c8\u30fb\u30b2\u30fc\u30e0\u60c5\u5831\u5b66"], "keywords": ["\u6e80\u8db3\u5316", "\u30d0\u30f3\u30c7\u30a3\u30c3\u30c8\u554f\u984c", "\u30e2\u30f3\u30c6\u30ab\u30eb\u30ed\u6728\u63a2\u7d22", "\u8a8d\u77e5\u79d1\u5b66", "\u4eba\u5de5\u77e5\u80fd"], "budget": 2730000, "principal_investigator": {"affiliation": "\u95a2\u897f\u5b66\u9662\u5927\u5b66", "name": "\u5927\u7528 \u5eab\u667a", "researcher_id": "60755685"}}