{"url": "https://kaken.nii.ac.jp/ja/grant/KAKENHI-PROJECT-17K12802", "kaken_id": "17K12802", "project_name": "\u8a8d\u77e5\u79d1\u5b66\u3092\u53d6\u308a\u5165\u308c\u305f\u30d7\u30ed\u30b0\u30e9\u30df\u30f3\u30b0\u591a\u91cd\u30eb\u30fc\u30d7\u7406\u89e3\u306e\u82e6\u624b\u514b\u670d\u306e\u305f\u3081\u306e\u5b66\u7fd2\u652f\u63f4", "grant_category": "\u82e5\u624b\u7814\u7a76(B)", "fields": ["\u7dcf\u5408\u7cfb", "\u60c5\u5831\u5b66", "\u60c5\u5831\u5b66\u30d5\u30ed\u30f3\u30c6\u30a3\u30a2", "\u5b66\u7fd2\u652f\u63f4\u30b7\u30b9\u30c6\u30e0"], "keywords": ["\u60c5\u5831\u57fa\u790e", "\u6559\u80b2\u5de5\u5b66", "\u8a8d\u77e5\u79d1\u5b66", "\u5b9f\u9a13\u7cfb\u5fc3\u7406\u5b66", "\u30d7\u30ed\u30b0\u30e9\u30df\u30f3\u30b0"], "budget": 3900000, "principal_investigator": {"affiliation": "\u4fe1\u5dde\u5927\u5b66", "name": "\u85e4\u5ddd \u771f\u7f8e\u4e43", "researcher_id": "70647106"}}