{"url": "https://kaken.nii.ac.jp/ja/grant/KAKENHI-PROJECT-17K12639", "kaken_id": "17K12639", "project_name": "\u30b0\u30e9\u30d5\u30fb\u30de\u30c8\u30ed\u30a4\u30c9\u5206\u89e3\u7406\u8ad6\u306b\u3088\u308b\u53e4\u5178\u30fb\u91cf\u5b50\u30a2\u30eb\u30b4\u30ea\u30ba\u30e0\u306e\u7d71\u4e00\u7684\u958b\u767a\u624b\u6cd5\u306e\u69cb\u7bc9", "grant_category": "\u82e5\u624b\u7814\u7a76(B)", "fields": ["\u7dcf\u5408\u7cfb", "\u60c5\u5831\u5b66", "\u60c5\u5831\u5b66\u57fa\u790e", "\u60c5\u5831\u5b66\u57fa\u790e\u7406\u8ad6"], "keywords": ["\u30de\u30c8\u30ed\u30a4\u30c9\u7406\u8ad6", "\u30b0\u30e9\u30d5\u7406\u8ad6", "\u30a2\u30eb\u30b4\u30ea\u30ba\u30e0", "\u91cf\u5b50\u30b3\u30f3\u30d4\u30e5\u30fc\u30bf"], "budget": 2340000, "principal_investigator": {"affiliation": "\u6771\u4eac\u5927\u5b66", "name": "\u5e73\u77f3 \u79c0\u53f2", "researcher_id": "70795335"}}