{"url": "https://kaken.nii.ac.jp/ja/grant/KAKENHI-PROJECT-17K12798", "kaken_id": "17K12798", "project_name": "\u5730\u57df\u30bb\u30f3\u30b5\u30fc\u30c7\u30fc\u30bf\u306e\u96c6\u7a4d\u30fb\u7de8\u7e82\u624b\u6cd5\u306b\u95a2\u3059\u308b\u7814\u7a76", "grant_category": "\u82e5\u624b\u7814\u7a76(B)", "fields": ["\u7dcf\u5408\u7cfb", "\u60c5\u5831\u5b66", "\u60c5\u5831\u5b66\u30d5\u30ed\u30f3\u30c6\u30a3\u30a2", "\u56f3\u66f8\u9928\u60c5\u5831\u5b66\u30fb\u4eba\u6587\u793e\u4f1a\u60c5\u5831\u5b66"], "keywords": ["\u30bb\u30f3\u30b5\u30fc\u30c7\u30fc\u30bf", "\u5730\u57df\u60c5\u5831\u5316", "\u30d1\u30fc\u30bd\u30ca\u30eb\u30d5\u30a1\u30d6\u30ea\u30b1\u30fc\u30b7\u30e7\u30f3", "\u30d5\u30a3\u30fc\u30eb\u30c9\u30ef\u30fc\u30af"], "budget": 3640000, "principal_investigator": {"affiliation": "\u9752\u5c71\u5b66\u9662\u5927\u5b66", "name": "\u69cc\u5c4b \u6d0b\u4eae", "researcher_id": "80744424"}}