{"url": "https://kaken.nii.ac.jp/ja/grant/KAKENHI-PROJECT-17K17796", "kaken_id": "17K17796", "project_name": "\u91cf\u5b50\u8ad6\u306e\u6642\u9593\u7684\u76f8\u95a2\u95a2\u4fc2\u306e\u7814\u7a76", "grant_category": "\u82e5\u624b\u7814\u7a76(B)", "fields": ["\u7406\u5de5\u7cfb", "\u6570\u7269\u7cfb\u79d1\u5b66", "\u6570\u5b66", "\u6570\u5b66\u57fa\u790e\u30fb\u5fdc\u7528\u6570\u5b66", "\u7dcf\u5408\u7cfb", "\u60c5\u5831\u5b66", "\u60c5\u5831\u5b66\u57fa\u790e", "\u60c5\u5831\u5b66\u57fa\u790e\u7406\u8ad6"], "keywords": ["quantum information", "quantum entanglement", "statistical comparison", "nonlocal games"], "budget": 2860000, "principal_investigator": {"affiliation": "\u540d\u53e4\u5c4b\u5927\u5b66", "name": "Buscemi F.", "researcher_id": "80570548"}}